avg_hhi,avg_lambda,best_individual_idx,best_individual_linex,best_individual_mse,best_individual_objective,diag_aux,diag_main,horizon,linex,loss_section,mae,method,mse,n_obs,objective_value,seed
0.056680108671614306,5.068248443516829,11.0,0.6584003883623362,1.1027005304680981,0.6584003883623362,nan,nan,1.0,0.6926925947602505,linex,0.6773058214526168,MWUMBothKL,0.9881134867824956,1004.0,0.6926925947602505,4.0
0.0565342249019133,5.2558929389544025,11.0,0.6584003883623362,1.1027005304680981,0.6584003883623362,nan,nan,1.0,0.6770993891599005,linex,0.6803589768117717,MWUMConcOnlyKL,0.9968942059616935,1004.0,0.6770993891599005,4.0
0.0595253544538143,nan,11.0,0.6584003883623362,1.1027005304680981,0.6584003883623362,nan,nan,1.0,0.6906627668187496,linex,0.673126413077493,MWUMVanilla,0.9819115280722492,1004.0,0.6906627668187496,4.0
0.05555555555555557,nan,11.0,0.6584003883623362,1.1027005304680981,0.6584003883623362,nan,nan,1.0,0.6974615631238599,linex,0.6879592675247407,Mean,1.003155023073057,1004.0,0.6974615631238599,4.0
nan,nan,11.0,0.6584003883623362,1.1027005304680981,0.6584003883623362,nan,nan,1.0,0.701505943089471,linex,0.6688927257204412,Median,0.9813932404138485,1004.0,0.701505943089471,4.0
0.14121307084642115,0.0016804890056131819,11.0,0.6584003883623362,1.1027005304680981,0.6584003883623362,nan,nan,1.0,0.6959757965585844,linex,0.722271751793871,OGDBoth,1.0504557233974512,1004.0,0.6959757965585844,4.0
0.05872300152245546,5.337131580008913,11.0,0.6584003883623362,1.1027005304680981,0.6584003883623362,nan,nan,1.0,0.6730811283597783,linex,0.6815302840094459,OGDConcOnly,0.9950325259381425,1004.0,0.6730811283597783,4.0
0.1417967826609909,nan,11.0,0.6584003883623362,1.1027005304680981,0.6584003883623362,nan,nan,1.0,0.6961057613713851,linex,0.7224504832712849,OGDVanilla,1.0507485869087443,1004.0,0.6961057613713851,4.0
0.24857585722665868,1.1255184161850376,11.0,0.6584003883623362,1.1027005304680981,0.6584003883623362,0.4850597609561753,1.581643426294821,1.0,0.735453719071638,linex,0.6935820363130946,RLKappaBandit,1.0421842329619806,1004.0,0.735453719071638,4.0
0.05984399322758779,nan,11.0,0.6584003883623362,1.1027005304680981,0.6584003883623362,0.27589641434262946,0.0,1.0,0.7047643208956004,linex,0.6912405354312987,RLRuleBandit,1.0154637729421199,1004.0,0.7047643208956004,4.0
0.05778828422655872,5.076660425782077,9.0,0.8366144826942776,1.0375441678419912,0.8366144826942776,nan,nan,1.0,0.9430336616830405,linex,0.6804264629061931,MWUMBothKL,0.9618482890199849,1004.0,0.9430336616830405,5.0
0.05708018001284636,5.264616362637097,9.0,0.8366144826942776,1.0375441678419912,0.8366144826942776,nan,nan,1.0,0.9630939734442441,linex,0.6904719406612038,MWUMConcOnlyKL,0.9830079426002614,1004.0,0.9630939734442441,5.0
0.05943449273290651,nan,9.0,0.8366144826942776,1.0375441678419912,0.8366144826942776,nan,nan,1.0,0.9313591604887131,linex,0.6784535482418552,MWUMVanilla,0.9589639647215717,1004.0,0.9313591604887131,5.0
0.05555555555555557,nan,9.0,0.8366144826942776,1.0375441678419912,0.8366144826942776,nan,nan,1.0,0.9838870910583593,linex,0.6899227533818967,Mean,0.9746327854589114,1004.0,0.9838870910583593,5.0
nan,nan,9.0,0.8366144826942776,1.0375441678419912,0.8366144826942776,nan,nan,1.0,0.9444999977193483,linex,0.6771071298717071,Median,0.9593225242388926,1004.0,0.9444999977193483,5.0
0.13715499849522794,0.0016832765237616823,9.0,0.8366144826942776,1.0375441678419912,0.8366144826942776,nan,nan,1.0,0.8940339603071947,linex,0.6971424763040543,OGDBoth,0.9926466636371339,1004.0,0.8940339603071947,5.0
0.05803114738048988,5.345989838862034,9.0,0.8366144826942776,1.0375441678419912,0.8366144826942776,nan,nan,1.0,0.9691713468133497,linex,0.6894133660536633,OGDConcOnly,0.9782668406084907,1004.0,0.9691713468133497,5.0
0.1374400727625107,nan,9.0,0.8366144826942776,1.0375441678419912,0.8366144826942776,nan,nan,1.0,0.8940412040839406,linex,0.6971529617433703,OGDVanilla,0.9927161397405255,1004.0,0.8940412040839406,5.0
0.23250983029264297,0.9746609651165578,9.0,0.8366144826942776,1.0375441678419912,0.8366144826942776,0.5189243027888446,1.4697111553784863,1.0,1.203678706656547,linex,0.7106746282767022,RLKappaBandit,1.0699532489493897,1004.0,1.203678706656547,5.0
0.06570437611450079,nan,9.0,0.8366144826942776,1.0375441678419912,0.8366144826942776,0.2559760956175299,1.0,1.0,0.9712034238492419,linex,0.6912253534031623,RLRuleBandit,0.9798730044528146,1004.0,0.9712034238492419,5.0
0.05590576206413043,4.849658757128845,1.0,0.7196517418715671,0.9229735202276879,0.7196517418715671,nan,nan,1.0,0.8107800240252192,linex,0.6361804526004612,MWUMBothKL,0.8556477019153038,1004.0,0.8107800240252192,6.0
0.057755528307551776,5.029210287124763,1.0,0.7196517418715671,0.9229735202276879,0.7196517418715671,nan,nan,1.0,0.8238546818013271,linex,0.6404197535333741,MWUMConcOnlyKL,0.874296779973283,1004.0,0.8238546818013271,6.0
0.05705792685642278,nan,1.0,0.7196517418715671,0.9229735202276879,0.7196517418715671,nan,nan,1.0,0.8243860330043035,linex,0.6332229466452014,MWUMVanilla,0.85224061839543,1004.0,0.8243860330043035,6.0
0.05555555555555557,nan,1.0,0.7196517418715671,0.9229735202276879,0.7196517418715671,nan,nan,1.0,0.7943295238599732,linex,0.6414436158114998,Mean,0.8612094498353462,1004.0,0.7943295238599732,6.0
nan,nan,1.0,0.7196517418715671,0.9229735202276879,0.7196517418715671,nan,nan,1.0,0.8795505039652975,linex,0.6247699757916645,Median,0.8537524843794714,1004.0,0.8795505039652975,6.0
0.15861378289254457,0.0016080539125913008,1.0,0.7196517418715671,0.9229735202276879,0.7196517418715671,nan,nan,1.0,0.9463586531681456,linex,0.6915705192957933,OGDBoth,0.9745426503364776,1004.0,0.9463586531681456,6.0
0.059927745155343,5.106945166914935,1.0,0.7196517418715671,0.9229735202276879,0.7196517418715671,nan,nan,1.0,0.8431161395209713,linex,0.6403704550305941,OGDConcOnly,0.8784780230442161,1004.0,0.8431161395209713,6.0
0.1589382043747509,nan,1.0,0.7196517418715671,0.9229735202276879,0.7196517418715671,nan,nan,1.0,0.9466723269703499,linex,0.6915486545307593,OGDVanilla,0.9745187210593528,1004.0,0.9466723269703499,6.0
0.21324113741728132,0.7832934626324534,1.0,0.7196517418715671,0.9229735202276879,0.7196517418715671,0.36254980079681276,1.2229581673306775,1.0,1.255391389325618,linex,0.6304016175681374,RLKappaBandit,0.9244396073786513,1004.0,1.255391389325618,6.0
0.06114375317862193,nan,1.0,0.7196517418715671,0.9229735202276879,0.7196517418715671,0.28286852589641437,1.0,1.0,0.8534644160533156,linex,0.6390133674685277,RLRuleBandit,0.8639221715123534,1004.0,0.8534644160533156,6.0
0.05605143068493357,4.819854868345467,7.0,0.6327221513501237,0.8032994469655256,0.6327221513501237,nan,nan,1.0,0.7434502491232565,linex,0.5876799766167945,MWUMBothKL,0.7457767615434484,1004.0,0.7434502491232565,7.0
0.05695624772005633,4.998302952675965,7.0,0.6327221513501237,0.8032994469655256,0.6327221513501237,nan,nan,1.0,0.7893523241882424,linex,0.5910500711542311,MWUMConcOnlyKL,0.7686496825329894,1004.0,0.7893523241882424,7.0
0.0581518551573385,nan,7.0,0.6327221513501237,0.8032994469655256,0.6327221513501237,nan,nan,1.0,0.7572354729117395,linex,0.5826284450405248,MWUMVanilla,0.7368041919676619,1004.0,0.7572354729117395,7.0
0.05555555555555557,nan,7.0,0.6327221513501237,0.8032994469655256,0.6327221513501237,nan,nan,1.0,0.738003175279654,linex,0.5926965932199318,Mean,0.7540100047627479,1004.0,0.738003175279654,7.0
nan,nan,7.0,0.6327221513501237,0.8032994469655256,0.6327221513501237,nan,nan,1.0,0.7529900635600325,linex,0.5813710072348037,Median,0.7399609018752517,1004.0,0.7529900635600325,7.0
0.12167337221336906,0.0015981776577134474,7.0,0.6327221513501237,0.8032994469655256,0.6327221513501237,nan,nan,1.0,0.7885439499159094,linex,0.6058778492278937,OGDBoth,0.7825712414086838,1004.0,0.7885439499159094,7.0
0.058394812311935246,5.075560107680618,7.0,0.6327221513501237,0.8032994469655256,0.6327221513501237,nan,nan,1.0,0.8060513067926697,linex,0.5930363032141795,OGDConcOnly,0.7755913621504357,1004.0,0.8060513067926697,7.0
0.12202516379665333,nan,7.0,0.6327221513501237,0.8032994469655256,0.6327221513501237,nan,nan,1.0,0.7884982347819237,linex,0.6058891090247317,OGDVanilla,0.7825505222172546,1004.0,0.7884982347819237,7.0
0.18252564553931763,0.5667140417545008,7.0,0.6327221513501237,0.8032994469655256,0.6327221513501237,0.5079681274900398,0.884601593625498,1.0,1.0747456712231318,linex,0.6033600544117782,RLKappaBandit,0.8255497431122774,1004.0,1.0747456712231318,7.0
0.05856435647562577,nan,7.0,0.6327221513501237,0.8032994469655256,0.6327221513501237,0.2788844621513944,3.0,1.0,0.7652972076826137,linex,0.5914317230872109,RLRuleBandit,0.7602439248912548,1004.0,0.7652972076826137,7.0
0.05570006542449158,5.169291990420072,9.0,0.5819603163625345,0.8761033239677697,0.5819603163625345,nan,nan,1.0,0.6722458633613271,linex,0.6388871003506923,MWUMBothKL,0.8313440604319412,1004.0,0.6722458633613271,8.0
0.0570765778788681,5.360677476325687,9.0,0.5819603163625345,0.8761033239677697,0.5819603163625345,nan,nan,1.0,0.6749776624581677,linex,0.6390885332623037,MWUMConcOnlyKL,0.8356245163612435,1004.0,0.6749776624581677,8.0
0.05697970562254698,nan,9.0,0.5819603163625345,0.8761033239677697,0.5819603163625345,nan,nan,1.0,0.6758039844717858,linex,0.6355101749749795,MWUMVanilla,0.8270904025952098,1004.0,0.6758039844717858,8.0
0.05555555555555557,nan,9.0,0.5819603163625345,0.8761033239677697,0.5819603163625345,nan,nan,1.0,0.6667526576133741,linex,0.6411214842797125,Mean,0.8337459475968511,1004.0,0.6667526576133741,8.0
nan,nan,9.0,0.5819603163625345,0.8761033239677697,0.5819603163625345,nan,nan,1.0,0.7149125776706065,linex,0.630403645764472,Median,0.8245259435101336,1004.0,0.7149125776706065,8.0
0.1242169824084031,0.00171397228124315,9.0,0.5819603163625345,0.8761033239677697,0.5819603163625345,nan,nan,1.0,0.6756771157213248,linex,0.7024217385474877,OGDBoth,0.9741315305233706,1004.0,0.6756771157213248,8.0
0.059262733799792466,5.443535738468007,9.0,0.5819603163625345,0.8761033239677697,0.5819603163625345,nan,nan,1.0,0.6835206401376187,linex,0.6392589715252466,OGDConcOnly,0.8378330345392274,1004.0,0.6835206401376187,8.0
0.12445955377880553,nan,9.0,0.5819603163625345,0.8761033239677697,0.5819603163625345,nan,nan,1.0,0.6759006338773078,linex,0.7025079173648143,OGDVanilla,0.9743877014936271,1004.0,0.6759006338773078,8.0
0.10136756281375335,1.23591913571242,9.0,0.5819603163625345,0.8761033239677697,0.5819603163625345,0.9492031872509961,1.8430478087649402,1.0,0.722973244917219,linex,0.6312266167173113,RLKappaBandit,0.8389817301923851,1004.0,0.722973244917219,8.0
0.0913868621255255,nan,9.0,0.5819603163625345,0.8761033239677697,0.5819603163625345,0.41832669322709165,3.0,1.0,0.6709836516592723,linex,0.674760016189018,RLRuleBandit,0.9111322010552209,1004.0,0.6709836516592723,8.0
0.05561171293112881,5.128744523983433,13.0,0.42132585992641713,0.7571082123297987,0.42132585992641713,nan,nan,1.0,0.44750103673371083,linex,0.5283186989111701,MWUMBothKL,0.6199075935288912,1004.0,0.44750103673371083,9.0
0.056247497532714824,5.318628798875663,13.0,0.42132585992641713,0.7571082123297987,0.42132585992641713,nan,nan,1.0,0.45139776128468667,linex,0.5297937422210122,MWUMConcOnlyKL,0.6233318073612941,1004.0,0.45139776128468667,9.0
0.056109227552885464,nan,13.0,0.42132585992641713,0.7571082123297987,0.42132585992641713,nan,nan,1.0,0.4517164228015281,linex,0.5267045011311011,MWUMVanilla,0.6179268166465617,1004.0,0.4517164228015281,9.0
0.05555555555555557,nan,13.0,0.42132585992641713,0.7571082123297987,0.42132585992641713,nan,nan,1.0,0.44667262801432006,linex,0.5288086659550292,Mean,0.6204607453945109,1004.0,0.44667262801432006,9.0
nan,nan,13.0,0.42132585992641713,0.7571082123297987,0.42132585992641713,nan,nan,1.0,0.4714159064950617,linex,0.5212194781744575,Median,0.6164808035976238,1004.0,0.4714159064950617,9.0
0.09547686710828895,0.0017005358764810039,13.0,0.42132585992641713,0.7571082123297987,0.42132585992641713,nan,nan,1.0,0.4153085177285907,linex,0.5587741763251003,OGDBoth,0.6723710397716846,1004.0,0.4153085177285907,9.0
0.05725545279961702,5.400837128056298,13.0,0.42132585992641713,0.7571082123297987,0.42132585992641713,nan,nan,1.0,0.45977328494000475,linex,0.5318762516809779,OGDConcOnly,0.6281599259044133,1004.0,0.45977328494000475,9.0
0.09573464876308468,nan,13.0,0.42132585992641713,0.7571082123297987,0.42132585992641713,nan,nan,1.0,0.41530622675226975,linex,0.5588707699563987,OGDVanilla,0.6725641523433556,1004.0,0.41530622675226975,9.0
0.09455418101921917,1.7049902816848355,13.0,0.42132585992641713,0.7571082123297987,0.42132585992641713,0.8655378486055777,2.4037250996015938,1.0,0.5073738155130323,linex,0.5396547337408506,RLKappaBandit,0.6675655887403351,1004.0,0.5073738155130323,9.0
0.05845200126536031,nan,13.0,0.42132585992641713,0.7571082123297987,0.42132585992641713,0.3844621513944223,1.0,1.0,0.44352646727111783,linex,0.5332017001560894,RLRuleBandit,0.6281864281265105,1004.0,0.44352646727111783,9.0
0.1122135879378837,2.311051414568447,15.0,8.78250397799121,5.682727225982801,8.78250397799121,nan,nan,4.0,4.274658238619712,linex,1.2989031726109643,MWUMBothKL,3.272094469210554,1004.0,4.274658238619712,4.0
0.11053209151215898,1.0678627682627282,15.0,8.78250397799121,5.682727225982801,8.78250397799121,nan,nan,4.0,4.164842764688409,linex,1.2781604608864297,MWUMConcOnlyKL,3.1795869290509717,1004.0,4.164842764688409,4.0
0.9536362653516235,nan,15.0,8.78250397799121,5.682727225982801,8.78250397799121,nan,nan,4.0,133.3972989467521,linex,1.632646034686533,MWUMVanilla,4.900169505849721,1004.0,133.3972989467521,4.0
0.05555555555555557,nan,15.0,8.78250397799121,5.682727225982801,8.78250397799121,nan,nan,4.0,10.808540785463283,linex,1.4707342808039128,Mean,4.097823549920687,1004.0,10.808540785463283,4.0
nan,nan,15.0,8.78250397799121,5.682727225982801,8.78250397799121,nan,nan,4.0,10.044807650778354,linex,1.4339894447790498,Median,4.062564222230001,1004.0,10.044807650778354,4.0
0.1330456055393301,3.396081403271107,15.0,8.78250397799121,5.682727225982801,8.78250397799121,nan,nan,4.0,3.9712568681988234,linex,1.2859305897846243,OGDBoth,3.305883531958801,1004.0,3.9712568681988234,4.0
0.07444774843887104,5.267591916221619,15.0,8.78250397799121,5.682727225982801,8.78250397799121,nan,nan,4.0,5.098752892111671,linex,1.345277492853423,OGDConcOnly,3.4454249348246138,1004.0,5.098752892111671,4.0
0.3004292477480249,nan,15.0,8.78250397799121,5.682727225982801,8.78250397799121,nan,nan,4.0,3.7550729349499994,linex,1.2818946413790147,OGDVanilla,3.325846453868395,1004.0,3.7550729349499994,4.0
0.329663573268073,1.1518404849669308,15.0,8.78250397799121,5.682727225982801,8.78250397799121,0.3555776892430279,1.8166733067729084,4.0,4.127217794469911,linex,1.1971599955421541,RLKappaBandit,2.9298485842471553,1004.0,4.127217794469911,4.0
0.23050899620081602,nan,15.0,8.78250397799121,5.682727225982801,8.78250397799121,0.6812749003984063,3.0,4.0,21.254126991960998,linex,1.3793426245372973,RLRuleBandit,3.7746186884127595,1004.0,21.254126991960998,4.0
0.09822229858671482,2.31488716160292,9.0,9.511101038810203,3.5306809463427986,9.511101038810203,nan,nan,4.0,6.842594952029352,linex,1.2596441602957436,MWUMBothKL,3.0961504478913406,1004.0,6.842594952029352,5.0
0.09874004795041824,1.0696351431036313,9.0,9.511101038810203,3.5306809463427986,9.511101038810203,nan,nan,4.0,6.865502412495844,linex,1.2426859142258855,MWUMConcOnlyKL,2.9828104517665937,1004.0,6.865502412495844,5.0
0.9784381564256145,nan,9.0,9.511101038810203,3.5306809463427986,9.511101038810203,nan,nan,4.0,8.46280093961672,linex,1.4957892608850567,MWUMVanilla,4.0259209310359365,1004.0,8.46280093961672,5.0
0.05555555555555557,nan,9.0,9.511101038810203,3.5306809463427986,9.511101038810203,nan,nan,4.0,10.761441205887834,linex,1.3806468067249549,Mean,3.611415720879261,1004.0,10.761441205887834,5.0
nan,nan,9.0,9.511101038810203,3.5306809463427986,9.511101038810203,nan,nan,4.0,11.344570930519813,linex,1.36654634437603,Median,3.647062797410184,1004.0,11.344570930519813,5.0
0.12056753262250137,3.4017180199600205,9.0,9.511101038810203,3.5306809463427986,9.511101038810203,nan,nan,4.0,6.62830454240943,linex,1.23621576243386,OGDBoth,3.014125157617182,1004.0,6.62830454240943,5.0
0.07133019681733846,5.276334757186204,9.0,9.511101038810203,3.5306809463427986,9.511101038810203,nan,nan,4.0,6.7216316053495735,linex,1.2869688597128877,OGDConcOnly,3.149585416914283,1004.0,6.7216316053495735,5.0
0.2695526257104014,nan,9.0,9.511101038810203,3.5306809463427986,9.511101038810203,nan,nan,4.0,6.6888783824559574,linex,1.233330890900513,OGDVanilla,3.0109723996049325,1004.0,6.6888783824559574,5.0
0.1738077732508261,3.1302475573891115,9.0,9.511101038810203,3.5306809463427986,9.511101038810203,0.8645418326693227,4.6441434262948205,4.0,6.821164347089758,linex,1.2105160986728463,RLKappaBandit,2.8839662394704457,1004.0,6.821164347089758,5.0
0.19772464677503857,nan,9.0,9.511101038810203,3.5306809463427986,9.511101038810203,0.23107569721115537,5.0,4.0,14.761005261758479,linex,1.3368337714841894,RLRuleBandit,3.592888018513056,1004.0,14.761005261758479,5.0
0.09380765526731963,2.2113775547229615,17.0,5.708980736705288,3.581453843950101,5.708980736705288,nan,nan,4.0,3.1119494244830315,linex,1.094901438789606,MWUMBothKL,2.473661878996672,1004.0,3.1119494244830315,6.0
0.09341916349958022,1.021806696290777,17.0,5.708980736705288,3.581453843950101,5.708980736705288,nan,nan,4.0,3.07801275040151,linex,1.0746620653158718,MWUMConcOnlyKL,2.3735892077749035,1004.0,3.07801275040151,6.0
0.9820386752916496,nan,17.0,5.708980736705288,3.581453843950101,5.708980736705288,nan,nan,4.0,21.63500694539655,linex,1.2023494574130895,MWUMVanilla,3.0053825194226915,1004.0,21.63500694539655,6.0
0.05555555555555557,nan,17.0,5.708980736705288,3.581453843950101,5.708980736705288,nan,nan,4.0,23.474489793372864,linex,1.1880325838126369,Mean,2.9045288653851706,1004.0,23.474489793372864,6.0
nan,nan,17.0,5.708980736705288,3.581453843950101,5.708980736705288,nan,nan,4.0,18.691439498547265,linex,1.1473380994960503,Median,2.8269987689447955,1004.0,18.691439498547265,6.0
0.10883442094140194,3.2496110190658123,17.0,5.708980736705288,3.581453843950101,5.708980736705288,nan,nan,4.0,2.963995807373138,linex,1.0806705830598484,OGDBoth,2.445247162694234,1004.0,2.963995807373138,6.0
0.06779794341957267,5.040404696333613,17.0,5.708980736705288,3.581453843950101,5.708980736705288,nan,nan,4.0,3.40110832090024,linex,1.1172611755951014,OGDConcOnly,2.5298034517275982,1004.0,3.40110832090024,6.0
0.2635851301301663,nan,17.0,5.708980736705288,3.581453843950101,5.708980736705288,nan,nan,4.0,2.9583689212241944,linex,1.0923262132965486,OGDVanilla,2.5122095619700624,1004.0,2.9583689212241944,6.0
0.30932455079563337,1.2402749723127557,17.0,5.708980736705288,3.581453843950101,5.708980736705288,0.6085657370517928,2.078177290836653,4.0,3.128264827692592,linex,1.005350233997719,RLKappaBandit,2.1003029817850094,1004.0,3.128264827692592,6.0
0.09211833073171642,nan,17.0,5.708980736705288,3.581453843950101,5.708980736705288,0.4292828685258964,0.0,4.0,22.39439160312459,linex,1.1703438315847994,RLRuleBandit,2.808841159355912,1004.0,22.39439160312459,6.0
0.09332268677901669,2.1977873955414706,1.0,4.091438018582089,2.872503298019005,4.091438018582089,nan,nan,4.0,2.5305700747922972,linex,1.1348107906765001,MWUMBothKL,2.47115715677438,1004.0,2.5305700747922972,7.0
0.09330776504202305,1.0155271225856621,1.0,4.091438018582089,2.872503298019005,4.091438018582089,nan,nan,4.0,2.404616755567175,linex,1.1171830411871686,MWUMConcOnlyKL,2.3908907614984725,1004.0,2.404616755567175,7.0
0.979956458976518,nan,1.0,4.091438018582089,2.872503298019005,4.091438018582089,nan,nan,4.0,4.516419867828982,linex,1.3330604856868356,MWUMVanilla,3.254094845933846,1004.0,4.516419867828982,7.0
0.05555555555555557,nan,1.0,4.091438018582089,2.872503298019005,4.091438018582089,nan,nan,4.0,4.442916033504045,linex,1.2291273341135758,Mean,2.885416551902401,1004.0,4.442916033504045,7.0
nan,nan,1.0,4.091438018582089,2.872503298019005,4.091438018582089,nan,nan,4.0,4.29711601151388,linex,1.2070529789931064,Median,2.858756766021732,1004.0,4.29711601151388,7.0
0.11583356866792655,3.2296403282567097,1.0,4.091438018582089,2.872503298019005,4.091438018582089,nan,nan,4.0,2.393248182914814,linex,1.1024358842474427,OGDBoth,2.3949860858982785,1004.0,2.393248182914814,7.0
0.06817402207506269,5.009428565911208,1.0,4.091438018582089,2.872503298019005,4.091438018582089,nan,nan,4.0,2.709202222195491,linex,1.1566335516844604,OGDConcOnly,2.53272324375278,1004.0,2.709202222195491,7.0
0.26270415733698815,nan,1.0,4.091438018582089,2.872503298019005,4.091438018582089,nan,nan,4.0,2.378445692713207,linex,1.0787156901255686,OGDVanilla,2.3479227265495886,1004.0,2.378445692713207,7.0
0.18759484113029026,1.2335042239099945,1.0,4.091438018582089,2.872503298019005,4.091438018582089,0.8296812749003984,1.8141235059760956,4.0,2.3622499431324466,linex,1.053944004487708,RLKappaBandit,2.1401754883386417,1004.0,2.3622499431324466,7.0
0.11862373834226753,nan,1.0,4.091438018582089,2.872503298019005,4.091438018582089,0.35756972111553786,6.0,4.0,3.319342959485074,linex,1.1778118557527428,RLRuleBandit,2.651759390173028,1004.0,3.319342959485074,7.0
0.08753618582324281,2.357125868028472,9.0,3.644295610146857,2.7831541673589277,3.644295610146857,nan,nan,4.0,2.043959358328906,linex,1.1143349470921795,MWUMBothKL,2.398787638110199,1004.0,2.043959358328906,8.0
0.08899149713406762,1.089152285372959,9.0,3.644295610146857,2.7831541673589277,3.644295610146857,nan,nan,4.0,2.0056980537520057,linex,1.101527119510017,MWUMConcOnlyKL,2.358086406234394,1004.0,2.0056980537520057,8.0
0.9655139992271988,nan,9.0,3.644295610146857,2.7831541673589277,3.644295610146857,nan,nan,4.0,3.047351508818828,linex,1.210945394191997,MWUMVanilla,2.8510551315431676,1004.0,3.047351508818828,8.0
0.05555555555555557,nan,9.0,3.644295610146857,2.7831541673589277,3.644295610146857,nan,nan,4.0,4.272096865692988,linex,1.2194761108865688,Mean,2.8435389979152137,1004.0,4.272096865692988,8.0
nan,nan,9.0,3.644295610146857,2.7831541673589277,3.644295610146857,nan,nan,4.0,4.523174282174373,linex,1.1942318402260563,Median,2.8138446851447285,1004.0,4.523174282174373,8.0
0.10582790848782754,3.4637876495306616,9.0,3.644295610146857,2.7831541673589277,3.644295610146857,nan,nan,4.0,1.8881020781155617,linex,1.1045581324552451,OGDBoth,2.388153072405275,1004.0,1.8881020781155617,8.0
0.06614746986897137,5.372609691249786,9.0,3.644295610146857,2.7831541673589277,3.644295610146857,nan,nan,4.0,2.259397728374125,linex,1.1441974372220431,OGDConcOnly,2.4924927265521815,1004.0,2.259397728374125,8.0
0.21578134687370817,nan,9.0,3.644295610146857,2.7831541673589277,3.644295610146857,nan,nan,4.0,1.830754688108695,linex,1.1014184259487017,OGDVanilla,2.436915251032666,1004.0,1.830754688108695,8.0
0.2901308126578995,0.4712340771373959,9.0,3.644295610146857,2.7831541673589277,3.644295610146857,0.6135458167330677,0.7534561752988048,4.0,2.135512013452563,linex,1.0150953674928251,RLKappaBandit,2.1253302176364035,1004.0,2.135512013452563,8.0
0.08593754398433931,nan,9.0,3.644295610146857,2.7831541673589277,3.644295610146857,0.4252988047808765,0.0,4.0,3.3990251931268993,linex,1.2030449520786448,RLRuleBandit,2.771724449253163,1004.0,3.3990251931268993,8.0
0.07365051514697148,2.338636786711426,13.0,1.483483147440199,2.1704459754157064,1.483483147440199,nan,nan,4.0,1.1638756829080767,linex,0.8859617939663652,MWUMBothKL,1.7106950314490776,1004.0,1.1638756829080767,9.0
0.07514386531127287,1.0806090779447206,13.0,1.483483147440199,2.1704459754157064,1.483483147440199,nan,nan,4.0,1.1477347453431084,linex,0.8783555977773926,MWUMConcOnlyKL,1.6878639451884652,1004.0,1.1477347453431084,9.0
0.9887164467341125,nan,13.0,1.483483147440199,2.1704459754157064,1.483483147440199,nan,nan,4.0,1.4990447469885917,linex,1.040504034185965,MWUMVanilla,2.174292144100176,1004.0,1.4990447469885917,9.0
0.05555555555555557,nan,13.0,1.483483147440199,2.1704459754157064,1.483483147440199,nan,nan,4.0,1.797907954049947,linex,0.9594889205153232,Mean,1.976439652799703,1004.0,1.797907954049947,9.0
nan,nan,13.0,1.483483147440199,2.1704459754157064,1.483483147440199,nan,nan,4.0,1.7024726386199966,linex,0.9385186332492184,Median,1.9505696408426578,1004.0,1.7024726386199966,9.0
0.09007341413939024,3.43661800998516,13.0,1.483483147440199,2.1704459754157064,1.483483147440199,nan,nan,4.0,1.0953930299583416,linex,0.858486626719974,OGDBoth,1.6635951982229922,1004.0,1.0953930299583416,9.0
0.06079861360022443,5.330467418549456,13.0,1.483483147440199,2.1704459754157064,1.483483147440199,nan,nan,4.0,1.2883608126351358,linex,0.9126483298950183,OGDConcOnly,1.7865607550806129,1004.0,1.2883608126351358,9.0
0.218403827082805,nan,13.0,1.483483147440199,2.1704459754157064,1.483483147440199,nan,nan,4.0,1.0964102699563922,linex,0.8606543679378551,OGDVanilla,1.6900250460099144,1004.0,1.0964102699563922,9.0
0.2414116384849725,0.4136833093078245,13.0,1.483483147440199,2.1704459754157064,1.483483147440199,0.6673306772908366,0.5843227091633465,4.0,1.0872731557850936,linex,0.8060500267642011,RLKappaBandit,1.4864746218548677,1004.0,1.0872731557850936,9.0
0.09521773396180537,nan,13.0,1.483483147440199,2.1704459754157064,1.483483147440199,0.7888446215139442,4.0,4.0,1.4474716516603496,linex,0.9402016515179114,RLRuleBandit,1.9311066074907355,1004.0,1.4474716516603496,9.0
0.14203640173807053,2.362215581761692,15.0,15.380400845416355,6.366071812212927,15.380400845416355,nan,nan,8.0,9.85799086292712,linex,1.5764624421206341,MWUMBothKL,4.611425483194812,1004.0,9.85799086292712,4.0
0.15841509577005206,0.6436595166912681,15.0,15.380400845416355,6.366071812212927,15.380400845416355,nan,nan,8.0,10.411015570587587,linex,1.4932430993440977,MWUMConcOnlyKL,4.252901652708679,1004.0,10.411015570587587,4.0
0.9340070945002427,nan,15.0,15.380400845416355,6.366071812212927,15.380400845416355,nan,nan,8.0,16.152892745101507,linex,1.874654493912735,MWUMVanilla,6.394520745603916,1004.0,16.152892745101507,4.0
0.05555555555555557,nan,15.0,15.380400845416355,6.366071812212927,15.380400845416355,nan,nan,8.0,64.88213810526535,linex,1.9030944785649688,Mean,6.489160609633746,1004.0,64.88213810526535,4.0
nan,nan,15.0,15.380400845416355,6.366071812212927,15.380400845416355,nan,nan,8.0,55.6335510165177,linex,1.7868482053303898,Median,6.020800781820749,1004.0,55.6335510165177,4.0
0.24316543231448234,1.002909077505276,15.0,15.380400845416355,6.366071812212927,15.380400845416355,nan,nan,8.0,13.755029119476943,linex,1.719109808567925,OGDBoth,5.868838539183624,1004.0,13.755029119476943,4.0
0.09940045521088281,3.270159397039716,15.0,15.380400845416355,6.366071812212927,15.380400845416355,nan,nan,8.0,11.968289576266965,linex,1.618176294156917,OGDConcOnly,4.777072653667239,1004.0,11.968289576266965,4.0
0.31189616248305624,nan,15.0,15.380400845416355,6.366071812212927,15.380400845416355,nan,nan,8.0,14.171174682638343,linex,1.7513261473884587,OGDVanilla,6.087639290149115,1004.0,14.171174682638343,4.0
0.31844297181446973,0.6370585694516379,15.0,15.380400845416355,6.366071812212927,15.380400845416355,0.7270916334661355,0.9228386454183267,8.0,11.46282396557143,linex,1.427181106201245,RLKappaBandit,4.024384598999536,1004.0,11.46282396557143,4.0
0.5257907911210389,nan,15.0,15.380400845416355,6.366071812212927,15.380400845416355,0.4033864541832669,2.0,8.0,490.22132892831985,linex,1.7790079155609186,RLRuleBandit,6.383319321953667,1004.0,490.22132892831985,4.0
0.12330863059581189,2.366136248104435,9.0,10.125364971605775,4.576258238302771,10.125364971605775,nan,nan,8.0,8.57789920617436,linex,1.4647103106344237,MWUMBothKL,3.945310825564607,1004.0,8.57789920617436,5.0
0.1404713079304269,0.6447278236529197,9.0,10.125364971605775,4.576258238302771,10.125364971605775,nan,nan,8.0,8.373748302851633,linex,1.3928145947399655,MWUMConcOnlyKL,3.642942150361811,1004.0,8.373748302851633,5.0
0.9208871197181443,nan,9.0,10.125364971605775,4.576258238302771,10.125364971605775,nan,nan,8.0,10.172523881273996,linex,1.5850074857411387,MWUMVanilla,4.683740269366504,1004.0,10.172523881273996,5.0
0.05555555555555557,nan,9.0,10.125364971605775,4.576258238302771,10.125364971605775,nan,nan,8.0,18.102414339249133,linex,1.7310356990738822,Mean,5.2818035304265525,1004.0,18.102414339249133,5.0
nan,nan,9.0,10.125364971605775,4.576258238302771,10.125364971605775,nan,nan,8.0,17.86220574198781,linex,1.6654774307129088,Median,5.0410035291235,1004.0,17.86220574198781,5.0
0.18393184492623793,1.0045736459888923,9.0,10.125364971605775,4.576258238302771,10.125364971605775,nan,nan,8.0,9.14752593166249,linex,1.5506771394719499,OGDBoth,4.421194493030479,1004.0,9.14752593166249,5.0
0.08829416146967271,3.275587015708105,9.0,10.125364971605775,4.576258238302771,10.125364971605775,nan,nan,8.0,9.257123920937019,linex,1.501536580268631,OGDConcOnly,4.109610372212082,1004.0,9.257123920937019,5.0
0.2255496468570057,nan,9.0,10.125364971605775,4.576258238302771,10.125364971605775,nan,nan,8.0,9.229438419259528,linex,1.562435340272917,OGDVanilla,4.471452669017045,1004.0,9.229438419259528,5.0
0.2261403380411049,1.53753252122027,9.0,10.125364971605775,4.576258238302771,10.125364971605775,0.8346613545816733,2.203695219123506,8.0,8.975250571377831,linex,1.3561946067894632,RLKappaBandit,3.5260523733391502,1004.0,8.975250571377831,5.0
0.14845262436358678,nan,9.0,10.125364971605775,4.576258238302771,10.125364971605775,0.3695219123505976,5.0,8.0,14.583082412666402,linex,1.6067929205220575,RLRuleBandit,4.7222102409503375,1004.0,14.583082412666402,5.0
0.10624000180957324,2.2603350500072845,9.0,5.443440559851137,3.5640134637044367,5.443440559851137,nan,nan,8.0,4.310910218184119,linex,1.2356312195657866,MWUMBothKL,3.02517328615286,1004.0,4.310910218184119,6.0
0.11916104053954088,0.6158990107427127,9.0,5.443440559851137,3.5640134637044367,5.443440559851137,nan,nan,8.0,4.0379345917671206,linex,1.1704947125450005,MWUMConcOnlyKL,2.761228051241211,1004.0,4.0379345917671206,6.0
0.9128932964714174,nan,9.0,5.443440559851137,3.5640134637044367,5.443440559851137,nan,nan,8.0,5.546309524616637,linex,1.2782301554827777,MWUMVanilla,3.5311218966393043,1004.0,5.546309524616637,6.0
0.05555555555555557,nan,9.0,5.443440559851137,3.5640134637044367,5.443440559851137,nan,nan,8.0,27.084428231472774,linex,1.433407913547913,Mean,4.038103792049529,1004.0,27.084428231472774,6.0
nan,nan,9.0,5.443440559851137,3.5640134637044367,5.443440559851137,nan,nan,8.0,16.122707581445304,linex,1.365911873832673,Median,3.7911226418364175,1004.0,16.122707581445304,6.0
0.18427269408799177,0.95965440918432,9.0,5.443440559851137,3.5640134637044367,5.443440559851137,nan,nan,8.0,5.499394057994582,linex,1.301803089193171,OGDBoth,3.372606115770194,1004.0,5.499394057994582,6.0
0.08004698820876512,3.1291199339088607,9.0,5.443440559851137,3.5640134637044367,5.443440559851137,nan,nan,8.0,4.342943175325845,linex,1.2537945211310628,OGDConcOnly,3.0961666942903174,1004.0,4.342943175325845,6.0
0.26090543579482606,nan,9.0,5.443440559851137,3.5640134637044367,5.443440559851137,nan,nan,8.0,5.693720291841709,linex,1.3222275797909036,OGDVanilla,3.468500761694706,1004.0,5.693720291841709,6.0
0.23576625995119466,0.68187809025729,9.0,5.443440559851137,3.5640134637044367,5.443440559851137,0.7778884462151394,1.0004083665338646,8.0,4.051152095254181,linex,1.1196497204748304,RLKappaBandit,2.629652063040475,1004.0,4.051152095254181,6.0
0.11597816526776966,nan,9.0,5.443440559851137,3.5640134637044367,5.443440559851137,0.3207171314741036,3.0,8.0,24.82517147309349,linex,1.3330810508919777,RLRuleBandit,3.5852112334164583,1004.0,24.82517147309349,6.0
0.11249663567456739,2.246444019338023,1.0,5.398714411243541,3.7114171926541157,5.398714411243541,nan,nan,8.0,3.6827420318384476,linex,1.2936169485984514,MWUMBothKL,3.2486556509503077,1004.0,3.6827420318384476,7.0
0.13311751447498638,0.6121139692545589,1.0,5.398714411243541,3.7114171926541157,5.398714411243541,nan,nan,8.0,3.4425633439545984,linex,1.2281992281591738,MWUMConcOnlyKL,2.950819311402211,1004.0,3.4425633439545984,7.0
0.9141247775519269,nan,1.0,5.398714411243541,3.7114171926541157,5.398714411243541,nan,nan,8.0,5.784121770553865,linex,1.440553214305601,MWUMVanilla,3.8841288927643225,1004.0,5.784121770553865,7.0
0.05555555555555557,nan,1.0,5.398714411243541,3.7114171926541157,5.398714411243541,nan,nan,8.0,8.429808459421892,linex,1.5018074705946702,Mean,4.2572601024960255,1004.0,8.429808459421892,7.0
nan,nan,1.0,5.398714411243541,3.7114171926541157,5.398714411243541,nan,nan,8.0,7.562428623167209,linex,1.4484812791550439,Median,4.091566201319992,1004.0,7.562428623167209,7.0
0.1741918606229275,0.9537567964227027,1.0,5.398714411243541,3.7114171926541157,5.398714411243541,nan,nan,8.0,4.0890524512957,linex,1.3732479740693877,OGDBoth,3.6836579811967587,1004.0,4.0890524512957,7.0
0.0814095963590097,3.10988972894046,1.0,5.398714411243541,3.7114171926541157,5.398714411243541,nan,nan,8.0,3.9957702201616194,linex,1.321291634191329,OGDConcOnly,3.3640607386796657,1004.0,3.9957702201616194,7.0
0.230736813387807,nan,1.0,5.398714411243541,3.7114171926541157,5.398714411243541,nan,nan,8.0,4.170561864718694,linex,1.3824869166462315,OGDVanilla,3.7060243091610405,1004.0,4.170561864718694,7.0
0.39523223630921883,1.0047282769306736,1.0,5.398714411243541,3.7114171926541157,5.398714411243541,0.5378486055776892,1.5424900398406376,8.0,3.466310837071401,linex,1.1474984759189786,RLKappaBandit,2.6055751630251627,1004.0,3.466310837071401,7.0
0.2039367545240471,nan,1.0,5.398714411243541,3.7114171926541157,5.398714411243541,0.3346613545816733,1.0,8.0,6.014752929949319,linex,1.4292599356170261,RLRuleBandit,3.885057562204668,1004.0,6.014752929949319,7.0
0.09896893571067027,2.409310073999454,15.0,5.019147127119755,4.0605861112485995,5.019147127119755,nan,nan,8.0,2.767298409756946,linex,1.2421664619914559,MWUMBothKL,3.0085773823442,1004.0,2.767298409756946,8.0
0.1156386924707807,0.6564918695402119,15.0,5.019147127119755,4.0605861112485995,5.019147127119755,nan,nan,8.0,2.706072737583109,linex,1.1869265259473727,MWUMConcOnlyKL,2.8084391159284796,1004.0,2.706072737583109,8.0
0.9186056046135593,nan,15.0,5.019147127119755,4.0605861112485995,5.019147127119755,nan,nan,8.0,7.2063577525722655,linex,1.4049731821958866,MWUMVanilla,3.7711247585071943,1004.0,7.2063577525722655,8.0
0.05555555555555557,nan,15.0,5.019147127119755,4.0605861112485995,5.019147127119755,nan,nan,8.0,14.234145713751227,linex,1.4272324155340756,Mean,3.8712896137240813,1004.0,14.234145713751227,8.0
nan,nan,15.0,5.019147127119755,4.0605861112485995,5.019147127119755,nan,nan,8.0,14.029917182079757,linex,1.3746345682385008,Median,3.7306589942596347,1004.0,14.029917182079757,8.0
0.1419510349464223,1.022903639826552,15.0,5.019147127119755,4.0605861112485995,5.019147127119755,nan,nan,8.0,3.057972839328776,linex,1.3167501304039828,OGDBoth,3.3578660175320856,1004.0,3.057972839328776,8.0
0.07894553103190316,3.3353551884952,15.0,5.019147127119755,4.0605861112485995,5.019147127119755,nan,nan,8.0,2.975100564113977,linex,1.2610427016006593,OGDConcOnly,3.078846795531983,1004.0,2.975100564113977,8.0
0.18075118268018445,nan,15.0,5.019147127119755,4.0605861112485995,5.019147127119755,nan,nan,8.0,3.139676645779549,linex,1.3276310817107064,OGDVanilla,3.4023331404622987,1004.0,3.139676645779549,8.0
0.15948661147240836,1.977250901712374,15.0,5.019147127119755,4.0605861112485995,5.019147127119755,0.8854581673306773,2.862011952191235,8.0,2.8558655555792907,linex,1.2053853674209367,RLKappaBandit,2.9365977705762663,1004.0,2.8558655555792907,8.0
0.12138288404927647,nan,15.0,5.019147127119755,4.0605861112485995,5.019147127119755,0.8107569721115537,5.0,8.0,3.891715635422332,linex,1.2708493007347923,RLRuleBandit,3.177780174113095,1004.0,3.891715635422332,8.0
0.0853096886377034,2.3904116643346613,13.0,2.361476514938381,2.6881704596607783,2.361476514938381,nan,nan,8.0,1.411245561261329,linex,0.9972483062861764,MWUMBothKL,2.0228688128796497,1004.0,1.411245561261329,9.0
0.10377482039949229,0.6513424125744554,13.0,2.361476514938381,2.6881704596607783,2.361476514938381,nan,nan,8.0,1.289232490615924,linex,0.9523735030349056,MWUMConcOnlyKL,1.8703016378627992,1004.0,1.289232490615924,9.0
0.923712028258024,nan,13.0,2.361476514938381,2.6881704596607783,2.361476514938381,nan,nan,8.0,2.4218954438028564,linex,1.184899491343159,MWUMVanilla,2.770780801010019,1004.0,2.4218954438028564,9.0
0.05555555555555557,nan,13.0,2.361476514938381,2.6881704596607783,2.361476514938381,nan,nan,8.0,3.1195009954024435,linex,1.136505193178379,Mean,2.585548407222842,1004.0,3.1195009954024435,9.0
nan,nan,13.0,2.361476514938381,2.6881704596607783,2.361476514938381,nan,nan,8.0,2.594121050642171,linex,1.0838693537275534,Median,2.4618008758562318,1004.0,2.594121050642171,9.0
0.12440788899913788,1.0148800809800524,13.0,2.361476514938381,2.6881704596607783,2.361476514938381,nan,nan,8.0,1.6311576279359319,linex,1.0253026073673397,OGDBoth,2.2200869823787825,1004.0,1.6311576279359319,9.0
0.06817547145082323,3.309192961941705,13.0,2.361476514938381,2.6881704596607783,2.361476514938381,nan,nan,8.0,1.6499384646775586,linex,1.0273236171864368,OGDConcOnly,2.1133552097513317,1004.0,1.6499384646775586,9.0
0.17750886900261156,nan,13.0,2.361476514938381,2.6881704596607783,2.361476514938381,nan,nan,8.0,1.6513452644979256,linex,1.0382062183405736,OGDVanilla,2.262997161322771,1004.0,1.6513452644979256,9.0
0.6061984639181699,0.021859914581516027,13.0,2.361476514938381,2.6881704596607783,2.361476514938381,0.0069721115537848604,0.03125498007968126,8.0,1.4255068121295065,linex,0.8863997375442677,RLKappaBandit,1.6716237561600955,1004.0,1.4255068121295065,9.0
0.07691030916821874,nan,13.0,2.361476514938381,2.6881704596607783,2.361476514938381,0.700199203187251,5.0,8.0,1.6238746579136023,linex,1.0352932893232902,RLRuleBandit,2.1721868326068274,1004.0,1.6238746579136023,9.0
0.6112223052866105,0.09293000254086081,17.0,18.550020680126035,6.37854984431044,18.550020680126035,nan,nan,12.0,24.40159829596437,linex,1.6002810148231785,MWUMBothKL,5.302094865399692,1004.0,24.40159829596437,4.0
0.1118271094874809,2.008945047781624,17.0,18.550020680126035,6.37854984431044,18.550020680126035,nan,nan,12.0,11.080448279942233,linex,1.580163422209414,MWUMConcOnlyKL,4.618751277185191,1004.0,11.080448279942233,4.0
0.9555281135057563,nan,17.0,18.550020680126035,6.37854984431044,18.550020680126035,nan,nan,12.0,20.809601085815984,linex,1.818395821940383,MWUMVanilla,6.011723893511264,1004.0,20.809601085815984,4.0
0.05555555555555557,nan,17.0,18.550020680126035,6.37854984431044,18.550020680126035,nan,nan,12.0,55.72493484477858,linex,1.9224284001724001,Mean,6.688280377726161,1004.0,55.72493484477858,4.0
nan,nan,17.0,18.550020680126035,6.37854984431044,18.550020680126035,nan,nan,12.0,45.92784098789226,linex,1.785071109879626,Median,6.113457283384116,1004.0,45.92784098789226,4.0
0.20154921334927717,1.1915599726581692,17.0,18.550020680126035,6.37854984431044,18.550020680126035,nan,nan,12.0,10.87809991138942,linex,1.4568037810407768,OGDBoth,4.141799892596924,1004.0,10.87809991138942,4.0
0.10454753282707903,3.1203583542207647,17.0,18.550020680126035,6.37854984431044,18.550020680126035,nan,nan,12.0,12.32733889301619,linex,1.589328713408574,OGDConcOnly,4.687334413922727,1004.0,12.32733889301619,4.0
0.2604874808087712,nan,17.0,18.550020680126035,6.37854984431044,18.550020680126035,nan,nan,12.0,10.725380259281266,linex,1.4902882551926206,OGDVanilla,4.307750239979189,1004.0,10.725380259281266,4.0
0.43688021661047993,0.961854763679069,17.0,18.550020680126035,6.37854984431044,18.550020680126035,0.3884462151394422,1.4716035856573708,12.0,12.47503424458565,linex,1.3767670663383567,RLKappaBandit,3.828069892097254,1004.0,12.47503424458565,4.0
0.17038383547786273,nan,17.0,18.550020680126035,6.37854984431044,18.550020680126035,0.6304780876494024,6.0,12.0,44.10543873171377,linex,1.7746511695048146,RLRuleBandit,5.947413351873799,1004.0,44.10543873171377,4.0
0.6489276805669766,0.09308424069320295,9.0,12.302680993244476,4.970904439134478,12.302680993244476,nan,nan,12.0,9.700301437749003,linex,1.5121211347641035,MWUMBothKL,4.649730131038408,1004.0,9.700301437749003,5.0
0.10360299775567583,2.012279376243315,9.0,12.302680993244476,4.970904439134478,12.302680993244476,nan,nan,12.0,9.066147268011232,linex,1.552094624582887,MWUMConcOnlyKL,4.556905012922963,1004.0,9.066147268011232,5.0
0.9820922428713277,nan,9.0,12.302680993244476,4.970904439134478,12.302680993244476,nan,nan,12.0,12.562080838560957,linex,1.6692076974206362,MWUMVanilla,5.513551969186267,1004.0,12.562080838560957,5.0
0.05555555555555557,nan,9.0,12.302680993244476,4.970904439134478,12.302680993244476,nan,nan,12.0,23.233432183424423,linex,1.856158196360968,Mean,6.131701223883001,1004.0,23.233432183424423,5.0
nan,nan,9.0,12.302680993244476,4.970904439134478,12.302680993244476,nan,nan,12.0,18.537084774031452,linex,1.7709017631458321,Median,5.7544036402313745,1004.0,18.537084774031452,5.0
0.21989393361886106,1.1935376529229356,9.0,12.302680993244476,4.970904439134478,12.302680993244476,nan,nan,12.0,8.699178534419763,linex,1.432882493215508,OGDBoth,4.019718194111816,1004.0,8.699178534419763,5.0
0.09572096078377089,3.125537341832846,9.0,12.302680993244476,4.970904439134478,12.302680993244476,nan,nan,12.0,9.781936661043366,linex,1.5566735772089813,OGDConcOnly,4.539432730529309,1004.0,9.781936661043366,5.0
0.3451841165760349,nan,9.0,12.302680993244476,4.970904439134478,12.302680993244476,nan,nan,12.0,8.925027564684893,linex,1.4830181767833437,OGDVanilla,4.348502711203807,1004.0,8.925027564684893,5.0
0.4278276631186229,1.0389708756563127,9.0,12.302680993244476,4.970904439134478,12.302680993244476,0.34462151394422313,1.4899203187251,12.0,9.833308566177395,linex,1.3656510269421387,RLKappaBandit,3.7547809158954824,1004.0,9.833308566177395,5.0
0.5653066044414832,nan,9.0,12.302680993244476,4.970904439134478,12.302680993244476,0.6693227091633466,5.0,12.0,13.736237166490083,linex,1.582170579797984,RLRuleBandit,4.882589979874522,1004.0,13.736237166490083,5.0
0.5148701246548715,0.088922044810277,1.0,4.642004022853202,3.8022182574803622,4.642004022853202,nan,nan,12.0,5.255289328886733,linex,1.2679462128597536,MWUMBothKL,3.2660341558421155,1004.0,5.255289328886733,6.0
0.08828445852088056,1.9223008074856374,1.0,4.642004022853202,3.8022182574803622,4.642004022853202,nan,nan,12.0,4.633363706573566,linex,1.2855023061798239,MWUMConcOnlyKL,3.365762668430882,1004.0,4.633363706573566,6.0
0.938699634935497,nan,1.0,4.642004022853202,3.8022182574803622,4.642004022853202,nan,nan,12.0,4.792349780600498,linex,1.3145302151658274,MWUMVanilla,3.819913260722954,1004.0,4.792349780600498,6.0
0.05555555555555557,nan,1.0,4.642004022853202,3.8022182574803622,4.642004022853202,nan,nan,12.0,8.173014997352974,linex,1.4658386327286554,Mean,4.271315764239809,1004.0,8.173014997352974,6.0
nan,nan,1.0,4.642004022853202,3.8022182574803622,4.642004022853202,nan,nan,12.0,7.388178295631061,linex,1.3873718646175381,Median,3.8913811891177277,1004.0,7.388178295631061,6.0
0.16874649004407744,1.1401689336355352,1.0,4.642004022853202,3.8022182574803622,4.642004022853202,nan,nan,12.0,4.375839942586441,linex,1.1815188972580009,OGDBoth,2.9638705903939226,1004.0,4.375839942586441,6.0
0.08326877238107704,2.9857796969868806,1.0,4.642004022853202,3.8022182574803622,4.642004022853202,nan,nan,12.0,4.261922032477488,linex,1.2784779564056428,OGDConcOnly,3.303427701829808,1004.0,4.261922032477488,6.0
0.26647096967596734,nan,1.0,4.642004022853202,3.8022182574803622,4.642004022853202,nan,nan,12.0,4.38263894095802,linex,1.2109460268516852,OGDVanilla,3.0639996471907835,1004.0,4.38263894095802,6.0
0.35798591104624805,0.5901868886617674,1.0,4.642004022853202,3.8022182574803622,4.642004022853202,0.37649402390438247,0.9687948207171315,12.0,5.716870710320053,linex,1.145438751909652,RLKappaBandit,2.778264238070397,1004.0,5.716870710320053,6.0
0.3056369667871601,nan,1.0,4.642004022853202,3.8022182574803622,4.642004022853202,0.4352589641434263,1.0,12.0,6.249130056216284,linex,1.3383984820449133,RLRuleBandit,3.740471331228558,1004.0,6.249130056216284,6.0
0.5871679833512398,0.08837557471635508,9.0,6.2405065809351115,4.007338809646217,6.2405065809351115,nan,nan,12.0,4.37055385634919,linex,1.3997250817064606,MWUMBothKL,3.82037054727561,1004.0,4.37055385634919,7.0
0.09340856451796635,1.9104871883521235,9.0,6.2405065809351115,4.007338809646217,6.2405065809351115,nan,nan,12.0,3.8753870594420743,linex,1.3483725026900393,MWUMConcOnlyKL,3.470146170453602,1004.0,3.8753870594420743,7.0
0.934284218205036,nan,9.0,6.2405065809351115,4.007338809646217,6.2405065809351115,nan,nan,12.0,6.979216810639948,linex,1.4545438976223113,MWUMVanilla,3.976336087986254,1004.0,6.979216810639948,7.0
0.05555555555555557,nan,9.0,6.2405065809351115,4.007338809646217,6.2405065809351115,nan,nan,12.0,13.266670727200758,linex,1.5568526667898412,Mean,4.550555749148286,1004.0,13.266670727200758,7.0
nan,nan,9.0,6.2405065809351115,4.007338809646217,6.2405065809351115,nan,nan,12.0,12.76628167848737,linex,1.4772855002233751,Median,4.2699324540033965,1004.0,12.76628167848737,7.0
0.17098391139803684,1.133161957063117,9.0,6.2405065809351115,4.007338809646217,6.2405065809351115,nan,nan,12.0,3.9511585165235705,linex,1.277617651782006,OGDBoth,3.233509792661614,1004.0,3.9511585165235705,7.0
0.08673457858291896,2.9674303988150736,9.0,6.2405065809351115,4.007338809646217,6.2405065809351115,nan,nan,12.0,4.039111910645862,linex,1.3388664381989945,OGDConcOnly,3.429242631725856,1004.0,4.039111910645862,7.0
0.23525623323466116,nan,9.0,6.2405065809351115,4.007338809646217,6.2405065809351115,nan,nan,12.0,4.055512108698805,linex,1.3181043586989973,OGDVanilla,3.519382737595819,1004.0,4.055512108698805,7.0
0.37596845776240845,0.5971189201104741,9.0,6.2405065809351115,4.007338809646217,6.2405065809351115,0.5547808764940239,0.8664840637450199,12.0,5.038046943768933,linex,1.1590886893487886,RLKappaBandit,2.7034813916779723,1004.0,5.038046943768933,7.0
0.29994837261288226,nan,9.0,6.2405065809351115,4.007338809646217,6.2405065809351115,0.4252988047808765,1.0,12.0,6.048609651840384,linex,1.4136137580370405,RLRuleBandit,3.7797338403596816,1004.0,6.048609651840384,7.0
0.4875446067089252,0.09478268951630049,17.0,5.084165022841486,4.310471806498238,5.084165022841486,nan,nan,12.0,3.799749762995258,linex,1.2974494946945965,MWUMBothKL,3.4250938514985028,1004.0,3.799749762995258,8.0
0.09005421660220922,2.0489965319248604,17.0,5.084165022841486,4.310471806498238,5.084165022841486,nan,nan,12.0,3.472756295964183,linex,1.2698038372153564,MWUMConcOnlyKL,3.096835081644318,1004.0,3.472756295964183,8.0
0.9257466003687659,nan,17.0,5.084165022841486,4.310471806498238,5.084165022841486,nan,nan,12.0,5.703618627736575,linex,1.3730979074785363,MWUMVanilla,3.6980861452281353,1004.0,5.703618627736575,8.0
0.05555555555555557,nan,17.0,5.084165022841486,4.310471806498238,5.084165022841486,nan,nan,12.0,10.074248073824192,linex,1.4358228787087148,Mean,3.892057130287818,1004.0,10.074248073824192,8.0
nan,nan,17.0,5.084165022841486,4.310471806498238,5.084165022841486,nan,nan,12.0,8.322672858881553,linex,1.3798655004531613,Median,3.7207791944669206,1004.0,8.322672858881553,8.0
0.15646147244508815,1.2153155896211447,17.0,5.084165022841486,4.310471806498238,5.084165022841486,nan,nan,12.0,3.5839592075264286,linex,1.2148102730443262,OGDBoth,2.9613391214572387,1004.0,3.5839592075264286,8.0
0.0825294842087951,3.1825676244250825,17.0,5.084165022841486,4.310471806498238,5.084165022841486,nan,nan,12.0,3.534983412761114,linex,1.2723926436309352,OGDConcOnly,3.07712775441385,1004.0,3.534983412761114,8.0
0.22676823228802065,nan,17.0,5.084165022841486,4.310471806498238,5.084165022841486,nan,nan,12.0,3.636382531715676,linex,1.2406449769124763,OGDVanilla,3.1341079400557557,1004.0,3.636382531715676,8.0
0.5709945019195825,0.17321735359093735,17.0,5.084165022841486,4.310471806498238,5.084165022841486,0.054780876494023904,0.27208167330677285,12.0,3.5230609115490354,linex,1.1212202221409482,RLKappaBandit,2.64821754091493,1004.0,3.5230609115490354,8.0
0.24653061067270868,nan,17.0,5.084165022841486,4.310471806498238,5.084165022841486,0.7659362549800797,3.0,12.0,4.378204878295544,linex,1.2839159812045076,RLRuleBandit,3.332839855651258,1004.0,4.378204878295544,8.0
0.3862545546734187,0.09403923023308498,17.0,2.7864565552211986,2.8986225824714533,2.7864565552211986,nan,nan,12.0,1.906164570640628,linex,0.9914660201104615,MWUMBothKL,2.302787655934087,1004.0,1.906164570640628,9.0
0.07773321654830055,2.0329243901720524,17.0,2.7864565552211986,2.8986225824714533,2.7864565552211986,nan,nan,12.0,1.461242950159837,linex,1.021526961935706,MWUMConcOnlyKL,2.065746748130236,1004.0,1.461242950159837,9.0
0.9694050600290834,nan,17.0,2.7864565552211986,2.8986225824714533,2.7864565552211986,nan,nan,12.0,2.89550504706482,linex,1.1992223455806734,MWUMVanilla,2.899829412429576,1004.0,2.89550504706482,9.0
0.05555555555555557,nan,17.0,2.7864565552211986,2.8986225824714533,2.7864565552211986,nan,nan,12.0,4.38496573783435,linex,1.1582867446657552,Mean,2.660162998706411,1004.0,4.38496573783435,9.0
nan,nan,17.0,2.7864565552211986,2.8986225824714533,2.7864565552211986,nan,nan,12.0,2.8872610072753004,linex,1.097619686507718,Median,2.5042038282832224,1004.0,2.8872610072753004,9.0
0.13697329861256868,1.205782768268285,17.0,2.7864565552211986,2.8986225824714533,2.7864565552211986,nan,nan,12.0,1.4393413084190332,linex,0.9557239583470261,OGDBoth,1.9687419425032724,1004.0,1.4393413084190332,9.0
0.0717334607492676,3.1576038501617663,17.0,2.7864565552211986,2.8986225824714533,2.7864565552211986,nan,nan,12.0,1.5533001101007313,linex,1.0246426271248532,OGDConcOnly,2.0685600712666052,1004.0,1.5533001101007313,9.0
0.22575750222711596,nan,17.0,2.7864565552211986,2.8986225824714533,2.7864565552211986,nan,nan,12.0,1.6320581217362486,linex,0.98816898139173,OGDVanilla,2.1494789107831367,1004.0,1.6320581217362486,9.0
0.18324150772161263,3.872483521164341,17.0,2.7864565552211986,2.8986225824714533,2.7864565552211986,0.7599601593625498,5.716294820717131,12.0,1.6366265483986835,linex,0.996782069875721,RLKappaBandit,2.0151526957546766,1004.0,1.6366265483986835,9.0
0.30371962798841445,nan,17.0,2.7864565552211986,2.8986225824714533,2.7864565552211986,0.6952191235059761,5.0,12.0,1.9589858811736303,linex,1.0610756334607607,RLRuleBandit,2.4314991045916523,1004.0,1.9589858811736303,9.0
0.12309839547813713,4.733796932188019,17.0,35.891270430657805,6.492830703172635,35.891270430657805,nan,nan,16.0,14.234484661608155,linex,1.5889298099861633,MWUMBothKL,4.669465269854564,1004.0,14.234484661608155,4.0
0.10698838544686676,2.965382608123566,17.0,35.891270430657805,6.492830703172635,35.891270430657805,nan,nan,16.0,9.437955021794796,linex,1.5782787434849532,MWUMConcOnlyKL,4.59157163952359,1004.0,9.437955021794796,4.0
0.9412377339867064,nan,17.0,35.891270430657805,6.492830703172635,35.891270430657805,nan,nan,16.0,25.15736163546364,linex,1.8054383248892327,MWUMVanilla,6.147573147563734,1004.0,25.15736163546364,4.0
0.05555555555555557,nan,17.0,35.891270430657805,6.492830703172635,35.891270430657805,nan,nan,16.0,40.23238503939912,linex,1.8964209634930882,Mean,6.521288865367257,1004.0,40.23238503939912,4.0
nan,nan,17.0,35.891270430657805,6.492830703172635,35.891270430657805,nan,nan,16.0,33.73797046589354,linex,1.7637604766487047,Median,5.938124154200526,1004.0,33.73797046589354,4.0
0.2462951231823497,0.0006976700127676083,17.0,35.891270430657805,6.492830703172635,35.891270430657805,nan,nan,16.0,13.361483566823512,linex,1.7195477594219264,OGDBoth,5.612117975957502,1004.0,13.361483566823512,4.0
0.09469230069795712,5.357662672779608,17.0,35.891270430657805,6.492830703172635,35.891270430657805,nan,nan,16.0,10.79566376244683,linex,1.6112043186298715,OGDConcOnly,4.773618352736096,1004.0,10.79566376244683,4.0
0.24613015014654246,nan,17.0,35.891270430657805,6.492830703172635,35.891270430657805,nan,nan,16.0,13.371087130788366,linex,1.7197358297255256,OGDVanilla,5.613130800151653,1004.0,13.371087130788366,4.0
0.3923732197366829,0.9664609526572367,17.0,35.891270430657805,6.492830703172635,35.891270430657805,0.4402390438247012,1.294561752988048,16.0,10.907312872746944,linex,1.3759877071042073,RLKappaBandit,3.9991297592755073,1004.0,10.907312872746944,4.0
0.22805702072518932,nan,17.0,35.891270430657805,6.492830703172635,35.891270430657805,0.6573705179282868,3.0,16.0,23.940806027839635,linex,1.767725279654427,RLRuleBandit,5.8891641114022315,1004.0,23.940806027839635,4.0
0.11236981913610504,4.741653811291229,9.0,13.29215410190259,4.994578546773616,13.29215410190259,nan,nan,16.0,9.552070284100214,linex,1.5797897895996467,MWUMBothKL,4.932515746825055,1004.0,9.552070284100214,5.0
0.09503395513984009,2.970304376007874,9.0,13.29215410190259,4.994578546773616,13.29215410190259,nan,nan,16.0,10.222911463714246,linex,1.5808964694763195,MWUMConcOnlyKL,4.991064746947982,1004.0,10.222911463714246,5.0
0.9381776498714579,nan,9.0,13.29215410190259,4.994578546773616,13.29215410190259,nan,nan,16.0,12.650369031630357,linex,1.766456719972408,MWUMVanilla,6.221048187847248,1004.0,12.650369031630357,5.0
0.05555555555555557,nan,9.0,13.29215410190259,4.994578546773616,13.29215410190259,nan,nan,16.0,22.952868048902822,linex,1.878770332802475,Mean,6.536035037870974,1004.0,22.952868048902822,5.0
nan,nan,9.0,13.29215410190259,4.994578546773616,13.29215410190259,nan,nan,16.0,22.887434107687337,linex,1.788633047156366,Median,5.95125511509052,1004.0,22.887434107687337,5.0
0.19708808246635645,0.0006988263051265432,9.0,13.29215410190259,4.994578546773616,13.29215410190259,nan,nan,16.0,12.261277911794005,linex,1.6923197429870913,OGDBoth,5.468665243595786,1004.0,12.261277911794005,5.0
0.08578894511155835,5.366555007946131,9.0,13.29215410190259,4.994578546773616,13.29215410190259,nan,nan,16.0,10.817622077395951,linex,1.5950255409207184,OGDConcOnly,5.030662372794229,1004.0,10.817622077395951,5.0
0.19704210082075727,nan,9.0,13.29215410190259,4.994578546773616,13.29215410190259,nan,nan,16.0,12.271492103671847,linex,1.6924977118118925,OGDVanilla,5.469424399229243,1004.0,12.271492103671847,5.0
0.3519601276331866,1.3879443008546557,9.0,13.29215410190259,4.994578546773616,13.29215410190259,0.6713147410358565,2.1672310756972113,16.0,11.398557665936073,linex,1.4212989184872047,RLKappaBandit,4.234311382488714,1004.0,11.398557665936073,5.0
0.15961796928896838,nan,9.0,13.29215410190259,4.994578546773616,13.29215410190259,0.351593625498008,1.0,16.0,24.74095376457843,linex,1.7346061586277761,RLRuleBandit,5.806018678047184,1004.0,24.74095376457843,5.0
0.09411024535311686,4.52963188701736,9.0,4.714672562527347,3.7849565722435377,4.714672562527347,nan,nan,16.0,4.39480676688031,linex,1.3551863814018108,MWUMBothKL,3.678667748753602,1004.0,4.39480676688031,6.0
0.08333169601944311,2.837487937832835,9.0,4.714672562527347,3.7849565722435377,4.714672562527347,nan,nan,16.0,4.434995495374957,linex,1.3555839159579806,MWUMConcOnlyKL,3.690356911424107,1004.0,4.434995495374957,6.0
0.9173437013641639,nan,9.0,4.714672562527347,3.7849565722435377,4.714672562527347,nan,nan,16.0,4.955070069150121,linex,1.3660988939456207,MWUMVanilla,4.053033754152759,1004.0,4.955070069150121,6.0
0.05555555555555557,nan,9.0,4.714672562527347,3.7849565722435377,4.714672562527347,nan,nan,16.0,62.06957206270775,linex,1.5258637732664628,Mean,4.6491430285107995,1004.0,62.06957206270775,6.0
nan,nan,9.0,4.714672562527347,3.7849565722435377,4.714672562527347,nan,nan,16.0,18.98271823560245,linex,1.4265055028533613,Median,4.194102831571579,1004.0,18.98271823560245,6.0
0.1716274813786656,0.00066762316100989,9.0,4.714672562527347,3.7849565722435377,4.714672562527347,nan,nan,16.0,5.626436846464291,linex,1.3936741382872415,OGDBoth,4.0390421159153505,1004.0,5.626436846464291,6.0
0.0737002328419551,5.126590769152666,9.0,4.714672562527347,3.7849565722435377,4.714672562527347,nan,nan,16.0,4.920062238743637,linex,1.353999757104251,OGDConcOnly,3.687156591452116,1004.0,4.920062238743637,6.0
0.17154675892155807,nan,9.0,4.714672562527347,3.7849565722435377,4.714672562527347,nan,nan,16.0,5.629286179714475,linex,1.393769317634479,OGDVanilla,4.039606672187189,1004.0,5.629286179714475,6.0
0.3364591552225995,2.0895194342640977,9.0,4.714672562527347,3.7849565722435377,4.714672562527347,0.46115537848605576,3.043097609561753,16.0,45.76695874967121,linex,1.2387877198852935,RLKappaBandit,3.3195850244560106,1004.0,45.76695874967121,6.0
0.34258857784661834,nan,9.0,4.714672562527347,3.7849565722435377,4.714672562527347,0.40836653386454186,6.0,16.0,8.321739349483533,linex,1.3520873354911025,RLRuleBandit,4.018323566885549,1004.0,8.321739349483533,6.0
0.0992635336803227,4.501794744285386,1.0,5.550586020718884,4.036202076565264,5.550586020718884,nan,nan,16.0,16.75139667583907,linex,1.3793398390404954,MWUMBothKL,3.6511119203519398,1004.0,16.75139667583907,7.0
0.08817224452091792,2.820049976361194,1.0,5.550586020718884,4.036202076565264,5.550586020718884,nan,nan,16.0,20.482685398730798,linex,1.401586236339986,MWUMConcOnlyKL,3.7596670505474177,1004.0,20.482685398730798,7.0
0.9496744136127984,nan,1.0,5.550586020718884,4.036202076565264,5.550586020718884,nan,nan,16.0,5.603700597452344,linex,1.4623214267874753,MWUMVanilla,4.066621650823887,1004.0,5.603700597452344,7.0
0.05555555555555557,nan,1.0,5.550586020718884,4.036202076565264,5.550586020718884,nan,nan,16.0,11.580346930700722,linex,1.5943882511571388,Mean,4.683958236970049,1004.0,11.580346930700722,7.0
nan,nan,1.0,5.550586020718884,4.036202076565264,5.550586020718884,nan,nan,16.0,9.923542288438366,linex,1.5091813902813325,Median,4.345275244005882,1004.0,9.923542288438366,7.0
0.2714019424114,0.0006635263847947112,1.0,5.550586020718884,4.036202076565264,5.550586020718884,nan,nan,16.0,11.436947656427686,linex,1.4764015649902074,OGDBoth,4.073910181403739,1004.0,11.436947656427686,7.0
0.07882418648406973,5.095084976585505,1.0,5.550586020718884,4.036202076565264,5.550586020718884,nan,nan,16.0,15.889376564209513,linex,1.3979289357600118,OGDConcOnly,3.7319527150046987,1004.0,15.889376564209513,7.0
0.2714434251124192,nan,1.0,5.550586020718884,4.036202076565264,5.550586020718884,nan,nan,16.0,11.428509768145615,linex,1.4764905536121202,OGDVanilla,4.074214098789036,1004.0,11.428509768145615,7.0
0.2690559670604305,1.6057997407150688,1.0,5.550586020718884,4.036202076565264,5.550586020718884,0.7609561752988048,2.242609561752988,16.0,21.42781345462543,linex,1.3106076366418957,RLKappaBandit,4.688887415915282,1004.0,21.42781345462543,7.0
0.2526865747907333,nan,1.0,5.550586020718884,4.036202076565264,5.550586020718884,0.34960159362549803,4.0,16.0,6.448442835997419,linex,1.4949744382853447,RLRuleBandit,4.2173369028746714,1004.0,6.448442835997419,7.0
0.09348865624082732,4.828172658044948,9.0,5.06093593126818,3.35517750003092,5.06093593126818,nan,nan,16.0,3.27528206039536,linex,1.2860202232568514,MWUMBothKL,3.128596145681552,1004.0,3.27528206039536,8.0
0.08389142169509926,3.024502191163997,9.0,5.06093593126818,3.35517750003092,5.06093593126818,nan,nan,16.0,3.437033874872145,linex,1.2828985401258013,MWUMConcOnlyKL,3.124282495564336,1004.0,3.437033874872145,8.0
0.9606263266675797,nan,9.0,5.06093593126818,3.35517750003092,5.06093593126818,nan,nan,16.0,5.114023939551899,linex,1.3841542376382112,MWUMVanilla,3.5762289278785246,1004.0,5.114023939551899,8.0
0.05555555555555557,nan,9.0,5.06093593126818,3.35517750003092,5.06093593126818,nan,nan,16.0,6.991552010655362,linex,1.4499685825682873,Mean,3.8966635642906375,1004.0,6.991552010655362,8.0
nan,nan,9.0,5.06093593126818,3.35517750003092,5.06093593126818,nan,nan,16.0,6.228576463491564,linex,1.3930677735764854,Median,3.697434389129616,1004.0,6.228576463491564,8.0
0.21570236477875532,0.0007115592338239345,9.0,5.06093593126818,3.35517750003092,5.06093593126818,nan,nan,16.0,4.0542165826765295,linex,1.3800710659686923,OGDBoth,3.575784206966657,1004.0,4.0542165826765295,8.0
0.07522216057553731,5.464476151118695,9.0,5.06093593126818,3.35517750003092,5.06093593126818,nan,nan,16.0,3.7224001717995843,linex,1.3027670862793506,OGDConcOnly,3.179023212203898,1004.0,3.7224001717995843,8.0
0.21571840850716859,nan,9.0,5.06093593126818,3.35517750003092,5.06093593126818,nan,nan,16.0,4.056654098528726,linex,1.3801541402160284,OGDVanilla,3.5760212099905284,1004.0,4.056654098528726,8.0
0.3939231202895075,1.2902755252835263,9.0,5.06093593126818,3.35517750003092,5.06093593126818,0.3655378486055777,1.8336653386454183,16.0,4.251312374620026,linex,1.1359514679710352,RLKappaBandit,2.5647196014726905,1004.0,4.251312374620026,8.0
0.1920478873559474,nan,9.0,5.06093593126818,3.35517750003092,5.06093593126818,0.44123505976095617,4.0,16.0,5.401015601404392,linex,1.3678224818780775,RLRuleBandit,3.6035900632325295,1004.0,5.401015601404392,8.0
0.07731769704471686,4.790300901818084,17.0,4.0278713313955485,3.1631553130250727,4.0278713313955485,nan,nan,16.0,2.220721596367851,linex,1.0633577709526583,MWUMBothKL,2.3423766977988594,1004.0,2.220721596367851,9.0
0.07415676145059862,3.000778268335206,17.0,4.0278713313955485,3.1631553130250727,4.0278713313955485,nan,nan,16.0,2.050131954939553,linex,1.0571039493768752,MWUMConcOnlyKL,2.2858067577233125,1004.0,2.050131954939553,9.0
0.9205157152741055,nan,17.0,4.0278713313955485,3.1631553130250727,4.0278713313955485,nan,nan,16.0,4.4784385244538365,linex,1.233735709451847,MWUMVanilla,2.964509419746279,1004.0,4.4784385244538365,9.0
0.05555555555555557,nan,17.0,4.0278713313955485,3.1631553130250727,4.0278713313955485,nan,nan,16.0,9.67544678819738,linex,1.204630244364199,Mean,2.9366755595581733,1004.0,9.67544678819738,9.0
nan,nan,17.0,4.0278713313955485,3.1631553130250727,4.0278713313955485,nan,nan,16.0,4.060393217818101,linex,1.137671905938201,Median,2.722109889241983,1004.0,4.060393217818101,9.0
0.14886172813186005,0.0007059856693374095,17.0,4.0278713313955485,3.1631553130250727,4.0278713313955485,nan,nan,16.0,2.5486896512177997,linex,1.1414363450595049,OGDBoth,2.7788969530002263,1004.0,2.5486896512177997,9.0
0.06808010435504602,5.421613285941545,17.0,4.0278713313955485,3.1631553130250727,4.0278713313955485,nan,nan,16.0,2.016809980208969,linex,1.0727105302686837,OGDConcOnly,2.31464947262607,1004.0,2.016809980208969,9.0
0.14866208679358414,nan,17.0,4.0278713313955485,3.1631553130250727,4.0278713313955485,nan,nan,16.0,2.5491945503618494,linex,1.1414828799087455,OGDVanilla,2.77884864451511,1004.0,2.5491945503618494,9.0
0.21779404360155613,2.9623019489807354,17.0,4.0278713313955485,3.1631553130250727,4.0278713313955485,0.647410358565737,4.151454183266932,16.0,2.081876604310064,linex,0.9507788059154112,RLKappaBandit,1.966956344758536,1004.0,2.081876604310064,9.0
0.3711834379499228,nan,17.0,4.0278713313955485,3.1631553130250727,4.0278713313955485,0.41334661354581675,2.0,16.0,40.60158669349261,linex,1.1878728791103057,RLRuleBandit,2.9575758823079155,1004.0,40.60158669349261,9.0
0.2851339651655047,0.7564351577217754,13.0,54.351410545543345,6.345183501578212,54.351410545543345,nan,nan,20.0,38.470102941261366,linex,1.57647633292102,MWUMBothKL,5.559386459604297,1004.0,38.470102941261366,4.0
0.11002676048293102,2.6427243146185915,13.0,54.351410545543345,6.345183501578212,54.351410545543345,nan,nan,20.0,27.147294581632053,linex,1.5785674557732756,MWUMConcOnlyKL,4.712781795302501,1004.0,27.147294581632053,4.0
0.8765022374913825,nan,13.0,54.351410545543345,6.345183501578212,54.351410545543345,nan,nan,20.0,35.66050022623284,linex,1.8582494464111776,MWUMVanilla,7.5272706072485205,1004.0,35.66050022623284,4.0
0.05555555555555557,nan,13.0,54.351410545543345,6.345183501578212,54.351410545543345,nan,nan,20.0,84.15611043920484,linex,1.8789327171688102,Mean,6.542002045846569,1004.0,84.15611043920484,4.0
nan,nan,13.0,54.351410545543345,6.345183501578212,54.351410545543345,nan,nan,20.0,73.00051461425312,linex,1.756536008062534,Median,5.952844601078086,1004.0,73.00051461425312,4.0
0.19479758314209136,4.749962346965379,13.0,54.351410545543345,6.345183501578212,54.351410545543345,nan,nan,20.0,24.94708693861216,linex,1.7283501816487563,OGDBoth,6.374983304287577,1004.0,24.94708693861216,4.0
0.10036448451502249,5.370639570308831,13.0,54.351410545543345,6.345183501578212,54.351410545543345,nan,nan,20.0,29.58338066160475,linex,1.6087879844331465,OGDConcOnly,4.92732442668187,1004.0,29.58338066160475,4.0
0.34626071527988816,nan,13.0,54.351410545543345,6.345183501578212,54.351410545543345,nan,nan,20.0,30.212594383538487,linex,1.7335067091031413,OGDVanilla,6.667969914005631,1004.0,30.212594383538487,4.0
0.30168835223049484,1.158536094054156,13.0,54.351410545543345,6.345183501578212,54.351410545543345,0.8007968127490039,1.861613545816733,20.0,30.87193740450553,linex,1.4163505063219355,RLKappaBandit,4.09526709287559,1004.0,30.87193740450553,4.0
0.25699632400299277,nan,13.0,54.351410545543345,6.345183501578212,54.351410545543345,0.48904382470119523,3.0,20.0,37.184050771930636,linex,1.7287876713058417,RLRuleBandit,5.709383701231269,1004.0,37.184050771930636,4.0
0.2879663886255776,0.7576906431317709,9.0,14.553086985400254,4.957686486171331,14.553086985400254,nan,nan,20.0,13.014777261595684,linex,1.6106971060864228,MWUMBothKL,6.820767430101917,1004.0,13.014777261595684,5.0
0.09810486282457213,2.6471105530377446,9.0,14.553086985400254,4.957686486171331,14.553086985400254,nan,nan,20.0,11.903927335784063,linex,1.6081343279395208,MWUMConcOnlyKL,5.520869533220745,1004.0,11.903927335784063,5.0
0.9028846539130988,nan,9.0,14.553086985400254,4.957686486171331,14.553086985400254,nan,nan,20.0,15.660355757647059,linex,1.7097122681916324,MWUMVanilla,6.060803961849385,1004.0,15.660355757647059,5.0
0.05555555555555557,nan,9.0,14.553086985400254,4.957686486171331,14.553086985400254,nan,nan,20.0,22.878488634605255,linex,1.9330629766871152,Mean,7.147458416183579,1004.0,22.878488634605255,5.0
nan,nan,9.0,14.553086985400254,4.957686486171331,14.553086985400254,nan,nan,20.0,26.333859489983574,linex,1.831737924812085,Median,6.252415623921823,1004.0,26.333859489983574,5.0
0.14481554654696963,4.7578460564836265,9.0,14.553086985400254,4.957686486171331,14.553086985400254,nan,nan,20.0,14.313904473370632,linex,1.7588586954097203,OGDBoth,5.92652151539863,1004.0,14.313904473370632,5.0
0.08723464497426979,5.379553443774951,9.0,14.553086985400254,4.957686486171331,14.553086985400254,nan,nan,20.0,12.341930758132522,linex,1.6318341736208912,OGDConcOnly,5.565640979721177,1004.0,12.341930758132522,5.0
0.21506589331026135,nan,9.0,14.553086985400254,4.957686486171331,14.553086985400254,nan,nan,20.0,13.3485209567611,linex,1.722744637348849,OGDVanilla,5.817283135419787,1004.0,13.3485209567611,5.0
0.3377725446842371,1.6760604543903161,9.0,14.553086985400254,4.957686486171331,14.553086985400254,0.4681274900398406,2.2456075697211157,20.0,11.329638592613168,linex,1.4110523168400366,RLKappaBandit,4.3344146530343695,1004.0,11.329638592613168,5.0
0.42620690387890103,nan,9.0,14.553086985400254,4.957686486171331,14.553086985400254,0.39243027888446214,1.0,20.0,36.83908618433219,linex,1.80428248236118,RLRuleBandit,7.078259286526205,1004.0,36.83908618433219,5.0
0.2362284932905978,0.723810723506143,9.0,4.587462775991526,3.790465183918476,4.587462775991526,nan,nan,20.0,3.71690368807683,linex,1.2677195108762467,MWUMBothKL,3.3252530372211755,1004.0,3.71690368807683,6.0
0.08765983624985511,2.5287456529627494,9.0,4.587462775991526,3.790465183918476,4.587462775991526,nan,nan,20.0,4.865737036882627,linex,1.3455135480248606,MWUMConcOnlyKL,3.6292078356288116,1004.0,4.865737036882627,6.0
0.9270207046101977,nan,9.0,4.587462775991526,3.790465183918476,4.587462775991526,nan,nan,20.0,4.622977653899204,linex,1.300403368078203,MWUMVanilla,3.7749079115950726,1004.0,4.622977653899204,6.0
0.05555555555555557,nan,9.0,4.587462775991526,3.790465183918476,4.587462775991526,nan,nan,20.0,108.8301654619828,linex,1.532371397284762,Mean,4.685553587549333,1004.0,108.8301654619828,6.0
nan,nan,9.0,4.587462775991526,3.790465183918476,4.587462775991526,nan,nan,20.0,23.012350803753073,linex,1.4485770460976133,Median,4.269670544622821,1004.0,23.012350803753073,6.0
0.12800352554003736,4.545100099658105,9.0,4.587462775991526,3.790465183918476,4.587462775991526,nan,nan,20.0,5.039842238133665,linex,1.3915897101241559,OGDBoth,4.018872118965889,1004.0,5.039842238133665,6.0
0.07711161172165333,5.13900798288728,9.0,4.587462775991526,3.790465183918476,4.587462775991526,nan,nan,20.0,5.179411010827366,linex,1.3493562498632008,OGDConcOnly,3.6552391267971696,1004.0,5.179411010827366,6.0
0.23372243131167952,nan,9.0,4.587462775991526,3.790465183918476,4.587462775991526,nan,nan,20.0,4.677309283336021,linex,1.3544727733470436,OGDVanilla,3.9322718116785045,1004.0,4.677309283336021,6.0
0.30457661160069716,0.5103751107472495,9.0,4.587462775991526,3.790465183918476,4.587462775991526,0.7729083665338645,0.7121613545816733,20.0,6.275676643465032,linex,1.178946154883244,RLKappaBandit,3.0886926956181027,1004.0,6.275676643465032,6.0
0.4838127464091843,nan,9.0,4.587462775991526,3.790465183918476,4.587462775991526,0.4721115537848606,2.0,20.0,4.968939938662545,linex,1.3819008976920968,RLRuleBandit,3.965517883629189,1004.0,4.968939938662545,6.0
0.2278831656925452,0.7193625035326832,1.0,5.282178944927186,4.060185414704684,5.282178944927186,nan,nan,20.0,6.226184950102504,linex,1.3535028239485543,MWUMBothKL,3.4244574430047034,1004.0,6.226184950102504,7.0
0.0870783918296416,2.5132050873862037,1.0,5.282178944927186,4.060185414704684,5.282178944927186,nan,nan,20.0,5.684354047434789,linex,1.3816979011252255,MWUMConcOnlyKL,3.5052426737167894,1004.0,5.684354047434789,7.0
0.908420719799107,nan,1.0,5.282178944927186,4.060185414704684,5.282178944927186,nan,nan,20.0,5.414363269793116,linex,1.4846854927592443,MWUMVanilla,4.051154804095089,1004.0,5.414363269793116,7.0
0.05555555555555557,nan,1.0,5.282178944927186,4.060185414704684,5.282178944927186,nan,nan,20.0,8.652103742981485,linex,1.620131367112636,Mean,4.636976117085923,1004.0,8.652103742981485,7.0
nan,nan,1.0,5.282178944927186,4.060185414704684,5.282178944927186,nan,nan,20.0,7.354044614805572,linex,1.541898147505367,Median,4.343551274143944,1004.0,7.354044614805572,7.0
0.1466925055192731,4.5171678960141435,1.0,5.282178944927186,4.060185414704684,5.282178944927186,nan,nan,20.0,4.508878070395509,linex,1.450956730406962,OGDBoth,3.792018806185156,1004.0,4.508878070395509,7.0
0.07953788624182416,5.107425879521362,1.0,5.282178944927186,4.060185414704684,5.282178944927186,nan,nan,20.0,4.443453295687715,linex,1.3963273636692537,OGDConcOnly,3.5680703631765236,1004.0,4.443453295687715,7.0
0.2586991234473703,nan,1.0,5.282178944927186,4.060185414704684,5.282178944927186,nan,nan,20.0,4.569335251246136,linex,1.4441335522637926,OGDVanilla,3.7771203679570466,1004.0,4.569335251246136,7.0
0.35672360042696605,1.4404720149942687,1.0,5.282178944927186,4.060185414704684,5.282178944927186,0.601593625498008,1.9891932270916337,20.0,5.585127620945392,linex,1.2328551300241286,RLKappaBandit,3.076471848304276,1004.0,5.585127620945392,7.0
0.294023210044227,nan,1.0,5.282178944927186,4.060185414704684,5.282178944927186,0.41733067729083667,3.0,20.0,5.506023866826421,linex,1.5186024575562105,RLRuleBandit,4.255138403163787,1004.0,5.506023866826421,7.0
0.2095356187100277,0.7715158717450707,9.0,6.138842624369051,3.4567486877205242,6.138842624369051,nan,nan,20.0,5.230299323197838,linex,1.2732388070445273,MWUMBothKL,3.253324733893024,1004.0,5.230299323197838,8.0
0.08295353256046514,2.695411193104474,9.0,6.138842624369051,3.4567486877205242,6.138842624369051,nan,nan,20.0,5.32753003430518,linex,1.2818486388059303,MWUMConcOnlyKL,3.22881165353011,1004.0,5.32753003430518,8.0
0.9650138511826194,nan,9.0,6.138842624369051,3.4567486877205242,6.138842624369051,nan,nan,20.0,6.669231971726877,linex,1.3660581065499025,MWUMVanilla,3.7060201635023464,1004.0,6.669231971726877,8.0
0.05555555555555557,nan,9.0,6.138842624369051,3.4567486877205242,6.138842624369051,nan,nan,20.0,7.316630344540575,linex,1.46407743927296,Mean,3.9965420167676324,1004.0,7.316630344540575,8.0
nan,nan,9.0,6.138842624369051,3.4567486877205242,6.138842624369051,nan,nan,20.0,7.257058586719684,linex,1.3953636949489892,Median,3.780092018412336,1004.0,7.257058586719684,8.0
0.10540496079179926,4.844660355991088,9.0,6.138842624369051,3.4567486877205242,6.138842624369051,nan,nan,20.0,3.8227299584967587,linex,1.3667940612793048,OGDBoth,3.5377742995566592,1004.0,3.8227299584967587,8.0
0.07501275347158166,5.477711763670963,9.0,6.138842624369051,3.4567486877205242,6.138842624369051,nan,nan,20.0,4.478292659872145,linex,1.307067420868106,OGDConcOnly,3.2941263374748075,1004.0,4.478292659872145,8.0
0.21929889238562927,nan,9.0,6.138842624369051,3.4567486877205242,6.138842624369051,nan,nan,20.0,3.5296955226067537,linex,1.3470529301291925,OGDVanilla,3.630340705022918,1004.0,3.5296955226067537,8.0
0.2663493959582484,0.41557526971254993,9.0,6.138842624369051,3.4567486877205242,6.138842624369051,0.9392430278884463,0.5930478087649402,20.0,14.8227958600692,linex,1.1366311638989708,RLKappaBandit,2.735105725258347,1004.0,14.8227958600692,8.0
0.11514865602130493,nan,9.0,6.138842624369051,3.4567486877205242,6.138842624369051,0.7559760956175299,3.0,20.0,4.501248275636399,linex,1.3794705462176855,RLRuleBandit,3.5879902794287686,1004.0,4.501248275636399,8.0
0.1657981645362396,0.7654641765657075,17.0,6.165726763652405,3.4597683508700636,6.165726763652405,nan,nan,20.0,7663.507622997366,linex,1.0504115557755052,MWUMBothKL,2.6289356318501858,1004.0,7663.507622997366,9.0
0.08234587088841705,2.6742686312830517,17.0,6.165726763652405,3.4597683508700636,6.165726763652405,nan,nan,20.0,11.039219604057822,linex,1.0650630154118215,MWUMConcOnlyKL,2.377458286596804,1004.0,11.039219604057822,9.0
0.9627162867472571,nan,17.0,6.165726763652405,3.4597683508700636,6.165726763652405,nan,nan,20.0,7.06985326540159,linex,1.1525946218793726,MWUMVanilla,2.808008545318722,1004.0,7.06985326540159,9.0
0.05555555555555557,nan,17.0,6.165726763652405,3.4597683508700636,6.165726763652405,nan,nan,20.0,51.81112505315899,linex,1.227794596325253,Mean,3.096488094498224,1004.0,51.81112505315899,9.0
nan,nan,17.0,6.165726763652405,3.4597683508700636,6.165726763652405,nan,nan,20.0,9.360407919140918,linex,1.1590848495085007,Median,2.8412008202550494,1004.0,9.360407919140918,9.0
0.10201513224478244,4.806659271703506,17.0,6.165726763652405,3.4597683508700636,6.165726763652405,nan,nan,20.0,9.270589794524387,linex,1.1557889649735775,OGDBoth,2.842932610564809,1004.0,9.270589794524387,9.0
0.07127942155023709,5.434745079506504,17.0,6.165726763652405,3.4597683508700636,6.165726763652405,nan,nan,20.0,37.072040596236384,linex,1.0964066671629598,OGDConcOnly,2.495923895020411,1004.0,37.072040596236384,9.0
0.16443277066729314,nan,17.0,6.165726763652405,3.4597683508700636,6.165726763652405,nan,nan,20.0,4.77020893974407,linex,1.1471407595472127,OGDVanilla,2.9213151409833733,1004.0,4.77020893974407,9.0
0.3022558767473771,0.3713997885888232,17.0,6.165726763652405,3.4597683508700636,6.165726763652405,0.21613545816733068,0.5718924302788844,20.0,7.434754076190706,linex,0.922366075555679,RLKappaBandit,1.9506119678187845,1004.0,7.434754076190706,9.0
0.12340194844978401,nan,17.0,6.165726763652405,3.4597683508700636,6.165726763652405,0.4123505976095618,0.0,20.0,48.262391382598274,linex,1.172425655919309,RLRuleBandit,3.018184635369911,1004.0,48.262391382598274,9.0
0.1560030249670203,5.370390625247618,15.0,58.04934605749554,7.2597472287695854,58.04934605749554,nan,nan,24.0,186.0748267016576,linex,1.7163580429343708,MWUMBothKL,5.930069066365733,1004.0,186.0748267016576,4.0
0.09427961964518873,5.183348449865555,15.0,58.04934605749554,7.2597472287695854,58.04934605749554,nan,nan,24.0,77.20930904923446,linex,1.6496144207594576,MWUMConcOnlyKL,4.934167701333827,1004.0,77.20930904923446,4.0
0.9304810204795596,nan,15.0,58.04934605749554,7.2597472287695854,58.04934605749554,nan,nan,24.0,74.55532901470373,linex,2.1679160265233106,MWUMVanilla,8.487177843163492,1004.0,74.55532901470373,4.0
0.05555555555555557,nan,15.0,58.04934605749554,7.2597472287695854,58.04934605749554,nan,nan,24.0,91.24917590273206,linex,1.9143332395186101,Mean,6.6661807153757024,1004.0,91.24917590273206,4.0
nan,nan,15.0,58.04934605749554,7.2597472287695854,58.04934605749554,nan,nan,24.0,78.66242683661342,linex,1.7931254291762706,Median,6.094178689546015,1004.0,78.66242683661342,4.0
0.3276662410898207,0.07029326039779957,15.0,58.04934605749554,7.2597472287695854,58.04934605749554,nan,nan,24.0,2096.656246837063,linex,1.8662063354548486,OGDBoth,7.8015216520139505,1004.0,2096.656246837063,4.0
0.09852967275664648,5.394972378587997,15.0,58.04934605749554,7.2597472287695854,58.04934605749554,nan,nan,24.0,177.0553448575655,linex,1.6116140683494633,OGDConcOnly,4.951034025462806,1004.0,177.0553448575655,4.0
0.3325557065149154,nan,15.0,58.04934605749554,7.2597472287695854,58.04934605749554,nan,nan,24.0,2117.123587699192,linex,1.8683712243227055,OGDVanilla,7.820350349645717,1004.0,2117.123587699192,4.0
0.2469275209258972,3.026443790693485,15.0,58.04934605749554,7.2597472287695854,58.04934605749554,0.7818725099601593,4.721474103585658,24.0,163.88116452213703,linex,1.4538493712495169,RLKappaBandit,4.06723049536474,1004.0,163.88116452213703,4.0
0.17182687029077295,nan,15.0,58.04934605749554,7.2597472287695854,58.04934605749554,0.6254980079681275,6.0,24.0,57.68486374903346,linex,1.8644705781639104,RLRuleBandit,6.425512326946646,1004.0,57.68486374903346,4.0
0.15747690173781453,5.379304085529206,9.0,16.27502912016495,5.16461224753651,16.27502912016495,nan,nan,24.0,10.766175939289262,linex,1.8075699736501116,MWUMBothKL,8.911507946605875,1004.0,10.766175939289262,5.0
0.08456662945025843,5.191951468425482,9.0,16.27502912016495,5.16461224753651,16.27502912016495,nan,nan,24.0,9.213510248821855,linex,1.7415892299644113,MWUMConcOnlyKL,7.474672658086538,1004.0,9.213510248821855,5.0
0.8184075378678171,nan,9.0,16.27502912016495,5.16461224753651,16.27502912016495,nan,nan,24.0,16.36859818785146,linex,1.5954435091419235,MWUMVanilla,5.141888519954436,1004.0,16.36859818785146,5.0
0.05555555555555557,nan,9.0,16.27502912016495,5.16461224753651,16.27502912016495,nan,nan,24.0,19.461171532021364,linex,2.045658501608835,Mean,8.933043468523685,1004.0,19.461171532021364,5.0
nan,nan,9.0,16.27502912016495,5.16461224753651,16.27502912016495,nan,nan,24.0,22.435872528785524,linex,1.8951453846316035,Median,6.660964152486011,1004.0,22.435872528785524,5.0
0.18399244834818837,0.07040992740240819,9.0,16.27502912016495,5.16461224753651,16.27502912016495,nan,nan,24.0,11.29002991722574,linex,1.7444879475172073,OGDBoth,6.027355200881088,1004.0,11.29002991722574,5.0
0.0924818344726427,5.403926638233754,9.0,16.27502912016495,5.16461224753651,16.27502912016495,nan,nan,24.0,9.27639397341248,linex,1.7232413631058228,OGDConcOnly,7.595675370276083,1004.0,9.27639397341248,5.0
0.1850402655936061,nan,9.0,16.27502912016495,5.16461224753651,16.27502912016495,nan,nan,24.0,11.353056565833805,linex,1.744974613114177,OGDVanilla,6.0416964519933565,1004.0,11.353056565833805,5.0
0.4317116685530713,0.9341157867863994,9.0,16.27502912016495,5.16461224753651,16.27502912016495,0.5368525896414342,1.3658167330677293,24.0,23.687579605669004,linex,1.470010213488917,RLKappaBandit,5.686894772231264,1004.0,23.687579605669004,5.0
0.15340811513884944,nan,9.0,16.27502912016495,5.16461224753651,16.27502912016495,0.28386454183266935,5.0,24.0,16.090196875002597,linex,1.891724529119957,RLRuleBandit,10.074372998679737,1004.0,16.090196875002597,5.0
0.10586832074837021,5.138769774638637,9.0,4.482628074780169,3.7383536436160707,4.482628074780169,nan,nan,24.0,4.15370645753657,linex,1.3366705192174024,MWUMBothKL,3.6729460033617065,1004.0,4.15370645753657,6.0
0.07303794959867291,4.959794587088903,9.0,4.482628074780169,3.7383536436160707,4.482628074780169,nan,nan,24.0,4.868394078732781,linex,1.359456705831686,MWUMConcOnlyKL,3.7697056390863715,1004.0,4.868394078732781,6.0
0.8845848119385488,nan,9.0,4.482628074780169,3.7383536436160707,4.482628074780169,nan,nan,24.0,4.596418360474601,linex,1.2705750876294626,MWUMVanilla,3.7122212890388315,1004.0,4.596418360474601,6.0
0.05555555555555557,nan,9.0,4.482628074780169,3.7383536436160707,4.482628074780169,nan,nan,24.0,42.93398508783117,linex,1.5249688955424505,Mean,4.706579996189218,1004.0,42.93398508783117,6.0
nan,nan,9.0,4.482628074780169,3.7383536436160707,4.482628074780169,nan,nan,24.0,13.160732639181116,linex,1.440403178234349,Median,4.253397221385793,1004.0,13.160732639181116,6.0
0.2651119674140356,0.0672616082681246,9.0,4.482628074780169,3.7383536436160707,4.482628074780169,nan,nan,24.0,4.2628100008103385,linex,1.3625950612018014,OGDBoth,3.824420268647324,1004.0,4.2628100008103385,6.0
0.07748470335555215,5.16229133551339,9.0,4.482628074780169,3.7383536436160707,4.482628074780169,nan,nan,24.0,4.250287346557591,linex,1.3378262082710486,OGDConcOnly,3.6447228633397115,1004.0,4.250287346557591,6.0
0.268962036478555,nan,9.0,4.482628074780169,3.7383536436160707,4.482628074780169,nan,nan,24.0,4.269491266060761,linex,1.3628809195582388,OGDVanilla,3.8271871337000447,1004.0,4.269491266060761,6.0
0.37583079104333966,1.5564461282088986,9.0,4.482628074780169,3.7383536436160707,4.482628074780169,0.5039840637450199,2.3520119521912353,24.0,33.598815768995905,linex,1.2077840034476128,RLKappaBandit,3.3433684093588285,1004.0,33.598815768995905,6.0
0.18745269729909475,nan,9.0,4.482628074780169,3.7383536436160707,4.482628074780169,0.4203187250996016,3.0,24.0,5.329307877233345,linex,1.3790291942617543,RLRuleBandit,3.913215707053065,1004.0,5.329307877233345,6.0
0.10761309798744262,5.107189135197082,0.0,5.60835536091762,4.201860156594156,5.60835536091762,nan,nan,24.0,3.475034717749552,linex,1.4496237495118174,MWUMBothKL,4.014208942161836,1004.0,3.475034717749552,7.0
0.0751517187983932,4.929313851362591,0.0,5.60835536091762,4.201860156594156,5.60835536091762,nan,nan,24.0,2.7716586249175,linex,1.3902308484424344,MWUMConcOnlyKL,3.7260312416499732,1004.0,2.7716586249175,7.0
0.8042254638123495,nan,0.0,5.60835536091762,4.201860156594156,5.60835536091762,nan,nan,24.0,5.697122486849181,linex,1.485410498807195,MWUMVanilla,4.09047093941297,1004.0,5.697122486849181,7.0
0.05555555555555557,nan,0.0,5.60835536091762,4.201860156594156,5.60835536091762,nan,nan,24.0,10.052077163941666,linex,1.6079616430406423,Mean,4.81531414102785,1004.0,10.052077163941666,7.0
nan,nan,0.0,5.60835536091762,4.201860156594156,5.60835536091762,nan,nan,24.0,8.722852002758646,linex,1.547535978081165,Median,4.432575663436525,1004.0,8.722852002758646,7.0
0.1989901009813801,0.0668482538029814,0.0,5.60835536091762,4.201860156594156,5.60835536091762,nan,nan,24.0,3.793150406905859,linex,1.5125440988389733,OGDBoth,4.377158010047177,1004.0,3.793150406905859,7.0
0.0791839527489358,5.130566142781803,0.0,5.60835536091762,4.201860156594156,5.60835536091762,nan,nan,24.0,3.423079309120487,linex,1.3931796705915556,OGDConcOnly,3.758309795777813,1004.0,3.423079309120487,7.0
0.2005701320197749,nan,0.0,5.60835536091762,4.201860156594156,5.60835536091762,nan,nan,24.0,3.8105698902776464,linex,1.5133137790916664,OGDVanilla,4.380661522720572,1004.0,3.8105698902776464,7.0
0.40891684924414656,0.8335732505022113,0.0,5.60835536091762,4.201860156594156,5.60835536091762,0.38745019920318724,1.3514342629482072,24.0,2.893636706847906,linex,1.1994057952299786,RLKappaBandit,2.7836367413569287,1004.0,2.893636706847906,7.0
0.2357413975523971,nan,0.0,5.60835536091762,4.201860156594156,5.60835536091762,0.27689243027888444,1.0,24.0,13.300668353545172,linex,1.5410607635687803,RLRuleBandit,4.6463836510297405,1004.0,13.300668353545172,7.0
0.09894467724856824,5.477457855495329,9.0,6.715494483342693,3.5058795852456903,6.715494483342693,nan,nan,24.0,4.647669330985651,linex,1.366058979938653,MWUMBothKL,3.552491733166706,1004.0,4.647669330985651,8.0
0.07300255924109084,5.286686697850319,9.0,6.715494483342693,3.5058795852456903,6.715494483342693,nan,nan,24.0,3.7347295483758276,linex,1.3450836064064668,MWUMConcOnlyKL,3.465695807064465,1004.0,3.7347295483758276,8.0
0.8916588118391133,nan,9.0,6.715494483342693,3.5058795852456903,6.715494483342693,nan,nan,24.0,7.170488381985133,linex,1.4557252622177914,MWUMVanilla,4.060975031352891,1004.0,7.170488381985133,8.0
0.05555555555555557,nan,9.0,6.715494483342693,3.5058795852456903,6.715494483342693,nan,nan,24.0,9.889751220730426,linex,1.5206242850651073,Mean,4.296066547005097,1004.0,9.889751220730426,8.0
nan,nan,9.0,6.715494483342693,3.5058795852456903,6.715494483342693,nan,nan,24.0,9.216599873534088,linex,1.4284338627654114,Median,3.9770829954665663,1004.0,9.216599873534088,8.0
0.20894625395478145,0.07169464803516234,9.0,6.715494483342693,3.5058795852456903,6.715494483342693,nan,nan,24.0,4.50784226389145,linex,1.491719211682351,OGDBoth,4.4305626789231205,1004.0,4.50784226389145,8.0
0.07645523467095108,5.502529685055208,9.0,6.715494483342693,3.5058795852456903,6.715494483342693,nan,nan,24.0,3.9199515402092047,linex,1.3324062365193514,OGDConcOnly,3.406653981765535,1004.0,3.9199515402092047,8.0
0.21158001057467365,nan,9.0,6.715494483342693,3.5058795852456903,6.715494483342693,nan,nan,24.0,4.517875173484396,linex,1.492361389057784,OGDVanilla,4.434045637186739,1004.0,4.517875173484396,8.0
0.33228363172787617,0.9272983131006125,9.0,6.715494483342693,3.5058795852456903,6.715494483342693,0.6284860557768924,1.2651494023904384,24.0,10.058083277652884,linex,1.223329020450203,RLKappaBandit,3.1460313377948945,1004.0,10.058083277652884,8.0
0.1222900863952588,nan,9.0,6.715494483342693,3.5058795852456903,6.715494483342693,0.5169322709163346,6.0,24.0,5.10463392988349,linex,1.5510351736691508,RLRuleBandit,4.681360377332769,1004.0,5.10463392988349,8.0
0.08914524974372556,5.434493162964394,15.0,7.111966596287303,3.575006265152714,7.111966596287303,nan,nan,24.0,145.74656199112394,linex,1.1767949981574226,MWUMBothKL,2.8605329437254046,1004.0,145.74656199112394,9.0
0.07411097754709826,5.245218397595622,15.0,7.111966596287303,3.575006265152714,7.111966596287303,nan,nan,24.0,4.05518961166408,linex,1.1495883044879083,MWUMConcOnlyKL,2.5578967893616573,1004.0,4.05518961166408,9.0
0.7407169123101155,nan,15.0,7.111966596287303,3.575006265152714,7.111966596287303,nan,nan,24.0,7.547454848073192,linex,1.1198485047816393,MWUMVanilla,2.7540493041199925,1004.0,7.547454848073192,9.0
0.05555555555555557,nan,15.0,7.111966596287303,3.575006265152714,7.111966596287303,nan,nan,24.0,998856.8707410373,linex,1.3059286084209119,Mean,3.6032802182559247,1004.0,998856.8707410373,9.0
nan,nan,15.0,7.111966596287303,3.575006265152714,7.111966596287303,nan,nan,24.0,8.740000282545822,linex,1.2140547286199646,Median,2.9986002412198647,1004.0,8.740000282545822,9.0
0.16991196330928773,0.07113228933010719,15.0,7.111966596287303,3.575006265152714,7.111966596287303,nan,nan,24.0,4.309142399022069,linex,1.1524764794742293,OGDBoth,2.893249188936788,1004.0,4.309142399022069,9.0
0.07386445783759679,5.459368331285921,15.0,7.111966596287303,3.575006265152714,7.111966596287303,nan,nan,24.0,4.261605050909968,linex,1.1534052236518104,OGDConcOnly,2.560683025290148,1004.0,4.261605050909968,9.0
0.17366043916323878,nan,15.0,7.111966596287303,3.575006265152714,7.111966596287303,nan,nan,24.0,4.328097881433808,linex,1.1532713210391916,OGDVanilla,2.898809197566922,1004.0,4.328097881433808,9.0
0.27333776206163196,0.8113161115188204,15.0,7.111966596287303,3.575006265152714,7.111966596287303,0.49203187250996017,1.1904581673306773,24.0,4.970514699797174,linex,1.0151937503744495,RLKappaBandit,2.2177681086117116,1004.0,4.970514699797174,9.0
0.09125740871262956,nan,15.0,7.111966596287303,3.575006265152714,7.111966596287303,0.4900398406374502,0.0,24.0,3505289.775206907,linex,1.2462928920929786,RLRuleBandit,3.5663923139956393,1004.0,3505289.775206907,9.0
0.06856636350346337,0.024297715399088322,1.0,0.7400831127539704,0.997203495865027,0.997203495865027,nan,nan,1.0,0.696525038383889,mse,0.6659505554366179,MWUMBothKL,0.9743218281294648,1004.0,0.9743218281294648,4.0
0.056279550359891385,5.2558929389544025,1.0,0.7400831127539704,0.997203495865027,0.997203495865027,nan,nan,1.0,0.7099558391136317,mse,0.6767118006801272,MWUMConcOnlyKL,0.9944844278320508,1004.0,0.9944844278320508,4.0
0.06978902612691573,nan,1.0,0.7400831127539704,0.997203495865027,0.997203495865027,nan,nan,1.0,0.6958837257277005,mse,0.6659152595316961,MWUMVanilla,0.9742058858626416,1004.0,0.9742058858626416,4.0
0.05555555555555557,nan,1.0,0.7400831127539704,0.997203495865027,0.997203495865027,nan,nan,1.0,0.6974615631238599,mse,0.6879592675247407,Mean,1.003155023073057,1004.0,1.003155023073057,4.0
nan,nan,1.0,0.7400831127539704,0.997203495865027,0.997203495865027,nan,nan,1.0,0.701505943089471,mse,0.6688927257204412,Median,0.9813932404138485,1004.0,0.9813932404138485,4.0
0.06108294817708643,0.09677653510839075,1.0,0.7400831127539704,0.997203495865027,0.997203495865027,nan,nan,1.0,0.7061757507665001,mse,0.6730615254434426,OGDBoth,0.9847852643494354,1004.0,0.9847852643494354,4.0
0.05766869782961438,5.337131580008913,1.0,0.7400831127539704,0.997203495865027,0.997203495865027,nan,nan,1.0,0.6970615647281282,mse,0.6775205511052385,OGDConcOnly,0.9907646558290749,1004.0,0.9907646558290749,4.0
0.061512094294134664,nan,1.0,0.7400831127539704,0.997203495865027,0.997203495865027,nan,nan,1.0,0.7061612025794164,mse,0.6730446419686206,OGDVanilla,0.9846064271867824,1004.0,0.9846064271867824,4.0
0.21959807823543612,0.7505378656505084,1.0,0.7400831127539704,0.997203495865027,0.997203495865027,0.74800796812749,1.0947011952191235,1.0,0.7781715420724848,mse,0.6812219065509864,RLKappaBandit,1.042119100454034,1004.0,1.042119100454034,4.0
0.05917535352878666,nan,1.0,0.7400831127539704,0.997203495865027,0.997203495865027,0.3834661354581673,1.0,1.0,0.6746031500032185,mse,0.670815681164173,RLRuleBandit,0.9748013384961585,1004.0,0.9748013384961585,4.0
0.06442391271353912,0.024338041673864497,3.0,0.8713705436774555,0.9933735588144329,0.9933735588144329,nan,nan,1.0,0.9427038042942472,mse,0.6737553399613451,MWUMBothKL,0.9542411111743763,1004.0,0.9542411111743763,5.0
0.056285132050556054,5.264616362637097,3.0,0.8713705436774555,0.9933735588144329,0.9933735588144329,nan,nan,1.0,0.9607701328819742,mse,0.6848564774651307,MWUMConcOnlyKL,0.9699853406911554,1004.0,0.9699853406911554,5.0
0.06490624414671896,nan,3.0,0.8713705436774555,0.9933735588144329,0.9933735588144329,nan,nan,1.0,0.9429687632197232,mse,0.6737429666718431,MWUMVanilla,0.9542264358395491,1004.0,0.9542264358395491,5.0
0.05555555555555557,nan,3.0,0.8713705436774555,0.9933735588144329,0.9933735588144329,nan,nan,1.0,0.9838870910583593,mse,0.6899227533818967,Mean,0.9746327854589114,1004.0,0.9746327854589114,5.0
nan,nan,3.0,0.8713705436774555,0.9933735588144329,0.9933735588144329,nan,nan,1.0,0.9444999977193483,mse,0.6771071298717071,Median,0.9593225242388926,1004.0,0.9593225242388926,5.0
0.05962867133594425,0.09693715751171932,3.0,0.8713705436774555,0.9933735588144329,0.9933735588144329,nan,nan,1.0,0.947563762382935,mse,0.6782581440162854,OGDBoth,0.9603175128398159,1004.0,0.9603175128398159,5.0
0.05729373422044375,5.345989838862034,3.0,0.8713705436774555,0.9933735588144329,0.9933735588144329,nan,nan,1.0,0.9552105325336644,mse,0.6830477555524753,OGDConcOnly,0.9630342328690699,1004.0,0.9630342328690699,5.0
0.05978849171958738,nan,3.0,0.8713705436774555,0.9933735588144329,0.9933735588144329,nan,nan,1.0,0.9472448752445942,mse,0.6781562113073719,OGDVanilla,0.96015801474931,1004.0,0.96015801474931,5.0
0.36594098548136433,0.34523164303392884,3.0,0.8713705436774555,0.9933735588144329,0.9933735588144329,0.24701195219123506,0.45972111553784856,1.0,1.062732880740817,mse,0.7186059210967705,RLKappaBandit,1.0792301275280627,1004.0,1.0792301275280627,5.0
0.058728522444293815,nan,3.0,0.8713705436774555,0.9933735588144329,0.9933735588144329,0.3346613545816733,1.0,1.0,0.9514285175632916,mse,0.6841281118278424,RLRuleBandit,0.9661597009037333,1004.0,0.9661597009037333,5.0
0.06447508721337784,0.023249816404705456,13.0,0.8263356878047096,0.8655836066445474,0.8655836066445474,nan,nan,1.0,0.8732573586694143,mse,0.621227413102495,MWUMBothKL,0.8413867219052786,1004.0,0.8413867219052786,6.0
0.05627997837259668,5.029210287124763,13.0,0.8263356878047096,0.8655836066445474,0.8655836066445474,nan,nan,1.0,0.881274714611948,mse,0.6337551724645624,MWUMConcOnlyKL,0.8620569778374509,1004.0,0.8620569778374509,6.0
0.06505058036804323,nan,13.0,0.8263356878047096,0.8655836066445474,0.8655836066445474,nan,nan,1.0,0.8708106945078594,mse,0.6212816498437103,MWUMVanilla,0.8412365184904984,1004.0,0.8412365184904984,6.0
0.05555555555555557,nan,13.0,0.8263356878047096,0.8655836066445474,0.8655836066445474,nan,nan,1.0,0.7943295238599732,mse,0.6414436158114998,Mean,0.8612094498353462,1004.0,0.8612094498353462,6.0
nan,nan,13.0,0.8263356878047096,0.8655836066445474,0.8655836066445474,nan,nan,1.0,0.8795505039652975,mse,0.6247699757916645,Median,0.8537524843794714,1004.0,0.8537524843794714,6.0
0.06006673152293487,0.09260267933178847,13.0,0.8263356878047096,0.8655836066445474,0.8655836066445474,nan,nan,1.0,0.894634238281437,mse,0.6252811619559712,OGDBoth,0.8480958534899924,1004.0,0.8480958534899924,6.0
0.0574357517498913,5.106945166914935,13.0,0.8263356878047096,0.8655836066445474,0.8655836066445474,nan,nan,1.0,0.9440056593612083,mse,0.6329497001546728,OGDConcOnly,0.8707848216531663,1004.0,0.8707848216531663,6.0
0.06037137890875321,nan,13.0,0.8263356878047096,0.8655836066445474,0.8655836066445474,nan,nan,1.0,0.8945603490857839,mse,0.6251525887569758,OGDVanilla,0.847830125845014,1004.0,0.847830125845014,6.0
0.18665134512334153,1.3577307036510426,13.0,0.8263356878047096,0.8655836066445474,0.8655836066445474,0.7101593625498008,2.0302788844621515,1.0,1.2388310933027151,mse,0.6485697357007342,RLKappaBandit,0.9641776701844922,1004.0,0.9641776701844922,6.0
0.05608769517966484,nan,13.0,0.8263356878047096,0.8655836066445474,0.8655836066445474,0.6852589641434262,6.0,1.0,0.8441414726351922,mse,0.635845337214789,RLRuleBandit,0.8580014895797137,1004.0,0.8580014895797137,6.0
0.06440926995452395,0.023106939283644184,1.0,0.7162403870766181,0.7629722376008278,0.7629722376008278,nan,nan,1.0,0.7672171394609171,mse,0.5770525421493369,MWUMBothKL,0.7293283954118154,1004.0,0.7293283954118154,7.0
0.05607766474453142,4.998302952675965,1.0,0.7162403870766181,0.7629722376008278,0.7629722376008278,nan,nan,1.0,0.7556205044729117,mse,0.5869772130054838,MWUMConcOnlyKL,0.7485129546463866,1004.0,0.7485129546463866,7.0
0.06475626558175784,nan,1.0,0.7162403870766181,0.7629722376008278,0.7629722376008278,nan,nan,1.0,0.766447762131741,mse,0.5770929478549323,MWUMVanilla,0.7293207332183751,1004.0,0.7293207332183751,7.0
0.05555555555555557,nan,1.0,0.7162403870766181,0.7629722376008278,0.7629722376008278,nan,nan,1.0,0.738003175279654,mse,0.5926965932199318,Mean,0.7540100047627479,1004.0,0.7540100047627479,7.0
nan,nan,1.0,0.7162403870766181,0.7629722376008278,0.7629722376008278,nan,nan,1.0,0.7529900635600325,mse,0.5813710072348037,Median,0.7399609018752517,1004.0,0.7399609018752517,7.0
0.061247581132574745,0.09203358965780029,1.0,0.7162403870766181,0.7629722376008278,0.7629722376008278,nan,nan,1.0,0.7785583165273123,mse,0.5824468682130712,OGDBoth,0.7357085423661546,1004.0,0.7357085423661546,7.0
0.056887918259805444,5.075560107680618,1.0,0.7162403870766181,0.7629722376008278,0.7629722376008278,nan,nan,1.0,0.7650528910593817,mse,0.5891790132945096,OGDConcOnly,0.7544717989776631,1004.0,0.7544717989776631,7.0
0.061617244991735015,nan,1.0,0.7162403870766181,0.7629722376008278,0.7629722376008278,nan,nan,1.0,0.7784556999445915,mse,0.5823635738618493,OGDVanilla,0.7355028049931764,1004.0,0.7355028049931764,7.0
0.2277796260246683,0.38411175970201356,1.0,0.7162403870766181,0.7629722376008278,0.7629722376008278,0.7280876494023905,0.599910358565737,1.0,1.3877557569357346,mse,0.6028827311773536,RLKappaBandit,0.834755421102036,1004.0,0.834755421102036,7.0
0.056657084825637104,nan,1.0,0.7162403870766181,0.7629722376008278,0.7629722376008278,0.2848605577689243,6.0,1.0,0.7387545819115079,mse,0.5885260946144055,RLRuleBandit,0.7478463401769561,1004.0,0.7478463401769561,7.0
0.06682747020217074,0.024782108935391078,3.0,0.6905460846929977,0.8371602296712584,0.8371602296712584,nan,nan,1.0,0.7299790624957816,mse,0.6262346914063134,MWUMBothKL,0.8193842582651782,1004.0,0.8193842582651782,8.0
0.05606957302704602,5.360677476325687,3.0,0.6905460846929977,0.8371602296712584,0.8371602296712584,nan,nan,1.0,0.7140341034186405,mse,0.6339961077921414,MWUMConcOnlyKL,0.8281841447907666,1004.0,0.8281841447907666,8.0
0.06790063766830141,nan,3.0,0.6905460846929977,0.8371602296712584,0.8371602296712584,nan,nan,1.0,0.729808457725814,mse,0.6264783744791522,MWUMVanilla,0.8196208064864197,1004.0,0.8196208064864197,8.0
0.05555555555555557,nan,3.0,0.6905460846929977,0.8371602296712584,0.8371602296712584,nan,nan,1.0,0.6667526576133741,mse,0.6411214842797125,Mean,0.8337459475968511,1004.0,0.8337459475968511,8.0
nan,nan,3.0,0.6905460846929977,0.8371602296712584,0.8371602296712584,nan,nan,1.0,0.7149125776706065,mse,0.630403645764472,Median,0.8245259435101336,1004.0,0.8245259435101336,8.0
0.060073018702998984,0.09870590880803509,3.0,0.6905460846929977,0.8371602296712584,0.8371602296712584,nan,nan,1.0,0.7263375376504132,mse,0.6306698557129805,OGDBoth,0.8260903083681128,1004.0,0.8260903083681128,8.0
0.0568752254128289,5.443535738468007,3.0,0.6905460846929977,0.8371602296712584,0.8371602296712584,nan,nan,1.0,0.7195661536542194,mse,0.6331631483034252,OGDConcOnly,0.8270309394619682,1004.0,0.8270309394619682,8.0
0.06035798433012327,nan,3.0,0.6905460846929977,0.8371602296712584,0.8371602296712584,nan,nan,1.0,0.7270741592916433,mse,0.630500641836743,OGDVanilla,0.8259145979775346,1004.0,0.8259145979775346,8.0
0.1867112835069654,1.503535768207765,3.0,0.6905460846929977,0.8371602296712584,0.8371602296712584,0.6872509960159362,2.0519621513944224,1.0,1.0136829174303708,mse,0.6487755286390118,RLKappaBandit,0.9073371651219652,1004.0,0.9073371651219652,8.0
0.057053829305917014,nan,3.0,0.6905460846929977,0.8371602296712584,0.8371602296712584,0.3436254980079681,4.0,1.0,0.7185804511806638,mse,0.634977172658562,RLRuleBandit,0.8332049645397414,1004.0,0.8332049645397414,8.0
0.06484692295193396,0.02458772808419067,9.0,0.5603631534273134,0.6495371726531255,0.6495371726531255,nan,nan,1.0,0.4802109022793284,mse,0.5218349744625781,MWUMBothKL,0.6159500323659028,1004.0,0.6159500323659028,9.0
0.05584287700901619,5.318628798875663,9.0,0.5603631534273134,0.6495371726531255,0.6495371726531255,nan,nan,1.0,0.46678089593419436,mse,0.5266082319035039,MWUMConcOnlyKL,0.6204798750312536,1004.0,0.6204798750312536,9.0
0.06551502909942453,nan,9.0,0.5603631534273134,0.6495371726531255,0.6495371726531255,nan,nan,1.0,0.48033286509067097,mse,0.5218656355900542,MWUMVanilla,0.6161139456678741,1004.0,0.6161139456678741,9.0
0.05555555555555557,nan,9.0,0.5603631534273134,0.6495371726531255,0.6495371726531255,nan,nan,1.0,0.44667262801432006,mse,0.5288086659550292,Mean,0.6204607453945109,1004.0,0.6204607453945109,9.0
nan,nan,9.0,0.5603631534273134,0.6495371726531255,0.6495371726531255,nan,nan,1.0,0.4714159064950617,mse,0.5212194781744575,Median,0.6164808035976238,1004.0,0.6164808035976238,9.0
0.05770133645367201,0.09793167613580936,9.0,0.5603631534273134,0.6495371726531255,0.6495371726531255,nan,nan,1.0,0.4728932819393782,mse,0.5261919963512267,OGDBoth,0.6203722887741187,1004.0,0.6203722887741187,9.0
0.05634163687326052,5.400837128056298,9.0,0.5603631534273134,0.6495371726531255,0.6495371726531255,nan,nan,1.0,0.48027442758788746,mse,0.5278759227474803,OGDConcOnly,0.6222536967706802,1004.0,0.6222536967706802,9.0
0.05785280221378551,nan,9.0,0.5603631534273134,0.6495371726531255,0.6495371726531255,nan,nan,1.0,0.47380484499247244,mse,0.5261491205133173,OGDVanilla,0.6203508760881581,1004.0,0.6203508760881581,9.0
0.12374832790886249,3.0382667065015347,9.0,0.5603631534273134,0.6495371726531255,0.6495371726531255,0.7858565737051793,4.348774900398406,1.0,0.5807211136146716,mse,0.5377703369085644,RLKappaBandit,0.668332136499284,1004.0,0.668332136499284,9.0
0.05844429304324226,nan,9.0,0.5603631534273134,0.6495371726531255,0.6495371726531255,0.44322709163346613,5.0,1.0,0.4623284453824309,mse,0.5244580345512345,RLRuleBandit,0.6166725435998228,1004.0,0.6166725435998228,9.0
0.207951978080863,0.744246591321179,9.0,11.605858410855676,3.9121692266719057,3.9121692266719057,nan,nan,4.0,4.142247681402265,mse,1.1766628916493604,MWUMBothKL,2.759311557431082,1004.0,2.759311557431082,4.0
0.3107778223193083,0.17282223829073895,9.0,11.605858410855676,3.9121692266719057,3.9121692266719057,nan,nan,4.0,3.8262351575955234,mse,1.140363253794499,MWUMConcOnlyKL,2.654674966906507,1004.0,2.654674966906507,4.0
0.458943226674065,nan,9.0,11.605858410855676,3.9121692266719057,3.9121692266719057,nan,nan,4.0,11.711870825504015,mse,1.4012372521338505,MWUMVanilla,3.9083138407215148,1004.0,3.9083138407215148,4.0
0.05555555555555557,nan,9.0,11.605858410855676,3.9121692266719057,3.9121692266719057,nan,nan,4.0,10.808540785463283,mse,1.4707342808039128,Mean,4.097823549920687,1004.0,4.097823549920687,4.0
nan,nan,9.0,11.605858410855676,3.9121692266719057,3.9121692266719057,nan,nan,4.0,10.044807650778354,mse,1.4339894447790498,Median,4.062564222230001,1004.0,4.062564222230001,4.0
0.16822261352183668,1.7774695437718202,9.0,11.605858410855676,3.9121692266719057,3.9121692266719057,nan,nan,4.0,4.329960327896953,mse,1.211510455846971,OGDBoth,2.8971059179738,1004.0,2.8971059179738,4.0
0.09648047689151694,1.8034199849518662,9.0,11.605858410855676,3.9121692266719057,3.9121692266719057,nan,nan,4.0,5.304194292583932,mse,1.257235961470113,OGDConcOnly,3.102104538775271,1004.0,3.102104538775271,4.0
0.2509472982543767,nan,9.0,11.605858410855676,3.9121692266719057,3.9121692266719057,nan,nan,4.0,4.295793969728037,mse,1.2205133922906937,OGDVanilla,2.9294611617115005,1004.0,2.9294611617115005,4.0
0.35105669441567655,1.1288945396540258,9.0,11.605858410855676,3.9121692266719057,3.9121692266719057,0.6175298804780877,1.71351593625498,4.0,4.4956799454751755,mse,1.1745437664891691,RLKappaBandit,2.718199837920172,1004.0,2.718199837920172,4.0
0.13835937388745123,nan,9.0,11.605858410855676,3.9121692266719057,3.9121692266719057,0.7868525896414342,6.0,4.0,133.8918874287339,mse,1.2637972035835519,RLRuleBandit,3.3034765122320615,1004.0,3.3034765122320615,4.0
0.18602200443052336,0.7454818468577236,9.0,9.511101038810203,3.5306809463427986,3.5306809463427986,nan,nan,4.0,6.988782038544905,mse,1.1358276857436913,MWUMBothKL,2.608977217423391,1004.0,2.608977217423391,5.0
0.29194193518352946,0.1731090769283077,9.0,9.511101038810203,3.5306809463427986,3.5306809463427986,nan,nan,4.0,7.250408879737009,mse,1.0960508459022362,MWUMConcOnlyKL,2.4884703226172213,1004.0,2.4884703226172213,5.0
0.288632357249232,nan,9.0,9.511101038810203,3.5306809463427986,3.5306809463427986,nan,nan,4.0,11.15347909340787,mse,1.3383523485601347,MWUMVanilla,3.526301201589978,1004.0,3.526301201589978,5.0
0.05555555555555557,nan,9.0,9.511101038810203,3.5306809463427986,3.5306809463427986,nan,nan,4.0,10.761441205887834,mse,1.3806468067249549,Mean,3.611415720879261,1004.0,3.611415720879261,5.0
nan,nan,9.0,9.511101038810203,3.5306809463427986,3.5306809463427986,nan,nan,4.0,11.344570930519813,mse,1.36654634437603,Median,3.647062797410184,1004.0,3.647062797410184,5.0
0.15326489073953284,1.7804196826578707,9.0,9.511101038810203,3.5306809463427986,3.5306809463427986,nan,nan,4.0,6.7764658531563065,mse,1.1647371532290398,OGDBoth,2.690458529282139,1004.0,2.690458529282139,5.0
0.09239451649559301,1.8064131948705393,9.0,9.511101038810203,3.5306809463427986,3.5306809463427986,nan,nan,4.0,6.713128572484064,mse,1.1835676132872064,OGDConcOnly,2.716767691457561,1004.0,2.716767691457561,5.0
0.23156616735310867,nan,9.0,9.511101038810203,3.5306809463427986,3.5306809463427986,nan,nan,4.0,6.926173485656904,mse,1.1756164483519527,OGDVanilla,2.7348501269381127,1004.0,2.7348501269381127,5.0
0.5384307180220487,0.7239790092583296,9.0,9.511101038810203,3.5306809463427986,3.5306809463427986,0.2290836653386454,1.0189940239043824,4.0,7.4945715498304315,mse,1.1322798175962527,RLKappaBandit,2.613812610797572,1004.0,2.613812610797572,5.0
0.13211122511405657,nan,9.0,9.511101038810203,3.5306809463427986,3.5306809463427986,0.34462151394422313,1.0,4.0,10.42387977833385,mse,1.29537453018985,RLRuleBandit,3.257428940146725,1004.0,3.257428940146725,5.0
0.1627641091364078,0.7121478407736621,9.0,10.892672172638882,2.8408047313000875,2.8408047313000875,nan,nan,4.0,3.0195063344750412,mse,1.008844620598398,MWUMBothKL,2.126306866025432,1004.0,2.126306866025432,6.0
0.2609696250198928,0.1653685887402461,9.0,10.892672172638882,2.8408047313000875,2.8408047313000875,nan,nan,4.0,3.072301618756393,mse,0.9691050200295009,MWUMConcOnlyKL,1.9839810656963646,1004.0,1.9839810656963646,6.0
0.19280282765116252,nan,9.0,10.892672172638882,2.8408047313000875,2.8408047313000875,nan,nan,4.0,11.038032320253636,mse,1.143155017235425,MWUMVanilla,2.8002641439065465,1004.0,2.8002641439065465,6.0
0.05555555555555557,nan,9.0,10.892672172638882,2.8408047313000875,2.8408047313000875,nan,nan,4.0,23.474489793372864,mse,1.1880325838126369,Mean,2.9045288653851706,1004.0,2.9045288653851706,6.0
nan,nan,9.0,10.892672172638882,2.8408047313000875,2.8408047313000875,nan,nan,4.0,18.691439498547265,mse,1.1473380994960503,Median,2.8269987689447955,1004.0,2.8269987689447955,6.0
0.13018968378784518,1.7008086672306415,9.0,10.892672172638882,2.8408047313000875,2.8408047313000875,nan,nan,4.0,3.6372886644031075,mse,1.0208744232941438,OGDBoth,2.182189955428177,1004.0,2.182189955428177,6.0
0.08230616461369653,1.7256398854717143,9.0,10.892672172638882,2.8408047313000875,2.8408047313000875,nan,nan,4.0,4.792792617147898,mse,1.0412823262475122,OGDConcOnly,2.2497099871720243,1004.0,2.2497099871720243,6.0
0.20682019190800807,nan,9.0,10.892672172638882,2.8408047313000875,2.8408047313000875,nan,nan,4.0,3.343119241967552,mse,1.0303884683166906,OGDVanilla,2.205452549440025,1004.0,2.205452549440025,6.0
0.4106351232576508,0.2374400120315373,9.0,10.892672172638882,2.8408047313000875,2.8408047313000875,0.13745019920318724,0.31773904382470114,4.0,3.1964660250482644,mse,0.974714986365063,RLKappaBandit,2.0178468328557493,1004.0,2.0178468328557493,6.0
0.11233732377149372,nan,9.0,10.892672172638882,2.8408047313000875,2.8408047313000875,0.795816733067729,6.0,4.0,1130.6392685138903,mse,1.061259893779559,RLRuleBandit,2.4678635290433824,1004.0,2.4678635290433824,6.0
0.17093475460768864,0.7077712958084731,1.0,4.091438018582089,2.872503298019005,2.872503298019005,nan,nan,4.0,2.9055195654802293,mse,1.0320126612456313,MWUMBothKL,2.090554170151495,1004.0,2.090554170151495,7.0
0.26829115753871524,0.16435231141305848,1.0,4.091438018582089,2.872503298019005,2.872503298019005,nan,nan,4.0,2.487930000758903,mse,0.9793792694837518,MWUMConcOnlyKL,1.9084554558437694,1004.0,1.9084554558437694,7.0
0.2544003716226493,nan,1.0,4.091438018582089,2.872503298019005,2.872503298019005,nan,nan,4.0,3.9832822184004875,mse,1.2155532029898,MWUMVanilla,2.879717155938368,1004.0,2.879717155938368,7.0
0.05555555555555557,nan,1.0,4.091438018582089,2.872503298019005,2.872503298019005,nan,nan,4.0,4.442916033504045,mse,1.2291273341135758,Mean,2.885416551902401,1004.0,2.885416551902401,7.0
nan,nan,1.0,4.091438018582089,2.872503298019005,2.872503298019005,nan,nan,4.0,4.29711601151388,mse,1.2070529789931064,Median,2.858756766021732,1004.0,2.858756766021732,7.0
0.1444589944890841,1.6903562425246825,1.0,4.091438018582089,2.872503298019005,2.872503298019005,nan,nan,4.0,2.6053374039365877,mse,1.0280003215208955,OGDBoth,2.0635335295723705,1004.0,2.0635335295723705,7.0
0.08410789003301965,1.7150348588907622,1.0,4.091438018582089,2.872503298019005,2.872503298019005,nan,nan,4.0,2.692018082458838,mse,1.0587738937114306,OGDConcOnly,2.162378810508785,1004.0,2.162378810508785,7.0
0.221249849959783,nan,1.0,4.091438018582089,2.872503298019005,2.872503298019005,nan,nan,4.0,2.718446568942408,mse,1.034914277236044,OGDVanilla,2.0965570263130187,1004.0,2.0965570263130187,7.0
0.4184747952587467,0.45232072653317085,1.0,4.091438018582089,2.872503298019005,2.872503298019005,0.6264940239043825,0.724113545816733,4.0,2.528638445422464,mse,0.9869405576109125,RLKappaBandit,1.9321292283960168,1004.0,1.9321292283960168,7.0
0.1104145056712832,nan,1.0,4.091438018582089,2.872503298019005,2.872503298019005,0.44123505976095617,6.0,4.0,3.6054278454799085,mse,1.1340503279747653,RLRuleBandit,2.564103817541925,1004.0,2.564103817541925,7.0
0.1600433520376356,0.7590843069521291,1.0,5.5751494132167885,2.7320940687960773,2.7320940687960773,nan,nan,4.0,2.3708692652637042,mse,1.038531862560796,MWUMBothKL,2.1606169152226813,1004.0,2.1606169152226813,8.0
0.2638716441250603,0.1762677036299351,1.0,5.5751494132167885,2.7320940687960773,2.7320940687960773,nan,nan,4.0,2.2043612196233284,mse,0.9965228433270775,MWUMConcOnlyKL,2.054923731485934,1004.0,2.054923731485934,8.0
0.22507982539386207,nan,1.0,5.5751494132167885,2.7320940687960773,2.7320940687960773,nan,nan,4.0,4.749051873362412,mse,1.1975953008531939,MWUMVanilla,2.748734526656906,1004.0,2.748734526656906,8.0
0.05555555555555557,nan,1.0,5.5751494132167885,2.7320940687960773,2.7320940687960773,nan,nan,4.0,4.272096865692988,mse,1.2194761108865688,Mean,2.8435389979152137,1004.0,2.8435389979152137,8.0
nan,nan,1.0,5.5751494132167885,2.7320940687960773,2.7320940687960773,nan,nan,4.0,4.523174282174373,mse,1.1942318402260563,Median,2.8138446851447285,1004.0,2.8138446851447285,8.0
0.13172943703951853,1.812906196810809,1.0,5.5751494132167885,2.7320940687960773,2.7320940687960773,nan,nan,4.0,2.1247871919371613,mse,1.04849580080931,OGDBoth,2.178349165276184,1004.0,2.178349165276184,8.0
0.08211587281846855,1.8393740011720645,1.0,5.5751494132167885,2.7320940687960773,2.7320940687960773,nan,nan,4.0,2.2807735263964353,mse,1.0705921364316389,OGDConcOnly,2.2181316657425927,1004.0,2.2181316657425927,8.0
0.19989116628843698,nan,1.0,5.5751494132167885,2.7320940687960773,2.7320940687960773,nan,nan,4.0,2.149654687439789,mse,1.0572261067596043,OGDVanilla,2.203251621719014,1004.0,2.203251621719014,8.0
0.13834646830846425,4.619185254067321,1.0,5.5751494132167885,2.7320940687960773,2.7320940687960773,0.8824701195219123,6.754511952191235,4.0,2.5008489018744497,mse,1.1088742374405425,RLKappaBandit,2.3543482478814735,1004.0,2.3543482478814735,8.0
0.1722345569829993,nan,1.0,5.5751494132167885,2.7320940687960773,2.7320940687960773,0.43326693227091634,1.0,4.0,2.203381115792005,mse,1.0873196330015364,RLRuleBandit,2.3405987318815105,1004.0,2.3405987318815105,8.0
0.12678967607776195,0.7531301238797707,9.0,2.202270256424658,1.9877041861421805,1.9877041861421805,nan,nan,4.0,1.2030643699545962,mse,0.8037520710380432,MWUMBothKL,1.4663959286825994,1004.0,1.4663959286825994,9.0
0.20044285752075883,0.1748850830224713,9.0,2.202270256424658,1.9877041861421805,1.9877041861421805,nan,nan,4.0,1.1445160279240854,mse,0.7715732439006939,MWUMConcOnlyKL,1.3769394772847763,1004.0,1.3769394772847763,9.0
0.21339728942828254,nan,9.0,2.202270256424658,1.9877041861421805,1.9877041861421805,nan,nan,4.0,1.9584965518981028,mse,0.946716333913961,MWUMVanilla,1.9851028086499725,1004.0,1.9851028086499725,9.0
0.05555555555555557,nan,9.0,2.202270256424658,1.9877041861421805,1.9877041861421805,nan,nan,4.0,1.797907954049947,mse,0.9594889205153232,Mean,1.976439652799703,1004.0,1.976439652799703,9.0
nan,nan,9.0,2.202270256424658,1.9877041861421805,1.9877041861421805,nan,nan,4.0,1.7024726386199966,mse,0.9385186332492184,Median,1.9505696408426578,1004.0,1.9505696408426578,9.0
0.112155346125513,1.7986859269988127,9.0,2.202270256424658,1.9877041861421805,1.9877041861421805,nan,nan,4.0,1.1913825064106038,mse,0.8206842776804067,OGDBoth,1.5357144765306059,1004.0,1.5357144765306059,9.0
0.07221273449904282,1.8249461202174613,9.0,2.202270256424658,1.9877041861421805,1.9877041861421805,nan,nan,4.0,1.229804587104649,mse,0.8438333195556128,OGDConcOnly,1.5642102668016613,1004.0,1.5642102668016613,9.0
0.17552762969726685,nan,9.0,2.202270256424658,1.9877041861421805,1.9877041861421805,nan,nan,4.0,1.2488939498818827,mse,0.8302588904513909,OGDVanilla,1.5633187068702374,1004.0,1.5633187068702374,9.0
0.5604640043453142,0.10357651267038981,9.0,2.202270256424658,1.9877041861421805,1.9877041861421805,0.13247011952191234,0.16607569721115537,4.0,1.2087525163901762,mse,0.7966891447425377,RLKappaBandit,1.42405237631648,1004.0,1.42405237631648,9.0
0.08084748419525231,nan,9.0,2.202270256424658,1.9877041861421805,1.9877041861421805,0.48406374501992033,0.0,4.0,1.7907763393880298,mse,0.9209196259859804,RLRuleBandit,1.8677365692281698,1004.0,1.8677365692281698,9.0
0.27322491056038234,0.7088847530691805,9.0,44.78516029674841,5.230096496556574,5.230096496556574,nan,nan,8.0,11.200497910080644,mse,1.3673386192354495,MWUMBothKL,3.7395858244628988,1004.0,3.7395858244628988,4.0
0.369232303966488,0.17321438699688277,9.0,44.78516029674841,5.230096496556574,5.230096496556574,nan,nan,8.0,10.749866491441336,mse,1.3373231415354498,MWUMConcOnlyKL,3.6846712646239617,1004.0,3.6846712646239617,4.0
0.9745869737101517,nan,9.0,44.78516029674841,5.230096496556574,5.230096496556574,nan,nan,8.0,31.878306082993348,mse,1.651554424285688,MWUMVanilla,5.2914074841333765,1004.0,5.2914074841333765,4.0
0.05555555555555557,nan,9.0,44.78516029674841,5.230096496556574,5.230096496556574,nan,nan,8.0,64.88213810526535,mse,1.9030944785649688,Mean,6.489160609633746,1004.0,6.489160609633746,4.0
nan,nan,9.0,44.78516029674841,5.230096496556574,5.230096496556574,nan,nan,8.0,55.6335510165177,mse,1.7868482053303898,Median,6.020800781820749,1004.0,6.020800781820749,4.0
0.21669945551333153,0.10937845642277744,9.0,44.78516029674841,5.230096496556574,5.230096496556574,nan,nan,8.0,15.394382585836691,mse,1.478940270669065,OGDBoth,4.227348409659746,1004.0,4.227348409659746,4.0
0.1116232967114391,1.9477658301074563,9.0,44.78516029674841,5.230096496556574,5.230096496556574,nan,nan,8.0,16.759680690943874,mse,1.5506427867788657,OGDConcOnly,4.533958655317794,1004.0,4.533958655317794,4.0
0.22273322671471038,nan,9.0,44.78516029674841,5.230096496556574,5.230096496556574,nan,nan,8.0,15.399963748665028,mse,1.4818510199523744,OGDVanilla,4.240000692597861,1004.0,4.240000692597861,4.0
0.4355220616672403,0.6717269464109593,9.0,44.78516029674841,5.230096496556574,5.230096496556574,0.4551792828685259,0.945707171314741,8.0,11.637591258721029,mse,1.3777389611917452,RLKappaBandit,3.831185430155865,1004.0,3.831185430155865,4.0
0.11922771560594903,nan,9.0,44.78516029674841,5.230096496556574,5.230096496556574,0.5109561752988048,0.0,8.0,69.2832129289906,mse,1.7864797736314433,RLRuleBandit,5.90954105065253,1004.0,5.90954105065253,4.0
0.24943470684606595,0.710061317083743,1.0,14.807605747987427,4.5357616815193005,4.5357616815193005,nan,nan,8.0,8.40834116288559,mse,1.2706879715577781,MWUMBothKL,3.1657135813622537,1004.0,3.1657135813622537,5.0
0.35575447958875484,0.17350187650006102,1.0,14.807605747987427,4.5357616815193005,4.5357616815193005,nan,nan,8.0,8.89188704668246,mse,1.249409270929813,MWUMConcOnlyKL,3.145259180802809,1004.0,3.145259180802809,5.0
0.9903816769656064,nan,1.0,14.807605747987427,4.5357616815193005,4.5357616815193005,nan,nan,8.0,12.418189788401417,mse,1.5625414393518495,MWUMVanilla,4.597274493920104,1004.0,4.597274493920104,5.0
0.05555555555555557,nan,1.0,14.807605747987427,4.5357616815193005,4.5357616815193005,nan,nan,8.0,18.102414339249133,mse,1.7310356990738822,Mean,5.2818035304265525,1004.0,5.2818035304265525,5.0
nan,nan,1.0,14.807605747987427,4.5357616815193005,4.5357616815193005,nan,nan,8.0,17.86220574198781,mse,1.6654774307129088,Median,5.0410035291235,1004.0,5.0410035291235,5.0
0.19891848165948228,0.10955999476199628,1.0,14.807605747987427,4.5357616815193005,4.5357616815193005,nan,nan,8.0,9.616135892422916,mse,1.3733021203144669,OGDBoth,3.5351243237444288,1004.0,3.5351243237444288,5.0
0.10271928137219595,1.9509986168627074,1.0,14.807605747987427,4.5357616815193005,4.5357616815193005,nan,nan,8.0,9.92423754853041,mse,1.4046421189362235,OGDConcOnly,3.6512286481172214,1004.0,3.6512286481172214,5.0
0.20274534162942054,nan,1.0,14.807605747987427,4.5357616815193005,4.5357616815193005,nan,nan,8.0,9.64141815909344,mse,1.3767951460878138,OGDVanilla,3.547884042267953,1004.0,3.547884042267953,5.0
0.2636197743544106,2.085012424654934,1.0,14.807605747987427,4.5357616815193005,4.5357616815193005,0.9372509960159362,3.1742131474103585,8.0,9.47919749270931,mse,1.3118014883195972,RLKappaBandit,3.325212711296413,1004.0,3.325212711296413,5.0
0.4044450237800467,nan,1.0,14.807605747987427,4.5357616815193005,4.5357616815193005,0.5946215139442231,3.0,8.0,14.32631788993509,mse,1.4696257761600078,RLRuleBandit,4.098060453930747,1004.0,4.098060453930747,5.0
0.2065199122768972,0.6783111319120007,9.0,5.443440559851137,3.5640134637044367,3.5640134637044367,nan,nan,8.0,4.309022770432785,mse,1.076884724449125,MWUMBothKL,2.3636637102632774,1004.0,2.3636637102632774,6.0
0.2916517709509319,0.16574382436871393,9.0,5.443440559851137,3.5640134637044367,3.5640134637044367,nan,nan,8.0,3.940292342481531,mse,1.0407154634649738,MWUMConcOnlyKL,2.2657494979318074,1004.0,2.2657494979318074,6.0
0.9957397746794446,nan,9.0,5.443440559851137,3.5640134637044367,3.5640134637044367,nan,nan,8.0,20.186014322806685,mse,1.3226367829795664,MWUMVanilla,3.7267268766541157,1004.0,3.7267268766541157,6.0
0.05555555555555557,nan,9.0,5.443440559851137,3.5640134637044367,3.5640134637044367,nan,nan,8.0,27.084428231472774,mse,1.433407913547913,Mean,4.038103792049529,1004.0,4.038103792049529,6.0
nan,nan,9.0,5.443440559851137,3.5640134637044367,3.5640134637044367,nan,nan,8.0,16.122707581445304,mse,1.365911873832673,Median,3.7911226418364175,1004.0,3.7911226418364175,6.0
0.17235384527889958,0.10466108929265562,9.0,5.443440559851137,3.5640134637044367,3.5640134637044367,nan,nan,8.0,6.1994422705524475,mse,1.1690197935974744,OGDBoth,2.7471465913333852,1004.0,2.7471465913333852,6.0
0.09120550532121101,1.8637602032876062,9.0,5.443440559851137,3.5640134637044367,3.5640134637044367,nan,nan,8.0,4.4832285224626185,mse,1.163769753557766,OGDConcOnly,2.7292771309911057,1004.0,2.7292771309911057,6.0
0.17641303184193766,nan,9.0,5.443440559851137,3.5640134637044367,3.5640134637044367,nan,nan,8.0,6.231559661421529,mse,1.1731212971617002,OGDVanilla,2.7630600288090097,1004.0,2.7630600288090097,6.0
0.4289272129159,1.2237841829665532,9.0,5.443440559851137,3.5640134637044367,3.5640134637044367,0.5069721115537849,1.733894422310757,8.0,4.249280225497815,mse,1.0981633874655885,RLKappaBandit,2.4578377434760954,1004.0,2.4578377434760954,6.0
0.19659004825361576,nan,9.0,5.443440559851137,3.5640134637044367,3.5640134637044367,0.9382470119521913,5.0,8.0,4.848534800606643,mse,1.1270238913470019,RLRuleBandit,2.569769043448737,1004.0,2.569769043448737,6.0
0.21817400291445233,0.6741425326531298,1.0,5.398714411243541,3.7114171926541157,3.7114171926541157,nan,nan,8.0,3.5134332216911974,mse,1.1060172825147374,MWUMBothKL,2.449761309032707,1004.0,2.449761309032707,7.0
0.32036304061761195,0.16472524100644126,1.0,5.398714411243541,3.7114171926541157,3.7114171926541157,nan,nan,8.0,3.415959615886082,mse,1.0885983892500166,MWUMConcOnlyKL,2.3799875843908875,1004.0,2.3799875843908875,7.0
0.9820703431846988,nan,1.0,5.398714411243541,3.7114171926541157,3.7114171926541157,nan,nan,8.0,5.389701250568936,mse,1.408182776652161,MWUMVanilla,3.7387166610870155,1004.0,3.7387166610870155,7.0
0.05555555555555557,nan,1.0,5.398714411243541,3.7114171926541157,3.7114171926541157,nan,nan,8.0,8.429808459421892,mse,1.5018074705946702,Mean,4.2572601024960255,1004.0,4.2572601024960255,7.0
nan,nan,1.0,5.398714411243541,3.7114171926541157,3.7114171926541157,nan,nan,8.0,7.562428623167209,mse,1.4484812791550439,Median,4.091566201319992,1004.0,4.091566201319992,7.0
0.19890173533299266,0.10401789387195784,1.0,5.398714411243541,3.7114171926541157,3.7114171926541157,nan,nan,8.0,4.389199048004289,mse,1.208160870052317,OGDBoth,2.854409856906755,1004.0,2.854409856906755,7.0
0.09388803164508712,1.8523063492641694,1.0,5.398714411243541,3.7114171926541157,3.7114171926541157,nan,nan,8.0,4.399553122002468,mse,1.2254554129427355,OGDConcOnly,2.887261888138167,1004.0,2.887261888138167,7.0
0.2045697846266694,nan,1.0,5.398714411243541,3.7114171926541157,3.7114171926541157,nan,nan,8.0,4.436329487084171,mse,1.212800636532023,OGDVanilla,2.872944384860257,1004.0,2.872944384860257,7.0
0.355049376591198,1.7473234502072483,1.0,5.398714411243541,3.7114171926541157,3.7114171926541157,0.7788844621513944,3.0540936254980084,8.0,3.8931166684475356,mse,1.1398117287597174,RLKappaBandit,2.571381514164497,1004.0,2.571381514164497,7.0
0.2024394490685137,nan,1.0,5.398714411243541,3.7114171926541157,3.7114171926541157,0.47908366533864544,5.0,8.0,5.068900463385618,mse,1.223630990590964,RLRuleBandit,3.0831937948323547,1004.0,3.0831937948323547,7.0
0.19119130603481554,0.7230174743994734,9.0,7.613476047908065,3.426098554474206,3.426098554474206,nan,nan,8.0,2.6749824782979146,mse,1.1077316406276885,MWUMBothKL,2.53145453923605,1004.0,2.53145453923605,8.0
0.2905302230592362,0.1766676704421647,9.0,7.613476047908065,3.426098554474206,3.426098554474206,nan,nan,8.0,2.689140232506735,mse,1.0855493457998693,MWUMConcOnlyKL,2.4945052878600658,1004.0,2.4945052878600658,8.0
0.9750725758032295,nan,9.0,7.613476047908065,3.426098554474206,3.426098554474206,nan,nan,8.0,8.213060184958861,mse,1.3578144342381606,MWUMVanilla,3.468267877924432,1004.0,3.468267877924432,8.0
0.05555555555555557,nan,9.0,7.613476047908065,3.426098554474206,3.426098554474206,nan,nan,8.0,14.234145713751227,mse,1.4272324155340756,Mean,3.8712896137240813,1004.0,3.8712896137240813,8.0
nan,nan,9.0,7.613476047908065,3.426098554474206,3.426098554474206,nan,nan,8.0,14.029917182079757,mse,1.3746345682385008,Median,3.7306589942596347,1004.0,3.7306589942596347,8.0
0.15914569722707844,0.11155906940021791,9.0,7.613476047908065,3.426098554474206,3.426098554474206,nan,nan,8.0,3.2475794182810667,mse,1.1830810683794573,OGDBoth,2.8181377651474437,1004.0,2.8181377651474437,8.0
0.09105114276626866,1.9865976095658966,9.0,7.613476047908065,3.426098554474206,3.426098554474206,nan,nan,8.0,3.244412354862522,mse,1.219763523460206,OGDConcOnly,2.9008841158496015,1004.0,2.9008841158496015,8.0
0.16307659807506883,nan,9.0,7.613476047908065,3.426098554474206,3.426098554474206,nan,nan,8.0,3.2632411136261887,mse,1.185836340350199,OGDVanilla,2.827105181346355,1004.0,2.827105181346355,8.0
0.6367277078194098,0.2480582437499558,9.0,7.613476047908065,3.426098554474206,3.426098554474206,0.13247011952191234,0.37114541832669323,8.0,2.987709752354224,mse,1.1138906172985048,RLKappaBandit,2.6401654872083067,1004.0,2.6401654872083067,8.0
0.13891895985240668,nan,9.0,7.613476047908065,3.426098554474206,3.426098554474206,0.3655378486055777,5.0,8.0,3.955205143212955,mse,1.2763839641837658,RLRuleBandit,3.2599252227906645,1004.0,3.2599252227906645,8.0
0.1586740152611809,0.7173461964073503,9.0,3.230144966271264,2.3695528401238315,2.3695528401238315,nan,nan,8.0,1.2927309906519808,mse,0.8829970221693426,MWUMBothKL,1.6437472372267974,1004.0,1.6437472372267974,9.0
0.23974341923014564,0.1752819125300058,9.0,3.230144966271264,2.3695528401238315,2.3695528401238315,nan,nan,8.0,1.2544475295701984,mse,0.8632559712187666,MWUMConcOnlyKL,1.5847862800526822,1004.0,1.5847862800526822,9.0
0.9830529669379698,nan,9.0,3.230144966271264,2.3695528401238315,2.3695528401238315,nan,nan,8.0,3.618729663462559,mse,1.0509202959105362,MWUMVanilla,2.3932566396491417,1004.0,2.3932566396491417,9.0
0.05555555555555557,nan,9.0,3.230144966271264,2.3695528401238315,2.3695528401238315,nan,nan,8.0,3.1195009954024435,mse,1.136505193178379,Mean,2.585548407222842,1004.0,2.585548407222842,9.0
nan,nan,9.0,3.230144966271264,2.3695528401238315,2.3695528401238315,nan,nan,8.0,2.594121050642171,mse,1.0838693537275534,Median,2.4618008758562318,1004.0,2.4618008758562318,9.0
0.16257901998722415,0.11068401766040979,9.0,3.230144966271264,2.3695528401238315,2.3695528401238315,nan,nan,8.0,1.6827889617743068,mse,0.9452840257948061,OGDBoth,1.8730295984038554,1004.0,1.8730295984038554,9.0
0.07748557735235083,1.9710149195028308,9.0,3.230144966271264,2.3695528401238315,2.3695528401238315,nan,nan,8.0,1.7073037015710166,mse,0.9806039602425803,OGDConcOnly,1.924569829367106,1004.0,1.924569829367106,9.0
0.17014302624474362,nan,9.0,3.230144966271264,2.3695528401238315,2.3695528401238315,nan,nan,8.0,1.6976470741941163,mse,0.9476834751273292,OGDVanilla,1.88156689351689,1004.0,1.88156689351689,9.0
0.6893161587710811,0.0242308123794812,9.0,3.230144966271264,2.3695528401238315,2.3695528401238315,0.00796812749003984,0.03423306772908365,8.0,1.4560017360861863,mse,0.8976130095920947,RLKappaBandit,1.6982636277098682,1004.0,1.6982636277098682,9.0
0.1499887092681613,nan,9.0,3.230144966271264,2.3695528401238315,2.3695528401238315,0.9342629482071713,5.0,8.0,1.4339801005228103,mse,0.9018899205361701,RLRuleBandit,1.7555906230093863,1004.0,1.7555906230093863,9.0
0.2847835959721892,0.6844908843862192,9.0,55.0393904356232,5.088686917443961,5.088686917443961,nan,nan,12.0,19.972276038800068,mse,1.3082527767109138,MWUMBothKL,3.5339754885341894,1004.0,3.5339754885341894,4.0
0.3163913162845156,0.26318464955007326,9.0,55.0393904356232,5.088686917443961,5.088686917443961,nan,nan,12.0,12.557985821444758,mse,1.3004099319813114,MWUMConcOnlyKL,3.4711978380971993,1004.0,3.4711978380971993,4.0
0.9859897681319607,nan,9.0,55.0393904356232,5.088686917443961,5.088686917443961,nan,nan,12.0,37.48005149134185,mse,1.6192240529002773,MWUMVanilla,5.151264511873903,1004.0,5.151264511873903,4.0
0.05555555555555557,nan,9.0,55.0393904356232,5.088686917443961,5.088686917443961,nan,nan,12.0,55.72493484477858,mse,1.9224284001724001,Mean,6.688280377726161,1004.0,6.688280377726161,4.0
nan,nan,9.0,55.0393904356232,5.088686917443961,5.088686917443961,nan,nan,12.0,45.92784098789226,mse,1.785071109879626,Median,6.113457283384116,1004.0,6.113457283384116,4.0
0.21328776145915204,0.06678901700289341,9.0,55.0393904356232,5.088686917443961,5.088686917443961,nan,nan,12.0,21.017486038733626,mse,1.4412165439595732,OGDBoth,4.06718025792335,1004.0,4.06718025792335,4.0
0.10020192283294267,2.7068334741257867,9.0,55.0393904356232,5.088686917443961,5.088686917443961,nan,nan,12.0,14.655090789982724,mse,1.5200340432696104,OGDConcOnly,4.258748488369013,1004.0,4.258748488369013,4.0
0.2397701272495776,nan,9.0,55.0393904356232,5.088686917443961,5.088686917443961,nan,nan,12.0,21.136364690744934,mse,1.4407932422545162,OGDVanilla,4.067969960004092,1004.0,4.067969960004092,4.0
0.5698661973066043,0.6209283903220555,9.0,55.0393904356232,5.088686917443961,5.088686917443961,0.22808764940239043,0.8183366533864541,12.0,13.559043708435723,mse,1.334260929596027,RLKappaBandit,3.6611296761348178,1004.0,3.6611296761348178,4.0
0.16192299446496314,nan,9.0,55.0393904356232,5.088686917443961,5.088686917443961,0.5109561752988048,6.0,12.0,30.935126175370996,mse,1.4790138519920804,RLRuleBandit,4.305529585663048,1004.0,4.305529585663048,4.0
0.2793630942690306,0.6856269608766367,9.0,12.302680993244476,4.970904439134478,4.970904439134478,nan,nan,12.0,9.054190259889635,mse,1.3016687417660706,MWUMBothKL,3.4095775818880996,1004.0,3.4095775818880996,5.0
0.30883685998820243,0.2636214664610846,9.0,12.302680993244476,4.970904439134478,4.970904439134478,nan,nan,12.0,11.092111965430671,mse,1.3020604429107405,MWUMConcOnlyKL,3.480908228832023,1004.0,3.480908228832023,5.0
0.9786112846542018,nan,9.0,12.302680993244476,4.970904439134478,4.970904439134478,nan,nan,12.0,13.972960957896744,mse,1.620194644224252,MWUMVanilla,5.068568988990702,1004.0,5.068568988990702,5.0
0.05555555555555557,nan,9.0,12.302680993244476,4.970904439134478,4.970904439134478,nan,nan,12.0,23.233432183424423,mse,1.856158196360968,Mean,6.131701223883001,1004.0,6.131701223883001,5.0
nan,nan,9.0,12.302680993244476,4.970904439134478,4.970904439134478,nan,nan,12.0,18.537084774031452,mse,1.7709017631458321,Median,5.7544036402313745,1004.0,5.7544036402313745,5.0
0.20642461043533888,0.06689986786817191,9.0,12.302680993244476,4.970904439134478,4.970904439134478,nan,nan,12.0,10.287452715355336,mse,1.3944038095158093,OGDBoth,3.8219807177425853,1004.0,3.8219807177425853,5.0
0.09798649811662345,2.711326117198387,9.0,12.302680993244476,4.970904439134478,4.970904439134478,nan,nan,12.0,10.252034933652189,mse,1.4887410658840523,OGDConcOnly,4.1460790036446795,1004.0,4.1460790036446795,5.0
0.233384480236262,nan,9.0,12.302680993244476,4.970904439134478,4.970904439134478,nan,nan,12.0,9.966002612327513,mse,1.3863625333834342,OGDVanilla,3.776195817410743,1004.0,3.776195817410743,5.0
0.2963296614908691,2.2368433521416424,9.0,12.302680993244476,4.970904439134478,4.970904439134478,0.8645418326693227,3.3879581673306776,12.0,10.482295078567288,mse,1.3558493951485733,RLKappaBandit,3.6308484184581666,1004.0,3.6308484184581666,5.0
0.14340416945002607,nan,9.0,12.302680993244476,4.970904439134478,4.970904439134478,0.5826693227091634,4.0,12.0,11.874603705632012,mse,1.5366677549964445,RLRuleBandit,4.504354565188557,1004.0,4.504354565188557,5.0
0.2136401816663372,0.6549693523712178,3.0,6.160435246610034,3.604760812238165,3.604760812238165,nan,nan,12.0,5.907793688245271,mse,1.0896193545106765,MWUMBothKL,2.525889155698539,1004.0,2.525889155698539,6.0
0.25272661187596457,0.2518337374135347,3.0,6.160435246610034,3.604760812238165,3.604760812238165,nan,nan,12.0,5.119452478682773,mse,1.0868827076112013,MWUMConcOnlyKL,2.5247619023806913,1004.0,2.5247619023806913,6.0
0.9909359197893586,nan,3.0,6.160435246610034,3.604760812238165,3.604760812238165,nan,nan,12.0,12.109088421047781,mse,1.3153444411806985,MWUMVanilla,3.738944290016368,1004.0,3.738944290016368,6.0
0.05555555555555557,nan,3.0,6.160435246610034,3.604760812238165,3.604760812238165,nan,nan,12.0,8.173014997352974,mse,1.4658386327286554,Mean,4.271315764239809,1004.0,4.271315764239809,6.0
nan,nan,3.0,6.160435246610034,3.604760812238165,3.604760812238165,nan,nan,12.0,7.388178295631061,mse,1.3873718646175381,Median,3.8913811891177277,1004.0,3.8913811891177277,6.0
0.1646554508139894,0.06390850024560432,3.0,6.160435246610034,3.604760812238165,3.604760812238165,nan,nan,12.0,4.731793117942923,mse,1.1706794109920688,OGDBoth,2.8402133792566957,1004.0,2.8402133792566957,6.0
0.08373536516742269,2.5900898328142645,3.0,6.160435246610034,3.604760812238165,3.604760812238165,nan,nan,12.0,4.076575898194783,mse,1.216334678403691,OGDConcOnly,2.967629600575951,1004.0,2.967629600575951,6.0
0.18285593940757502,nan,3.0,6.160435246610034,3.604760812238165,3.604760812238165,nan,nan,12.0,4.744042373888947,mse,1.1530178189610174,OGDVanilla,2.748907698284075,1004.0,2.748907698284075,6.0
0.1363053868423621,1.868448663906171,3.0,6.160435246610034,3.604760812238165,3.604760812238165,0.9850597609561753,2.9121414342629484,12.0,4.524219204417399,mse,1.1307275609727248,RLKappaBandit,2.623719776430873,1004.0,2.623719776430873,6.0
0.08644077474378138,nan,3.0,6.160435246610034,3.604760812238165,3.604760812238165,0.954183266932271,4.0,12.0,4.437730132663799,mse,1.2218959770564688,RLRuleBandit,3.016584516628416,1004.0,3.016584516628416,6.0
0.24481484045100596,0.6509442015444384,1.0,6.883683044988289,3.901996622662063,3.901996622662063,nan,nan,12.0,3.87167223793882,mse,1.140238608976548,MWUMBothKL,2.5850086251338094,1004.0,2.5850086251338094,7.0
0.2777396986689791,0.25028608286268444,1.0,6.883683044988289,3.901996622662063,3.901996622662063,nan,nan,12.0,3.8663899986588404,mse,1.1300287119789387,MWUMConcOnlyKL,2.5629702430877725,1004.0,2.5629702430877725,7.0
0.9857237900717143,nan,1.0,6.883683044988289,3.901996622662063,3.901996622662063,nan,nan,12.0,6.845281153274952,mse,1.4589329878530253,MWUMVanilla,3.9612750761881195,1004.0,3.9612750761881195,7.0
0.05555555555555557,nan,1.0,6.883683044988289,3.901996622662063,3.901996622662063,nan,nan,12.0,13.266670727200758,mse,1.5568526667898412,Mean,4.550555749148286,1004.0,4.550555749148286,7.0
nan,nan,1.0,6.883683044988289,3.901996622662063,3.901996622662063,nan,nan,12.0,12.76628167848737,mse,1.4772855002233751,Median,4.2699324540033965,1004.0,4.2699324540033965,7.0
0.18369202246852304,0.06351575252501644,1.0,6.883683044988289,3.901996622662063,3.901996622662063,nan,nan,12.0,4.780572756615809,mse,1.2272772800911276,OGDBoth,2.9770862325804437,1004.0,2.9770862325804437,7.0
0.08811970457994525,2.574172272570186,1.0,6.883683044988289,3.901996622662063,3.901996622662063,nan,nan,12.0,5.247466335768283,mse,1.2951183826555441,OGDConcOnly,3.1664296413052697,1004.0,3.1664296413052697,7.0
0.2062550708855083,nan,1.0,6.883683044988289,3.901996622662063,3.901996622662063,nan,nan,12.0,4.413371449614938,mse,1.2061758808334213,OGDVanilla,2.885527232207146,1004.0,2.885527232207146,7.0
0.31181265574016886,1.6978707311548518,1.0,6.883683044988289,3.901996622662063,3.901996622662063,0.6862549800796812,2.4519123505976097,12.0,4.40041308823605,mse,1.1916308925596895,RLKappaBandit,2.8137533923079503,1004.0,2.8137533923079503,7.0
0.22073166803173258,nan,1.0,6.883683044988289,3.901996622662063,3.901996622662063,0.4681274900398406,1.0,12.0,6.696207725504168,mse,1.2966645932794552,RLRuleBandit,3.4272421949528824,1004.0,3.4272421949528824,7.0
0.2080875082591315,0.6981372752754892,9.0,5.702173518289825,3.3862490311054536,3.3862490311054536,nan,nan,12.0,3.510186920344945,mse,1.1182505974146257,MWUMBothKL,2.556347746830256,1004.0,2.556347746830256,8.0
0.2484809324338174,0.2684316327989864,9.0,5.702173518289825,3.3862490311054536,3.3862490311054536,nan,nan,12.0,3.427049480200654,mse,1.0986000258357955,MWUMConcOnlyKL,2.5391565683598047,1004.0,2.5391565683598047,8.0
0.9581546321681447,nan,9.0,5.702173518289825,3.3862490311054536,3.3862490311054536,nan,nan,12.0,6.569441195103853,mse,1.3515323513942834,MWUMVanilla,3.4374319410767025,1004.0,3.4374319410767025,8.0
0.05555555555555557,nan,9.0,5.702173518289825,3.3862490311054536,3.3862490311054536,nan,nan,12.0,10.074248073824192,mse,1.4358228787087148,Mean,3.892057130287818,1004.0,3.892057130287818,8.0
nan,nan,9.0,5.702173518289825,3.3862490311054536,3.3862490311054536,nan,nan,12.0,8.322672858881553,mse,1.3798655004531613,Median,3.7207791944669206,1004.0,3.7207791944669206,8.0
0.14685554817706473,0.06812054199329991,9.0,5.702173518289825,3.3862490311054536,3.3862490311054536,nan,nan,12.0,4.02520392964123,mse,1.1951732956124945,OGDBoth,2.861074644109387,1004.0,2.861074644109387,8.0
0.08451633852047137,2.7607984703314106,9.0,5.702173518289825,3.3862490311054536,3.3862490311054536,nan,nan,12.0,4.1862939995760415,mse,1.2552863677189847,OGDConcOnly,3.0003839415324474,1004.0,3.0003839415324474,8.0
0.16874529680768421,nan,9.0,5.702173518289825,3.3862490311054536,3.3862490311054536,nan,nan,12.0,4.024655550772021,mse,1.1946839478815636,OGDVanilla,2.8606995168578817,1004.0,2.8606995168578817,8.0
0.12871822588149193,4.130541385976204,9.0,5.702173518289825,3.3862490311054536,3.3862490311054536,0.9651394422310757,6.082011952191235,12.0,3.6627147830815647,mse,1.2096772503134412,RLKappaBandit,2.873344488819839,1004.0,2.873344488819839,8.0
0.18551917775498283,nan,9.0,5.702173518289825,3.3862490311054536,3.3862490311054536,0.5368525896414342,5.0,12.0,4.439161889406785,mse,1.1869594059635251,RLRuleBandit,2.92056001052122,1004.0,2.92056001052122,8.0
0.1706582748294249,0.6926611553893397,9.0,3.8178788861415383,2.387916237329401,2.387916237329401,nan,nan,12.0,1.2042164131139625,mse,0.880664625710087,MWUMBothKL,1.5906909287806168,1004.0,1.5906909287806168,9.0
0.20111684624497198,0.26632608639152866,9.0,3.8178788861415383,2.387916237329401,2.387916237329401,nan,nan,12.0,1.212818303606298,mse,0.8633144247121961,MWUMConcOnlyKL,1.525722435229498,1004.0,1.525722435229498,9.0
0.9711414232758621,nan,9.0,3.8178788861415383,2.387916237329401,2.387916237329401,nan,nan,12.0,3.301247649383936,mse,1.0595534014028951,MWUMVanilla,2.445600747407517,1004.0,2.445600747407517,9.0
0.05555555555555557,nan,9.0,3.8178788861415383,2.387916237329401,2.387916237329401,nan,nan,12.0,4.38496573783435,mse,1.1582867446657552,Mean,2.660162998706411,1004.0,2.660162998706411,9.0
nan,nan,9.0,3.8178788861415383,2.387916237329401,2.387916237329401,nan,nan,12.0,2.8872610072753004,mse,1.097619686507718,Median,2.5042038282832224,1004.0,2.5042038282832224,9.0
0.1581476767238628,0.06758621826345546,9.0,3.8178788861415383,2.387916237329401,2.387916237329401,nan,nan,12.0,1.9390382900249667,mse,0.9463119524382155,OGDBoth,1.918713003838937,1004.0,1.918713003838937,9.0
0.07400386622942795,2.739143016426015,9.0,3.8178788861415383,2.387916237329401,2.387916237329401,nan,nan,12.0,1.734567169265862,mse,0.9941318255758018,OGDConcOnly,1.9287354179692262,1004.0,1.9287354179692262,9.0
0.18267709824381678,nan,9.0,3.8178788861415383,2.387916237329401,2.387916237329401,nan,nan,12.0,1.946303029286366,mse,0.9282998745957455,OGDVanilla,1.8412332597732168,1004.0,1.8412332597732168,9.0
0.44337152529402585,0.36300194670456926,9.0,3.8178788861415383,2.387916237329401,2.387916237329401,0.09262948207171315,0.496394422310757,12.0,1.4120455771206382,mse,0.8828973892058837,RLKappaBandit,1.623223086057816,1004.0,1.623223086057816,9.0
0.13470518795846456,nan,9.0,3.8178788861415383,2.387916237329401,2.387916237329401,0.7529880478087649,3.0,12.0,2.2137779592770563,mse,0.9910845400914766,RLRuleBandit,2.0739419663884386,1004.0,2.0739419663884386,9.0
0.2758493110226512,0.7347918777277168,9.0,53.58637094191715,4.9785949454280445,4.9785949454280445,nan,nan,16.0,11.654907793324686,mse,1.2753150736656855,MWUMBothKL,3.4393455623792653,1004.0,3.4393455623792653,4.0
0.2377428505328066,0.4618931258535855,9.0,53.58637094191715,4.9785949454280445,4.9785949454280445,nan,nan,16.0,11.425210748183877,mse,1.2853758043183732,MWUMConcOnlyKL,3.4923424326676784,1004.0,3.4923424326676784,4.0
0.7488192461659009,nan,9.0,53.58637094191715,4.9785949454280445,4.9785949454280445,nan,nan,16.0,34.21656691386451,mse,1.591488455334643,MWUMVanilla,4.985654262986719,1004.0,4.985654262986719,4.0
0.05555555555555557,nan,9.0,53.58637094191715,4.9785949454280445,4.9785949454280445,nan,nan,16.0,40.23238503939912,mse,1.8964209634930882,Mean,6.521288865367257,1004.0,6.521288865367257,4.0
nan,nan,9.0,53.58637094191715,4.9785949454280445,4.9785949454280445,nan,nan,16.0,33.73797046589354,mse,1.7637604766487047,Median,5.938124154200526,1004.0,5.938124154200526,4.0
0.21026502449438553,0.004544190288210098,9.0,53.58637094191715,4.9785949454280445,4.9785949454280445,nan,nan,16.0,18.208584666983846,mse,1.3991392433461018,OGDBoth,3.9965094151137195,1004.0,3.9965094151137195,4.0
0.08985076407057026,4.1292339714187145,9.0,53.58637094191715,4.9785949454280445,4.9785949454280445,nan,nan,16.0,87.10178376284914,mse,1.5549013288424094,OGDConcOnly,4.681891047979976,1004.0,4.681891047979976,4.0
0.21241931500183311,nan,9.0,53.58637094191715,4.9785949454280445,4.9785949454280445,nan,nan,16.0,18.555268219667077,mse,1.3956974915034168,OGDVanilla,3.982666467659647,1004.0,3.982666467659647,4.0
0.4780251691652227,1.0283099677834435,9.0,53.58637094191715,4.9785949454280445,4.9785949454280445,0.4850597609561753,1.3734561752988048,16.0,14.173755420815914,mse,1.3269036206959997,RLKappaBandit,3.7359249964797057,1004.0,3.7359249964797057,4.0
0.16400659152599942,nan,9.0,53.58637094191715,4.9785949454280445,4.9785949454280445,0.5308764940239044,6.0,16.0,23.83743604531573,mse,1.4666641955814763,RLRuleBandit,4.352709515735431,1004.0,4.352709515735431,4.0
0.2705043773986189,0.7360114408806598,9.0,13.29215410190259,4.994578546773616,4.994578546773616,nan,nan,16.0,9.927947654389135,mse,1.3515168808110944,MWUMBothKL,4.670584478391418,1004.0,4.670584478391418,5.0
0.2415247651909396,0.4626597475338485,9.0,13.29215410190259,4.994578546773616,4.994578546773616,nan,nan,16.0,10.490986701146998,mse,1.3633067255183096,MWUMConcOnlyKL,4.530514694085622,1004.0,4.530514694085622,5.0
0.4215760211363657,nan,9.0,13.29215410190259,4.994578546773616,4.994578546773616,nan,nan,16.0,14.87135262259205,mse,1.5943064325433767,MWUMVanilla,5.017303841784309,1004.0,5.017303841784309,5.0
0.05555555555555557,nan,9.0,13.29215410190259,4.994578546773616,4.994578546773616,nan,nan,16.0,22.952868048902822,mse,1.878770332802475,Mean,6.536035037870974,1004.0,6.536035037870974,5.0
nan,nan,9.0,13.29215410190259,4.994578546773616,4.994578546773616,nan,nan,16.0,22.887434107687337,mse,1.788633047156366,Median,5.95125511509052,1004.0,5.95125511509052,5.0
0.2046862314564524,0.004551730811153774,9.0,13.29215410190259,4.994578546773616,4.994578546773616,nan,nan,16.0,10.60279197747859,mse,1.4114663220762202,OGDBoth,4.119299995978287,1004.0,4.119299995978287,5.0
0.08446624643034738,4.136087432089638,9.0,13.29215410190259,4.994578546773616,4.994578546773616,nan,nan,16.0,12.123428474665113,mse,1.5118032808624342,OGDConcOnly,4.665690505525456,1004.0,4.665690505525456,5.0
0.2065651471544819,nan,9.0,13.29215410190259,4.994578546773616,4.994578546773616,nan,nan,16.0,10.575766877860902,mse,1.409073976756112,OGDVanilla,4.101499216354724,1004.0,4.101499216354724,5.0
0.44738990564960146,1.770289163356786,9.0,13.29215410190259,4.994578546773616,4.994578546773616,0.5159362549800797,2.7795916334661355,16.0,12.315811347523871,mse,1.3869525435314687,RLKappaBandit,4.356666830073228,1004.0,4.356666830073228,5.0
0.21604101409072846,nan,9.0,13.29215410190259,4.994578546773616,4.994578546773616,0.35258964143426297,5.0,16.0,14.034326452693493,mse,1.556723470357286,RLRuleBandit,5.00342103481201,1004.0,5.00342103481201,5.0
0.20981280206297806,0.7031009018404383,9.0,4.714672562527347,3.7849565722435377,3.7849565722435377,nan,nan,16.0,4.37584876768636,mse,1.147190225142893,MWUMBothKL,2.8172295737936173,1004.0,2.8172295737936173,6.0
0.19448909147781718,0.44197206713247544,9.0,4.714672562527347,3.7849565722435377,3.7849565722435377,nan,nan,16.0,46.08800020603041,mse,1.1632712679774924,MWUMConcOnlyKL,2.9567177631316737,1004.0,2.9567177631316737,6.0
0.24686387924477288,nan,9.0,4.714672562527347,3.7849565722435377,3.7849565722435377,nan,nan,16.0,7.175249647937466,mse,1.277300345387607,MWUMVanilla,3.7392449802960206,1004.0,3.7392449802960206,6.0
0.05555555555555557,nan,9.0,4.714672562527347,3.7849565722435377,3.7849565722435377,nan,nan,16.0,62.06957206270775,mse,1.5258637732664628,Mean,4.6491430285107995,1004.0,4.6491430285107995,6.0
nan,nan,9.0,4.714672562527347,3.7849565722435377,3.7849565722435377,nan,nan,16.0,18.98271823560245,mse,1.4265055028533613,Median,4.194102831571579,1004.0,4.194102831571579,6.0
0.16873280319004744,0.004348245920582364,9.0,4.714672562527347,3.7849565722435377,3.7849565722435377,nan,nan,16.0,5.088997830271686,mse,1.194101712172476,OGDBoth,3.0716349176107713,1004.0,3.0716349176107713,6.0
0.0740824380397523,3.951143270381627,9.0,4.714672562527347,3.7849565722435377,3.7849565722435377,nan,nan,16.0,5.743626446597213,mse,1.2740502396351234,OGDConcOnly,3.303935451592461,1004.0,3.303935451592461,6.0
0.1701891908902215,nan,9.0,4.714672562527347,3.7849565722435377,3.7849565722435377,nan,nan,16.0,5.076722969299668,mse,1.1927097411106313,OGDVanilla,3.0644982896493462,1004.0,3.0644982896493462,6.0
0.1477504202060425,4.5917130950351925,9.0,4.714672562527347,3.7849565722435377,3.7849565722435377,0.9033864541832669,7.208545816733067,16.0,7.072687658826082,mse,1.2678417686728602,RLKappaBandit,3.2736330047016264,1004.0,3.2736330047016264,6.0
0.10278204053303217,nan,9.0,4.714672562527347,3.7849565722435377,3.7849565722435377,0.7868525896414342,6.0,16.0,6.72831497971005,mse,1.2549182019666996,RLRuleBandit,3.251878873784188,1004.0,3.251878873784188,6.0
0.24302120013768855,0.6987799554298894,1.0,5.550586020718884,4.036202076565264,4.036202076565264,nan,nan,16.0,12.62025852172849,mse,1.1587463839189833,MWUMBothKL,2.838532486535682,1004.0,2.838532486535682,7.0
0.21812619476686174,0.439255905046414,1.0,5.550586020718884,4.036202076565264,4.036202076565264,nan,nan,16.0,20.15950388242184,mse,1.1773847158997781,MWUMConcOnlyKL,2.877367820989997,1004.0,2.877367820989997,7.0
0.37532351096317235,nan,1.0,5.550586020718884,4.036202076565264,4.036202076565264,nan,nan,16.0,5.798251844900389,mse,1.463510375179787,MWUMVanilla,4.032761910756343,1004.0,4.032761910756343,7.0
0.05555555555555557,nan,1.0,5.550586020718884,4.036202076565264,4.036202076565264,nan,nan,16.0,11.580346930700722,mse,1.5943882511571388,Mean,4.683958236970049,1004.0,4.683958236970049,7.0
nan,nan,1.0,5.550586020718884,4.036202076565264,4.036202076565264,nan,nan,16.0,9.923542288438366,mse,1.5091813902813325,Median,4.345275244005882,1004.0,4.345275244005882,7.0
0.18798470206344117,0.004321529636584679,1.0,5.550586020718884,4.036202076565264,4.036202076565264,nan,nan,16.0,11.561508394028634,mse,1.2262156180684913,OGDBoth,3.1384894032683524,1004.0,3.1384894032683524,7.0
0.07866992994300863,3.9268612672607563,1.0,5.550586020718884,4.036202076565264,4.036202076565264,nan,nan,16.0,7.805259938354726,mse,1.3436971410981906,OGDConcOnly,3.4379028228704724,1004.0,3.4379028228704724,7.0
0.18999626680408607,nan,1.0,5.550586020718884,4.036202076565264,4.036202076565264,nan,nan,16.0,11.647312121072307,mse,1.2238265867806304,OGDVanilla,3.1306186552752067,1004.0,3.1306186552752067,7.0
0.5103506432038792,0.5258440620694782,1.0,5.550586020718884,4.036202076565264,4.036202076565264,0.5189243027888446,0.7218227091633467,16.0,22.12689598599081,mse,1.2146845559719053,RLKappaBandit,4.0785640251421285,1004.0,4.0785640251421285,7.0
0.1758318707995822,nan,1.0,5.550586020718884,4.036202076565264,4.036202076565264,0.46115537848605576,5.0,16.0,7.4165887754424356,mse,1.3253828359476005,RLRuleBandit,3.5096715653325252,1004.0,3.5096715653325252,7.0
0.2167236375808941,0.7494410986556983,9.0,5.06093593126818,3.35517750003092,3.35517750003092,nan,nan,16.0,3.0045873109782995,mse,1.0847954730027727,MWUMBothKL,2.4091281373781546,1004.0,2.4091281373781546,8.0
0.1984058066226808,0.47110167756757604,9.0,5.06093593126818,3.35517750003092,3.35517750003092,nan,nan,16.0,3.161084642854693,mse,1.0847504548124336,MWUMConcOnlyKL,2.4029816891154274,1004.0,2.4029816891154274,8.0
0.42595288874914844,nan,9.0,5.06093593126818,3.35517750003092,3.35517750003092,nan,nan,16.0,5.772995695298376,mse,1.3078084960266845,MWUMVanilla,3.349875934465103,1004.0,3.349875934465103,8.0
0.05555555555555557,nan,9.0,5.06093593126818,3.35517750003092,3.35517750003092,nan,nan,16.0,6.991552010655362,mse,1.4499685825682873,Mean,3.8966635642906375,1004.0,3.8966635642906375,8.0
nan,nan,9.0,5.06093593126818,3.35517750003092,3.35517750003092,nan,nan,16.0,6.228576463491564,mse,1.3930677735764854,Median,3.697434389129616,1004.0,3.697434389129616,8.0
0.15417642632636566,0.004634765988408858,9.0,5.06093593126818,3.35517750003092,3.35517750003092,nan,nan,16.0,4.931232904432246,mse,1.2153605321577212,OGDBoth,2.9175811773798777,1004.0,2.9175811773798777,8.0
0.07517188092272693,4.211556776307744,9.0,5.06093593126818,3.35517750003092,3.35517750003092,nan,nan,16.0,4.505591440560192,mse,1.2526035944910536,OGDConcOnly,2.95579074989079,1004.0,2.95579074989079,8.0
0.1558596256908408,nan,9.0,5.06093593126818,3.35517750003092,3.35517750003092,nan,nan,16.0,4.990169551006015,mse,1.213836432823108,OGDVanilla,2.9135499418221777,1004.0,2.9135499418221777,8.0
0.17259325228298855,1.7470894444243292,9.0,5.06093593126818,3.35517750003092,3.35517750003092,0.9581673306772909,2.527370517928287,16.0,3.120319304219468,mse,1.1060581268760163,RLKappaBandit,2.4460865991832694,1004.0,2.4460865991832694,8.0
0.1869112784194321,nan,9.0,5.06093593126818,3.35517750003092,3.35517750003092,0.8256972111553785,5.0,16.0,3.6140957376303318,mse,1.1233644858765548,RLRuleBandit,2.5941749882912477,1004.0,2.5941749882912477,8.0
0.1691721272912992,0.7435625560658481,9.0,6.527433522119039,2.60790960927494,2.60790960927494,nan,nan,16.0,1.8699072215268662,mse,0.8968824882228493,MWUMBothKL,1.8201485316508812,1004.0,1.8201485316508812,9.0
0.16013246533185832,0.4674064050539278,9.0,6.527433522119039,2.60790960927494,2.60790960927494,nan,nan,16.0,1.9537636164241596,mse,0.9138820210471095,MWUMConcOnlyKL,1.8572747242071057,1004.0,1.8572747242071057,9.0
0.3109425805373242,nan,9.0,6.527433522119039,2.60790960927494,2.60790960927494,nan,nan,16.0,7.2043337115147725,mse,1.067976727312291,MWUMVanilla,2.5841259133635335,1004.0,2.5841259133635335,9.0
0.05555555555555557,nan,9.0,6.527433522119039,2.60790960927494,2.60790960927494,nan,nan,16.0,9.67544678819738,mse,1.204630244364199,Mean,2.9366755595581733,1004.0,2.9366755595581733,9.0
nan,nan,9.0,6.527433522119039,2.60790960927494,2.60790960927494,nan,nan,16.0,4.060393217818101,mse,1.137671905938201,Median,2.722109889241983,1004.0,2.722109889241983,9.0
0.1640099524608226,0.004598419133252426,9.0,6.527433522119039,2.60790960927494,2.60790960927494,nan,nan,16.0,2.1275910782054956,mse,0.9381795966235391,OGDBoth,1.9676865650143616,1004.0,1.9676865650143616,9.0
0.06709674494315483,4.17852170112967,9.0,6.527433522119039,2.60790960927494,2.60790960927494,nan,nan,16.0,2.2340303539847324,mse,1.0241269533832846,OGDConcOnly,2.1361359935119046,1004.0,2.1361359935119046,9.0
0.16547701246230043,nan,9.0,6.527433522119039,2.60790960927494,2.60790960927494,nan,nan,16.0,2.120246235716336,mse,0.9360072495843769,OGDVanilla,1.9611790213373643,1004.0,1.9611790213373643,9.0
0.26324608497723234,3.137631441538191,9.0,6.527433522119039,2.60790960927494,2.60790960927494,0.5966135458167331,4.521414342629482,16.0,4.208536334078215,mse,0.9890806070873917,RLKappaBandit,2.1363351655053804,1004.0,2.1363351655053804,9.0
0.2607175423615941,nan,9.0,6.527433522119039,2.60790960927494,2.60790960927494,0.8276892430278885,2.0,16.0,10.375811513872854,mse,1.1097274344897206,RLRuleBandit,2.7486790324782056,1004.0,2.7486790324782056,9.0
0.3042469963404485,0.5728620282129492,9.0,60.53028872613291,4.927839967018411,4.927839967018411,nan,nan,20.0,44.3970937823631,mse,1.2803928811959795,MWUMBothKL,3.623298972523984,1004.0,3.623298972523984,4.0
0.2625355349848842,0.3695390980950903,9.0,60.53028872613291,4.927839967018411,4.927839967018411,nan,nan,20.0,29.339698247513656,mse,1.3153901277070303,MWUMConcOnlyKL,3.728359089447557,1004.0,3.728359089447557,4.0
0.8172585572827953,nan,9.0,60.53028872613291,4.927839967018411,4.927839967018411,nan,nan,20.0,59.223978171673025,mse,1.5663778231172565,MWUMVanilla,4.90382027403883,1004.0,4.90382027403883,4.0
0.05555555555555557,nan,9.0,60.53028872613291,4.927839967018411,4.927839967018411,nan,nan,20.0,84.15611043920484,mse,1.8789327171688102,Mean,6.542002045846569,1004.0,6.542002045846569,4.0
nan,nan,9.0,60.53028872613291,4.927839967018411,4.927839967018411,nan,nan,20.0,73.00051461425312,mse,1.756536008062534,Median,5.952844601078086,1004.0,5.952844601078086,4.0
0.16744742339236054,0.03145402967959843,9.0,60.53028872613291,4.927839967018411,4.927839967018411,nan,nan,20.0,43.06564781057845,mse,1.4948496798012785,OGDBoth,4.530839744309708,1004.0,4.530839744309708,4.0
0.08440027727309848,5.370639570308831,9.0,60.53028872613291,4.927839967018411,4.927839967018411,nan,nan,20.0,69.25578348879856,mse,1.581404739263,OGDConcOnly,5.069100059772963,1004.0,5.069100059772963,4.0
0.16875063760130418,nan,9.0,60.53028872613291,4.927839967018411,4.927839967018411,nan,nan,20.0,43.09557890701782,mse,1.4955369457920986,OGDVanilla,4.533136720103415,1004.0,4.533136720103415,4.0
0.5627563433779245,0.6497267059600608,9.0,60.53028872613291,4.927839967018411,4.927839967018411,0.301792828685259,1.166125498007968,20.0,32.179400263689196,mse,1.3789718240341702,RLKappaBandit,4.004609380631314,1004.0,4.004609380631314,4.0
0.2461490359367738,nan,9.0,60.53028872613291,4.927839967018411,4.927839967018411,0.7051792828685259,4.0,20.0,44.12119606787576,mse,1.6038064812775947,RLRuleBandit,5.045771340738413,1004.0,5.045771340738413,4.0
0.3166576747778554,0.5738128296218155,9.0,14.553086985400254,4.957686486171331,4.957686486171331,nan,nan,20.0,12.267062625919436,mse,1.3319772704714559,MWUMBothKL,5.559814480026489,1004.0,5.559814480026489,5.0
0.26907962351074344,0.37015243593270625,9.0,14.553086985400254,4.957686486171331,4.957686486171331,nan,nan,20.0,11.667775955833624,mse,1.345680705283218,MWUMConcOnlyKL,5.594644565109079,1004.0,5.594644565109079,5.0
0.6164735440091718,nan,9.0,14.553086985400254,4.957686486171331,4.957686486171331,nan,nan,20.0,15.28769045653924,mse,1.5643041034550051,MWUMVanilla,4.88414749232596,1004.0,4.88414749232596,5.0
0.05555555555555557,nan,9.0,14.553086985400254,4.957686486171331,4.957686486171331,nan,nan,20.0,22.878488634605255,mse,1.9330629766871152,Mean,7.147458416183579,1004.0,7.147458416183579,5.0
nan,nan,9.0,14.553086985400254,4.957686486171331,4.957686486171331,nan,nan,20.0,26.333859489983574,mse,1.831737924812085,Median,6.252415623921823,1004.0,6.252415623921823,5.0
0.15538199308399647,0.031506233588504164,9.0,14.553086985400254,4.957686486171331,4.957686486171331,nan,nan,20.0,19.38713624829997,mse,1.5446946664463146,OGDBoth,5.198060600864093,1004.0,5.198060600864093,5.0
0.08006212251695782,5.379553443774951,9.0,14.553086985400254,4.957686486171331,4.957686486171331,nan,nan,20.0,13.411220189349478,mse,1.559613991484957,OGDConcOnly,5.411827879235335,1004.0,5.411827879235335,5.0
0.15595068226994252,nan,9.0,14.553086985400254,4.957686486171331,4.957686486171331,nan,nan,20.0,19.377217062603233,mse,1.5451749933938788,OGDVanilla,5.186947821277566,1004.0,5.186947821277566,5.0
0.4680304722362111,0.25404666136714665,9.0,14.553086985400254,4.957686486171331,4.957686486171331,0.3904382470119522,0.3912649402390438,20.0,11.87584524400157,mse,1.3172451346326033,RLKappaBandit,4.274581604169961,1004.0,4.274581604169961,5.0
0.18929199689724116,nan,9.0,14.553086985400254,4.957686486171331,4.957686486171331,0.46613545816733065,1.0,20.0,20.33272265458138,mse,1.592351908604641,RLRuleBandit,5.498964741415615,1004.0,5.498964741415615,5.0
0.2528412465591076,0.5481549644998018,9.0,4.587462775991526,3.790465183918476,3.790465183918476,nan,nan,20.0,5.470690484059873,mse,1.1244373912539614,MWUMBothKL,2.8316849344511685,1004.0,2.8316849344511685,6.0
0.2206544446959784,0.35360119887623,9.0,4.587462775991526,3.790465183918476,3.790465183918476,nan,nan,20.0,5.883995179064243,mse,1.1460515905810216,MWUMConcOnlyKL,2.891339771422302,1004.0,2.891339771422302,6.0
0.4747283839509154,nan,9.0,4.587462775991526,3.790465183918476,3.790465183918476,nan,nan,20.0,5.029040028835509,mse,1.2802920242948337,MWUMVanilla,3.7492808431100193,1004.0,3.7492808431100193,6.0
0.05555555555555557,nan,9.0,4.587462775991526,3.790465183918476,3.790465183918476,nan,nan,20.0,108.8301654619828,mse,1.532371397284762,Mean,4.685553587549333,1004.0,4.685553587549333,6.0
nan,nan,9.0,4.587462775991526,3.790465183918476,3.790465183918476,nan,nan,20.0,23.012350803753073,mse,1.4485770460976133,Median,4.269670544622821,1004.0,4.269670544622821,6.0
0.1496043838507905,0.030097484252360047,9.0,4.587462775991526,3.790465183918476,3.790465183918476,nan,nan,20.0,6.351674469202035,mse,1.2465849104464886,OGDBoth,3.368706619230546,1004.0,3.368706619230546,6.0
0.07094086808602759,5.13900798288728,9.0,4.587462775991526,3.790465183918476,3.790465183918476,nan,nan,20.0,5.884523236004877,mse,1.2952438503140198,OGDConcOnly,3.3478038757710595,1004.0,3.3478038757710595,6.0
0.15158230266141723,nan,9.0,4.587462775991526,3.790465183918476,3.790465183918476,nan,nan,20.0,6.348586705768933,mse,1.246658990899973,OGDVanilla,3.370248222169864,1004.0,3.370248222169864,6.0
0.28104613710908044,0.7563479336753479,9.0,4.587462775991526,3.790465183918476,3.790465183918476,0.8356573705179283,1.2105876494023902,20.0,6.441899647567231,mse,1.1623308734954,RLKappaBandit,2.953183731312207,1004.0,2.953183731312207,6.0
0.12335238091580063,nan,9.0,4.587462775991526,3.790465183918476,3.790465183918476,0.3615537848605578,6.0,20.0,636.4880665061323,mse,1.2816171946298553,RLRuleBandit,3.589934004859072,1004.0,3.589934004859072,6.0
0.29146710792196767,0.5447862484764691,0.0,5.428225995208747,4.046291862969562,4.046291862969562,nan,nan,20.0,6.619821181556915,mse,1.1482467593463266,MWUMBothKL,2.7389598904194585,1004.0,2.7389598904194585,7.0
0.25019208942675303,0.35142812573811083,0.0,5.428225995208747,4.046291862969562,4.046291862969562,nan,nan,20.0,6.256361206224231,mse,1.1590505562884206,MWUMConcOnlyKL,2.691741951364431,1004.0,2.691741951364431,7.0
0.4608245997694891,nan,0.0,5.428225995208747,4.046291862969562,4.046291862969562,nan,nan,20.0,5.9956037003977585,mse,1.458546164180812,MWUMVanilla,3.99381208062239,1004.0,3.99381208062239,7.0
0.05555555555555557,nan,0.0,5.428225995208747,4.046291862969562,4.046291862969562,nan,nan,20.0,8.652103742981485,mse,1.620131367112636,Mean,4.636976117085923,1004.0,4.636976117085923,7.0
nan,nan,0.0,5.428225995208747,4.046291862969562,4.046291862969562,nan,nan,20.0,7.354044614805572,mse,1.541898147505367,Median,4.343551274143944,1004.0,4.343551274143944,7.0
0.13513632948495585,0.02991252434088805,0.0,5.428225995208747,4.046291862969562,4.046291862969562,nan,nan,20.0,5.736840679305162,mse,1.3716726652789377,OGDBoth,3.558891369876864,1004.0,3.558891369876864,7.0
0.07378577958629143,5.107425879521362,0.0,5.428225995208747,4.046291862969562,4.046291862969562,nan,nan,20.0,5.09284575786108,mse,1.3520800931866963,OGDConcOnly,3.370857017936141,1004.0,3.370857017936141,7.0
0.13567223990532767,nan,0.0,5.428225995208747,4.046291862969562,4.046291862969562,nan,nan,20.0,5.745617685574204,mse,1.3724832088617407,OGDVanilla,3.5621740666762682,1004.0,3.5621740666762682,7.0
0.4041572559026674,1.6440692297977448,0.0,5.428225995208747,4.046291862969562,4.046291862969562,0.6693227091633466,2.60699203187251,20.0,4.7914276222632255,mse,1.198637193378518,RLKappaBandit,2.837272859524196,1004.0,2.837272859524196,7.0
0.09088737160877035,nan,0.0,5.428225995208747,4.046291862969562,4.046291862969562,0.35756972111553786,0.0,20.0,6.387451029122426,mse,1.468374107887705,RLRuleBandit,3.9840210905340205,1004.0,3.9840210905340205,7.0
0.24107758475850627,0.5842829209018645,9.0,6.138842624369051,3.4567486877205242,3.4567486877205242,nan,nan,20.0,11.972475479670834,mse,1.1455037016222482,MWUMBothKL,2.738789230513029,1004.0,2.738789230513029,8.0
0.21430065904107937,0.37690642586736983,9.0,6.138842624369051,3.4567486877205242,3.4567486877205242,nan,nan,20.0,13.436483158777195,mse,1.1240665371026535,MWUMConcOnlyKL,2.6606942051128435,1004.0,2.6606942051128435,8.0
0.435255543251889,nan,9.0,6.138842624369051,3.4567486877205242,3.4567486877205242,nan,nan,20.0,6.61931791913053,mse,1.3097904745622,MWUMVanilla,3.4248776579781244,1004.0,3.4248776579781244,8.0
0.05555555555555557,nan,9.0,6.138842624369051,3.4567486877205242,3.4567486877205242,nan,nan,20.0,7.316630344540575,mse,1.46407743927296,Mean,3.9965420167676324,1004.0,3.9965420167676324,8.0
nan,nan,9.0,6.138842624369051,3.4567486877205242,3.4567486877205242,nan,nan,20.0,7.257058586719684,mse,1.3953636949489892,Median,3.780092018412336,1004.0,3.780092018412336,8.0
0.1284243184127801,0.03208109568517497,9.0,6.138842624369051,3.4567486877205242,3.4567486877205242,nan,nan,20.0,4.586492278824972,mse,1.2666026143791933,OGDBoth,3.1731306561034978,1004.0,3.1731306561034978,8.0
0.07088380886100597,5.477711763670963,9.0,6.138842624369051,3.4567486877205242,3.4567486877205242,nan,nan,20.0,6.385124774408436,mse,1.2829750151431965,OGDConcOnly,3.184263626762522,1004.0,3.184263626762522,8.0
0.12988447694014515,nan,9.0,6.138842624369051,3.4567486877205242,3.4567486877205242,nan,nan,20.0,4.592915840736468,mse,1.2666492196407613,OGDVanilla,3.1741283466549106,1004.0,3.1741283466549106,8.0
0.5223385510425694,0.08105405796316502,9.0,6.138842624369051,3.4567486877205242,3.4567486877205242,0.014940239043824702,0.13109561752988047,20.0,15.050395235733184,mse,1.1525486665751437,RLKappaBandit,2.8734786748539243,1004.0,2.8734786748539243,8.0
0.21977355546234953,nan,9.0,6.138842624369051,3.4567486877205242,3.4567486877205242,0.901394422310757,5.0,20.0,12.696731999773354,mse,1.1711374784573436,RLRuleBandit,2.910143913032652,1004.0,2.910143913032652,8.0
0.2028610470516542,0.5796998646140276,9.0,9.328362352417948,2.751260680660157,2.751260680660157,nan,nan,20.0,3.9938194026493976,mse,0.9043026072427343,MWUMBothKL,1.8661895506640374,1004.0,1.8661895506640374,9.0
0.18512822667949122,0.37395001266999595,9.0,9.328362352417948,2.751260680660157,2.751260680660157,nan,nan,20.0,5.898311947309458,mse,0.8943423389581019,MWUMConcOnlyKL,1.809164250575619,1004.0,1.809164250575619,9.0
0.37675215411127044,nan,9.0,9.328362352417948,2.751260680660157,2.751260680660157,nan,nan,20.0,8.479219742756936,mse,1.1002458039747476,MWUMVanilla,2.707481551232882,1004.0,2.707481551232882,9.0
0.05555555555555557,nan,9.0,9.328362352417948,2.751260680660157,2.751260680660157,nan,nan,20.0,51.81112505315899,mse,1.227794596325253,Mean,3.096488094498224,1004.0,3.096488094498224,9.0
nan,nan,9.0,9.328362352417948,2.751260680660157,2.751260680660157,nan,nan,20.0,9.360407919140918,mse,1.1590848495085007,Median,2.8412008202550494,1004.0,2.8412008202550494,9.0
0.1256249934940691,0.031829462220258904,9.0,9.328362352417948,2.751260680660157,2.751260680660157,nan,nan,20.0,16.55831047077032,mse,1.0690840750412258,OGDBoth,2.523796518531039,1004.0,2.523796518531039,9.0
0.06472349236359501,5.434745079506504,9.0,9.328362352417948,2.751260680660157,2.751260680660157,nan,nan,20.0,20.044309751483727,mse,1.064237880663383,OGDConcOnly,2.3677588710379207,1004.0,2.3677588710379207,9.0
0.12720305949716706,nan,9.0,9.328362352417948,2.751260680660157,2.751260680660157,nan,nan,20.0,16.430548572980026,mse,1.0692153551739878,OGDVanilla,2.5258497207654194,1004.0,2.5258497207654194,9.0
0.47636656078468653,0.24063127288181113,9.0,9.328362352417948,2.751260680660157,2.751260680660157,0.17231075697211157,0.39434262948207166,20.0,7.462489460403518,mse,0.9095425563737481,RLKappaBandit,1.8807351187177825,1004.0,1.8807351187177825,9.0
0.1104742385594855,nan,9.0,9.328362352417948,2.751260680660157,2.751260680660157,0.6045816733067729,1.0,20.0,17.661494132429603,mse,1.0866927799103485,RLRuleBandit,2.571328170817307,1004.0,2.571328170817307,9.0
0.32441267419988035,0.5858901081710578,9.0,67.45545735272066,5.029708019273746,5.029708019273746,nan,nan,24.0,170.77351916640885,mse,1.29934788666177,MWUMBothKL,3.5967871132289475,1004.0,3.5967871132289475,4.0
0.24757926828371785,0.4483884713868033,9.0,67.45545735272066,5.029708019273746,5.029708019273746,nan,nan,24.0,49.18035559725521,mse,1.3021689180901996,MWUMConcOnlyKL,3.466102875006015,1004.0,3.466102875006015,4.0
0.7653296748289841,nan,9.0,67.45545735272066,5.029708019273746,5.029708019273746,nan,nan,24.0,70.00653059562997,mse,1.590388591656054,MWUMVanilla,5.057091621348149,1004.0,5.057091621348149,4.0
0.05555555555555557,nan,9.0,67.45545735272066,5.029708019273746,5.029708019273746,nan,nan,24.0,91.24917590273206,mse,1.9143332395186101,Mean,6.6661807153757024,1004.0,6.6661807153757024,4.0
nan,nan,9.0,67.45545735272066,5.029708019273746,5.029708019273746,nan,nan,24.0,78.66242683661342,mse,1.7931254291762706,Median,6.094178689546015,1004.0,6.094178689546015,4.0
0.18871349602514648,0.008311155812373343,9.0,67.45545735272066,5.029708019273746,5.029708019273746,nan,nan,24.0,99.31116369539858,mse,1.5063238252319766,OGDBoth,4.530717506972197,1004.0,4.530717506972197,4.0
0.08711423816149727,5.394972378587997,9.0,67.45545735272066,5.029708019273746,5.029708019273746,nan,nan,24.0,27950.411095643256,mse,1.6129204613989405,OGDConcOnly,5.276874458395693,1004.0,5.276874458395693,4.0
0.19107142473061398,nan,9.0,67.45545735272066,5.029708019273746,5.029708019273746,nan,nan,24.0,96.10653734810899,mse,1.5114185430816587,OGDVanilla,4.550681635564108,1004.0,4.550681635564108,4.0
0.3603728415705744,1.7943608781363851,9.0,67.45545735272066,5.029708019273746,5.029708019273746,0.599601593625498,3.019442231075697,24.0,165.0735976169864,mse,1.3338736837858571,RLKappaBandit,3.632849648144691,1004.0,3.632849648144691,4.0
0.5087027111124436,nan,9.0,67.45545735272066,5.029708019273746,5.029708019273746,0.5119521912350598,2.0,24.0,54.65683610451119,mse,1.5720732580791668,RLRuleBandit,4.92789214317433,1004.0,4.92789214317433,4.0
0.3208529443007256,0.5868625328291396,9.0,16.27502912016495,5.16461224753651,5.16461224753651,nan,nan,24.0,13.325582002364198,mse,1.4058998169403931,MWUMBothKL,6.572808140526837,1004.0,6.572808140526837,5.0
0.25698606812280544,0.4491326788272056,9.0,16.27502912016495,5.16461224753651,5.16461224753651,nan,nan,24.0,20.34081291749824,mse,1.4413960357480666,MWUMConcOnlyKL,8.144724693762127,1004.0,8.144724693762127,5.0
0.611873783303303,nan,9.0,16.27502912016495,5.16461224753651,5.16461224753651,nan,nan,24.0,17.294113346198284,mse,1.6055292924739721,MWUMVanilla,5.138770049780852,1004.0,5.138770049780852,5.0
0.05555555555555557,nan,9.0,16.27502912016495,5.16461224753651,5.16461224753651,nan,nan,24.0,19.461171532021364,mse,2.045658501608835,Mean,8.933043468523685,1004.0,8.933043468523685,5.0
nan,nan,9.0,16.27502912016495,5.16461224753651,5.16461224753651,nan,nan,24.0,22.435872528785524,mse,1.8951453846316035,Median,6.660964152486011,1004.0,6.660964152486011,5.0
0.15990722669234564,0.008324948525553625,9.0,16.27502912016495,5.16461224753651,5.16461224753651,nan,nan,24.0,12.846125274436819,mse,1.665668297777459,OGDBoth,8.558635940592644,1004.0,8.558635940592644,5.0
0.08268619162168392,5.403926638233754,9.0,16.27502912016495,5.16461224753651,5.16461224753651,nan,nan,24.0,9.903760300040204,mse,1.656391265764858,OGDConcOnly,8.31243381522626,1004.0,8.31243381522626,5.0
0.15921686954113234,nan,9.0,16.27502912016495,5.16461224753651,5.16461224753651,nan,nan,24.0,13.061628434877846,mse,1.6695578083036478,OGDVanilla,8.375165447927264,1004.0,8.375165447927264,5.0
0.35246263621837326,0.9442151084570736,9.0,16.27502912016495,5.16461224753651,5.16461224753651,0.9352589641434262,1.4310956175298806,24.0,23.273621028847494,mse,1.4604021573900847,RLKappaBandit,9.930459679806942,1004.0,9.930459679806942,5.0
0.13965295063317212,nan,9.0,16.27502912016495,5.16461224753651,5.16461224753651,0.44322709163346613,6.0,24.0,16.22507934227166,mse,1.779061353220215,RLRuleBandit,14.790006802771908,1004.0,14.790006802771908,5.0
0.24905251612811763,0.56062115320378,9.0,4.482628074780169,3.7383536436160707,3.7383536436160707,nan,nan,24.0,9.678004860862407,mse,1.123484124774124,MWUMBothKL,2.906232720496896,1004.0,2.906232720496896,6.0
0.20773394796715672,0.42904985821863256,9.0,4.482628074780169,3.7383536436160707,3.7383536436160707,nan,nan,24.0,13.470794534000873,mse,1.1358050162518551,MWUMConcOnlyKL,3.0152436249635297,1004.0,3.0152436249635297,6.0
0.41827966703078595,nan,9.0,4.482628074780169,3.7383536436160707,3.7383536436160707,nan,nan,24.0,4.86604513625851,mse,1.2636014923770111,MWUMVanilla,3.7020953759791935,1004.0,3.7020953759791935,6.0
0.05555555555555557,nan,9.0,4.482628074780169,3.7383536436160707,3.7383536436160707,nan,nan,24.0,42.93398508783117,mse,1.5249688955424505,Mean,4.706579996189218,1004.0,4.706579996189218,6.0
nan,nan,9.0,4.482628074780169,3.7383536436160707,3.7383536436160707,nan,nan,24.0,13.160732639181116,mse,1.440403178234349,Median,4.253397221385793,1004.0,4.253397221385793,6.0
0.1317129541909435,0.007952745065245041,9.0,4.482628074780169,3.7383536436160707,3.7383536436160707,nan,nan,24.0,5.633015074731945,mse,1.2477487615755742,OGDBoth,3.4422465494296315,1004.0,3.4422465494296315,6.0
0.0720602280597578,5.16229133551339,9.0,4.482628074780169,3.7383536436160707,3.7383536436160707,nan,nan,24.0,4.763544132481092,mse,1.2930319375126282,OGDConcOnly,3.3616311835616512,1004.0,3.3616311835616512,6.0
0.13140405789855852,nan,9.0,4.482628074780169,3.7383536436160707,3.7383536436160707,nan,nan,24.0,5.6680089891836305,mse,1.250022571590764,OGDVanilla,3.454842691861778,1004.0,3.454842691861778,6.0
0.25246020881027026,1.911286558921765,9.0,4.482628074780169,3.7383536436160707,3.7383536436160707,0.8366533864541833,2.7153784860557773,24.0,14.539646944608126,mse,1.1570609083890178,RLKappaBandit,3.0300183086726666,1004.0,3.0300183086726666,6.0
0.2128383911209811,nan,9.0,4.482628074780169,3.7383536436160707,3.7383536436160707,0.7231075697211156,5.0,24.0,7.795958274281674,mse,1.2420495119426964,RLRuleBandit,3.4146855882444043,1004.0,3.4146855882444043,6.0
0.28710477010166796,0.5571758254028142,1.0,5.779996616229518,4.151793917622918,4.151793917622918,nan,nan,24.0,2.7150915722381477,mse,1.143677653771583,MWUMBothKL,2.594222150988314,1004.0,2.594222150988314,7.0
0.2255760817362424,0.4264131104122154,1.0,5.779996616229518,4.151793917622918,4.151793917622918,nan,nan,24.0,3.1586174413135093,mse,1.1445519580689307,MWUMConcOnlyKL,2.5611062167440277,1004.0,2.5611062167440277,7.0
0.35441104757958636,nan,1.0,5.779996616229518,4.151793917622918,4.151793917622918,nan,nan,24.0,6.277419852460827,mse,1.469907927166037,MWUMVanilla,4.2215836685966055,1004.0,4.2215836685966055,7.0
0.05555555555555557,nan,1.0,5.779996616229518,4.151793917622918,4.151793917622918,nan,nan,24.0,10.052077163941666,mse,1.6079616430406423,Mean,4.81531414102785,1004.0,4.81531414102785,7.0
nan,nan,1.0,5.779996616229518,4.151793917622918,4.151793917622918,nan,nan,24.0,8.722852002758646,mse,1.547535978081165,Median,4.432575663436525,1004.0,4.432575663436525,7.0
0.1322888065793017,0.00790387709611671,1.0,5.779996616229518,4.151793917622918,4.151793917622918,nan,nan,24.0,4.950037131591008,mse,1.3885806365635034,OGDBoth,3.7262049799919517,1004.0,3.7262049799919517,7.0
0.07586279110429518,5.130566142781803,1.0,5.779996616229518,4.151793917622918,4.151793917622918,nan,nan,24.0,3.8377832829118455,mse,1.344157612333117,OGDConcOnly,3.417677405589097,1004.0,3.417677405589097,7.0
0.1318461901813525,nan,1.0,5.779996616229518,4.151793917622918,4.151793917622918,nan,nan,24.0,5.058158464995933,mse,1.3948775427005726,OGDVanilla,3.7800505109892937,1004.0,3.7800505109892937,7.0
0.574983678539456,0.30029321035328604,1.0,5.779996616229518,4.151793917622918,4.151793917622918,0.3854581673306773,0.46918326693227097,24.0,3.643744274000939,mse,1.1996975804600087,RLKappaBandit,2.824803114514904,1004.0,2.824803114514904,7.0
0.23474838003006085,nan,1.0,5.779996616229518,4.151793917622918,4.151793917622918,0.3615537848605578,2.0,24.0,4.2214619279081695,mse,1.3737300466167033,RLRuleBandit,3.894192289820397,1004.0,3.894192289820397,7.0
0.24572133269739088,0.5975707362858725,9.0,6.715494483342693,3.5058795852456903,3.5058795852456903,nan,nan,24.0,4.409685425380299,mse,1.1610985722873468,MWUMBothKL,2.762495421161144,1004.0,2.762495421161144,8.0
0.20399738553041857,0.4573277864066046,9.0,6.715494483342693,3.5058795852456903,3.5058795852456903,nan,nan,24.0,5.584579124060333,mse,1.1698537453928295,MWUMConcOnlyKL,2.839843781242665,1004.0,2.839843781242665,8.0
0.2942504391088929,nan,9.0,6.715494483342693,3.5058795852456903,3.5058795852456903,nan,nan,24.0,6.924585771564052,mse,1.3087279329443597,MWUMVanilla,3.42830017227754,1004.0,3.42830017227754,8.0
0.05555555555555557,nan,9.0,6.715494483342693,3.5058795852456903,3.5058795852456903,nan,nan,24.0,9.889751220730426,mse,1.5206242850651073,Mean,4.296066547005097,1004.0,4.296066547005097,8.0
nan,nan,9.0,6.715494483342693,3.5058795852456903,3.5058795852456903,nan,nan,24.0,9.216599873534088,mse,1.4284338627654114,Median,3.9770829954665663,1004.0,3.9770829954665663,8.0
0.12613586489652462,0.008476831941638677,9.0,6.715494483342693,3.5058795852456903,3.5058795852456903,nan,nan,24.0,4.6093006135570125,mse,1.2925776521815961,OGDBoth,3.2655429230610036,1004.0,3.2655429230610036,8.0
0.0716594955774469,5.502529685055208,9.0,6.715494483342693,3.5058795852456903,3.5058795852456903,nan,nan,24.0,4.278753221421976,mse,1.3017516026667717,OGDConcOnly,3.241900876662997,1004.0,3.241900876662997,8.0
0.12521902161504136,nan,9.0,6.715494483342693,3.5058795852456903,3.5058795852456903,nan,nan,24.0,4.646824111418961,mse,1.2954657403934737,OGDVanilla,3.2769620492504616,1004.0,3.2769620492504616,8.0
0.4069686464390239,0.3954171943737208,9.0,6.715494483342693,3.5058795852456903,3.5058795852456903,0.7181274900398407,0.619890438247012,24.0,6.716215381195945,mse,1.1993075646842797,RLKappaBandit,3.015085889197938,1004.0,3.015085889197938,8.0
0.11731345577839122,nan,9.0,6.715494483342693,3.5058795852456903,3.5058795852456903,0.6713147410358565,1.0,24.0,5.726208537540233,mse,1.3153277886341903,RLRuleBandit,3.412774045649668,1004.0,3.412774045649668,8.0
0.203992699245835,0.5928834515362801,9.0,10.670801145023953,2.7027405610296142,2.7027405610296142,nan,nan,24.0,3.990125693848135,mse,0.9463096264607261,MWUMBothKL,2.0079395309208024,1004.0,2.0079395309208024,9.0
0.1754713540327008,0.4537405550905957,9.0,10.670801145023953,2.7027405610296142,2.7027405610296142,nan,nan,24.0,4.146471422022701,mse,0.9667148260999379,MWUMConcOnlyKL,2.03885441363204,1004.0,2.03885441363204,9.0
0.4909276770717559,nan,9.0,10.670801145023953,2.7027405610296142,2.7027405610296142,nan,nan,24.0,9.550417036968764,mse,1.0815438585848833,MWUMVanilla,2.694711775980965,1004.0,2.694711775980965,9.0
0.05555555555555557,nan,9.0,10.670801145023953,2.7027405610296142,2.7027405610296142,nan,nan,24.0,998856.8707410373,mse,1.3059286084209119,Mean,3.6032802182559247,1004.0,3.6032802182559247,9.0
nan,nan,9.0,10.670801145023953,2.7027405610296142,2.7027405610296142,nan,nan,24.0,8.740000282545822,mse,1.2140547286199646,Median,2.9986002412198647,1004.0,2.9986002412198647,9.0
0.14121549107750261,0.008410348257161812,9.0,10.670801145023953,2.7027405610296142,2.7027405610296142,nan,nan,24.0,6762691668.472415,mse,1.111668402213539,OGDBoth,3.3821848982880245,1004.0,3.3821848982880245,9.0
0.06589318879691616,5.459368331285921,9.0,10.670801145023953,2.7027405610296142,2.7027405610296142,nan,nan,24.0,4.946450887134427,mse,1.1115669200872504,OGDConcOnly,2.432542877648584,1004.0,2.432542877648584,9.0
0.14144458550962388,nan,9.0,10.670801145023953,2.7027405610296142,2.7027405610296142,nan,nan,24.0,2875981448.0587835,mse,1.1125183003870467,OGDVanilla,3.3427269340526204,1004.0,3.3427269340526204,9.0
0.4544175103298193,0.761687962052212,9.0,10.670801145023953,2.7027405610296142,2.7027405610296142,0.48804780876494025,1.1036354581673307,24.0,4.498789567092325,mse,0.9882807843908298,RLKappaBandit,2.1094352165868933,1004.0,2.1094352165868933,9.0
0.149550812075625,nan,9.0,10.670801145023953,2.7027405610296142,2.7027405610296142,0.5677290836653387,5.0,24.0,4.597566415683523,mse,1.0547276218976187,RLRuleBandit,2.3503433863780887,1004.0,2.3503433863780887,9.0
