avg_hhi,avg_lambda,best_individual_idx,best_individual_linex,best_individual_mse,best_individual_objective,diag_aux,diag_main,horizon,linex,loss_section,mae,method,mse,n_obs,objective_value,seed
0.055555555555555566,nan,1.0,0.7553043297358698,1.001357752471105,1.001357752471105,,,1.0,0.7071582105390617,mse,0.6891118624843299,Mean,1.0065535053603296,1020.0,1.0065535053603296,4.0
nan,nan,1.0,0.7553043297358698,1.001357752471105,1.001357752471105,,,1.0,0.7163473239812221,mse,0.6680778701612725,Median,0.9864999609922985,1020.0,0.9864999609922985,4.0
0.06098506149721687,nan,1.0,0.7553043297358698,1.001357752471105,1.001357752471105,,,1.0,0.7214436113923465,mse,0.6751221472781234,OGDVanilla,0.9908592059428185,1020.0,0.9908592059428185,4.0
0.06971866554075827,nan,1.0,0.7553043297358698,1.001357752471105,1.001357752471105,,,1.0,0.712147328066135,mse,0.6673275696653076,MWUMVanilla,0.9803911631636743,1020.0,0.9803911631636743,4.0
0.06061202314618969,0.09671952108111052,1.0,0.7553043297358698,1.001357752471105,1.001357752471105,,,1.0,0.7212105102470744,mse,0.6751273652522772,OGDBoth,0.9909031485610191,1020.0,0.9909031485610191,4.0
0.057718689498951876,5.333987280076643,1.0,0.7553043297358698,1.001357752471105,1.001357752471105,,,1.0,0.7127245570017896,mse,0.6791125892748161,OGDConcOnly,0.996870210410702,1020.0,0.996870210410702,4.0
0.0684982665804648,0.02428340131037745,1.0,0.7553043297358698,1.001357752471105,1.001357752471105,,,1.0,0.7129185564501688,mse,0.6673742454633221,MWUMBothKL,0.980500362527743,1020.0,0.980500362527743,4.0
0.056288383177112045,5.2527964996936545,1.0,0.7553043297358698,1.001357752471105,1.001357752471105,,,1.0,0.7231119713315871,mse,0.6781469260949801,MWUMConcOnlyKL,0.9995767754200348,1020.0,0.9995767754200348,4.0
0.05930842418932167,nan,1.0,0.7553043297358698,1.001357752471105,1.001357752471105,0.3813725490196078,5.0,1.0,0.7002412031776573,mse,0.6792422642353163,RLRuleBandit,0.9955634814763674,1020.0,0.9955634814763674,4.0
0.26591757639363106,0.6901131621949579,1.0,0.7553043297358698,1.001357752471105,1.001357752471105,0.44607843137254904,0.9788921568627451,1.0,0.8111064846086522,mse,0.6964732381326371,RLKappaBandit,1.0573332248790468,1020.0,1.0573332248790468,4.0
0.055555555555555566,nan,9.0,11.759780119490873,3.82424542804566,3.82424542804566,,,4.0,10.841789099790153,mse,1.459951779566515,Mean,4.056342968157746,1020.0,4.056342968157746,4.0
nan,nan,9.0,11.759780119490873,3.82424542804566,3.82424542804566,,,4.0,10.582700344006598,mse,1.4267419971592272,Median,4.035733680146344,1020.0,4.035733680146344,4.0
0.2470513752396963,nan,9.0,11.759780119490873,3.82424542804566,3.82424542804566,,,4.0,4.621282864392118,mse,1.207154604971003,OGDVanilla,2.89526564838065,1020.0,2.89526564838065,4.0
0.6003152458795948,nan,9.0,11.759780119490873,3.82424542804566,3.82424542804566,,,4.0,11.746978151342569,mse,1.3885557298768185,MWUMVanilla,3.86397665919795,1020.0,3.86397665919795,4.0
0.1664098814342679,1.776422371674752,9.0,11.759780119490873,3.82424542804566,3.82424542804566,,,4.0,4.769338823375786,mse,1.2020146327105303,OGDBoth,2.8818242814372015,1020.0,2.8818242814372015,4.0
0.09643472612552939,1.802357524495403,9.0,11.759780119490873,3.82424542804566,3.82424542804566,,,4.0,5.739605339140447,mse,1.2569199737312597,OGDConcOnly,3.1124032230595104,1020.0,3.1124032230595104,4.0
0.2016693522121882,0.7438081288688738,9.0,11.759780119490873,3.82424542804566,3.82424542804566,,,4.0,4.5870513101084045,mse,1.1736105214142694,MWUMBothKL,2.7565473578385338,1020.0,2.7565473578385338,4.0
0.3073831381291523,0.17272042294264014,9.0,11.759780119490873,3.82424542804566,3.82424542804566,,,4.0,4.100472702279179,mse,1.1397728443683413,MWUMConcOnlyKL,2.657447197997515,1020.0,2.657447197997515,4.0
0.13973254072200797,nan,9.0,11.759780119490873,3.82424542804566,3.82424542804566,0.6882352941176471,6.0,4.0,10.19354396794139,mse,1.2741429901188408,RLRuleBandit,3.3108761888418217,1020.0,3.3108761888418217,4.0
0.406750327828235,1.2617283102251913,9.0,11.759780119490873,3.82424542804566,3.82424542804566,0.5696078431372549,1.8302745098039217,4.0,4.407816496684327,mse,1.1692447012614178,RLKappaBandit,2.8073169443688846,1020.0,2.8073169443688846,4.0
0.055555555555555566,nan,9.0,53.083600368790854,5.187955907456266,5.187955907456266,,,8.0,63.70051845397832,mse,1.882626452614361,Mean,6.395069658592602,1020.0,6.395069658592602,4.0
nan,nan,9.0,53.083600368790854,5.187955907456266,5.187955907456266,,,8.0,56.251078046986436,mse,1.770816920370937,Median,5.947166099432818,1020.0,5.947166099432818,4.0
0.221057292366244,nan,9.0,53.083600368790854,5.187955907456266,5.187955907456266,,,8.0,14.601262974892316,mse,1.4719130764672856,OGDVanilla,4.207485246319998,1020.0,4.207485246319998,4.0
0.9757343962638246,nan,9.0,53.083600368790854,5.187955907456266,5.187955907456266,,,8.0,35.17818302526929,mse,1.6514262578003647,MWUMVanilla,5.267332287600609,1020.0,5.267332287600609,4.0
0.2157262146191818,0.10931401814013353,9.0,53.083600368790854,5.187955907456266,5.187955907456266,,,8.0,14.600168606684315,mse,1.468413686634494,OGDBoth,4.194324144412807,1020.0,4.194324144412807,4.0
0.11086911845175243,1.9466183302043574,9.0,53.083600368790854,5.187955907456266,5.187955907456266,,,8.0,16.453041327029993,mse,1.5529248236954738,OGDConcOnly,4.548734918780601,1020.0,4.548734918780601,4.0
0.27092914395708173,0.7084671235764505,9.0,53.083600368790854,5.187955907456266,5.187955907456266,,,8.0,10.937746902619457,mse,1.36360046964806,MWUMBothKL,3.7344323070442975,1020.0,3.7344323070442975,4.0
0.36640405225218875,0.17311234061955738,9.0,53.083600368790854,5.187955907456266,5.187955907456266,,,8.0,9.876902649105267,mse,1.340124407977865,MWUMConcOnlyKL,3.6866769824374064,1020.0,3.6866769824374064,4.0
0.29088846156436,nan,9.0,53.083600368790854,5.187955907456266,5.187955907456266,0.5784313725490197,0.0,8.0,46.22202963583881,mse,1.7286802332523166,RLRuleBandit,5.48557330243792,1020.0,5.48557330243792,4.0
0.3952085300401877,1.8201618568746025,9.0,53.083600368790854,5.187955907456266,5.187955907456266,0.4,2.2461862745098045,8.0,11.25011962245717,mse,1.40856740108141,RLKappaBandit,4.00572393685172,1020.0,4.00572393685172,4.0
0.055555555555555566,nan,3.0,0.8557376034300851,0.9997619158819328,0.9997619158819328,,,1.0,0.975886648465916,mse,0.6921041037102512,Mean,0.9764259020072102,1020.0,0.9764259020072102,5.0
nan,nan,3.0,0.8557376034300851,0.9997619158819328,0.9997619158819328,,,1.0,0.9332404800595288,mse,0.6783503008545254,Median,0.9597688807815133,1020.0,0.9597688807815133,5.0
0.060191482857738954,nan,3.0,0.8557376034300851,0.9997619158819328,0.9997619158819328,,,1.0,0.9366588917393739,mse,0.6803015545182283,OGDVanilla,0.9611970591618376,1020.0,0.9611970591618376,5.0
0.0651394416198498,nan,3.0,0.8557376034300851,0.9997619158819328,0.9997619158819328,,,1.0,0.9360401904330785,mse,0.6758617131450734,MWUMVanilla,0.9562745254562092,1020.0,0.9562745254562092,5.0
0.05998193140725422,0.09713719663138118,3.0,0.8557376034300851,0.9997619158819328,0.9997619158819328,,,1.0,0.936997760213787,mse,0.6804208239442502,OGDBoth,0.9613552818435618,1020.0,0.9613552818435618,5.0
0.05728230370369938,5.357021913255109,3.0,0.8557376034300851,0.9997619158819328,0.9997619158819328,,,1.0,0.9465172927993502,mse,0.6854711392346695,OGDConcOnly,0.9643946998616679,1020.0,0.9643946998616679,5.0
0.06460614484556036,0.02438826401108707,3.0,0.8557376034300851,0.9997619158819328,0.9997619158819328,,,1.0,0.9356323247063527,mse,0.6759018015597099,MWUMBothKL,0.9562366934978249,1020.0,0.9562366934978249,5.0
0.05627864646106134,5.275480513326927,3.0,0.8557376034300851,0.9997619158819328,0.9997619158819328,,,1.0,0.953760541993181,mse,0.6872727001414967,MWUMConcOnlyKL,0.9721485252094161,1020.0,0.9721485252094161,5.0
0.05828873864868312,nan,3.0,0.8557376034300851,0.9997619158819328,0.9997619158819328,0.32254901960784316,2.0,1.0,0.9347517571595665,mse,0.6840964322339568,RLRuleBandit,0.9624578583951158,1020.0,0.9624578583951158,5.0
0.23231624443334614,1.158056833046061,3.0,0.8557376034300851,0.9997619158819328,0.9997619158819328,0.5911764705882353,1.6893627450980393,1.0,1.1380559410401812,mse,0.7116374823671487,RLKappaBandit,1.0631270671531838,1020.0,1.0631270671531838,5.0
0.055555555555555566,nan,0.0,13.219440888420124,3.5759876613453687,3.5759876613453687,,,4.0,10.733752776544943,mse,1.385801732925426,Mean,3.63245368518103,1020.0,3.63245368518103,5.0
nan,nan,0.0,13.219440888420124,3.5759876613453687,3.5759876613453687,,,4.0,11.428661559974673,mse,1.3697976276529098,Median,3.664021809301019,1020.0,3.664021809301019,5.0
0.22871204005083695,nan,0.0,13.219440888420124,3.5759876613453687,3.5759876613453687,,,4.0,7.158636888268227,mse,1.1874743162382857,OGDVanilla,2.7635998933518446,1020.0,2.7635998933518446,5.0
0.26076766916268884,nan,0.0,13.219440888420124,3.5759876613453687,3.5759876613453687,,,4.0,11.589538569357696,mse,1.3441754062305382,MWUMVanilla,3.555979003120376,1020.0,3.555979003120376,5.0
0.1541269600368608,1.7840937852327055,0.0,13.219440888420124,3.5759876613453687,3.5759876613453687,,,4.0,6.964536627848921,mse,1.1772144752760876,OGDBoth,2.7237101505523706,1020.0,2.7237101505523706,5.0
0.0923110469288492,1.8101409381036533,0.0,13.219440888420124,3.5759876613453687,3.5759876613453687,,,4.0,6.786875931519823,mse,1.1876974935646416,OGDConcOnly,2.730117302865301,1020.0,2.730117302865301,5.0
0.18728730258748166,0.7470202339380262,0.0,13.219440888420124,3.5759876613453687,3.5759876613453687,,,4.0,7.238328329064036,mse,1.1387301287864804,MWUMBothKL,2.622826904800826,1020.0,2.622826904800826,5.0
0.29029630290801417,0.1734663057292421,0.0,13.219440888420124,3.5759876613453687,3.5759876613453687,,,4.0,7.401698357806491,mse,1.0936940235880297,MWUMConcOnlyKL,2.4899177869144724,1020.0,2.4899177869144724,5.0
0.11997094009883437,nan,0.0,13.219440888420124,3.5759876613453687,3.5759876613453687,0.4019607843137255,0.0,4.0,11.700229811202366,mse,1.3683446389774754,RLRuleBandit,3.6745254676824564,1020.0,3.6745254676824564,5.0
0.22916219242844196,0.9179406737657506,0.0,13.219440888420124,3.5759876613453687,3.5759876613453687,0.9392156862745098,1.4062843137254901,4.0,7.190395232925588,mse,1.108376596043145,RLKappaBandit,2.5061504606216753,1020.0,2.5061504606216753,5.0
0.055555555555555566,nan,1.0,15.929899863115766,4.525575569681207,4.525575569681207,,,8.0,18.269856441468935,mse,1.7248266165367752,Mean,5.253546783988662,1020.0,5.253546783988662,5.0
nan,nan,1.0,15.929899863115766,4.525575569681207,4.525575569681207,,,8.0,18.466134359053637,mse,1.6592649945332827,Median,5.036344094711835,1020.0,5.036344094711835,5.0
0.2031074782409353,nan,1.0,15.929899863115766,4.525575569681207,4.525575569681207,,,8.0,9.55462979293749,mse,1.3784411245690775,OGDVanilla,3.5361042618575973,1020.0,3.5361042618575973,5.0
0.9814910875752827,nan,1.0,15.929899863115766,4.525575569681207,4.525575569681207,,,8.0,12.529357284708842,mse,1.5550212296287937,MWUMVanilla,4.561071100844909,1020.0,4.561071100844909,5.0
0.19909359687947173,0.10978608258542358,1.0,15.929899863115766,4.525575569681207,4.525575569681207,,,8.0,9.522210472209586,mse,1.3741397114815659,OGDBoth,3.5215040742083414,1020.0,3.5215040742083414,5.0
0.10331314510996356,1.955024729056111,1.0,15.929899863115766,4.525575569681207,4.525575569681207,,,8.0,9.714249792640762,mse,1.3950053595801484,OGDConcOnly,3.6055302944384646,1020.0,3.6055302944384646,5.0
0.25025820740158666,0.7115266097504044,1.0,15.929899863115766,4.525575569681207,4.525575569681207,,,8.0,8.049315284869701,mse,1.2651964337651218,MWUMBothKL,3.1530057113637247,1020.0,3.1530057113637247,5.0
0.34992777499418026,0.17385991588893862,1.0,15.929899863115766,4.525575569681207,4.525575569681207,,,8.0,8.719801016039778,mse,1.248797230846991,MWUMConcOnlyKL,3.1669803736546944,1020.0,3.1669803736546944,5.0
0.2746791419805975,nan,1.0,15.929899863115766,4.525575569681207,4.525575569681207,0.5009803921568627,3.0,8.0,14.57064754786844,mse,1.4619027178085273,RLRuleBandit,4.146289107875805,1020.0,4.146289107875805,5.0
0.4325615606023722,1.5364903039406435,1.0,15.929899863115766,4.525575569681207,4.525575569681207,0.45588235294117646,2.311323529411765,8.0,8.732538022038993,mse,1.3131076797646766,RLKappaBandit,3.410252892962738,1020.0,3.410252892962738,5.0
0.055555555555555566,nan,3.0,0.8807148274288136,0.8705221783389452,0.8705221783389452,,,1.0,0.7903439647251354,mse,0.6429531847149005,Mean,0.8615416916041848,1020.0,0.8615416916041848,6.0
nan,nan,3.0,0.8807148274288136,0.8705221783389452,0.8705221783389452,,,1.0,0.8626227027047803,mse,0.6273073329503215,Median,0.8539701994010088,1020.0,0.8539701994010088,6.0
0.060193179609501164,nan,3.0,0.8807148274288136,0.8705221783389452,0.8705221783389452,,,1.0,0.886604501318531,mse,0.6274437270416697,OGDVanilla,0.8489357209369839,1020.0,0.8489357209369839,6.0
0.06535153353870189,nan,3.0,0.8807148274288136,0.8705221783389452,0.8705221783389452,,,1.0,0.863032760912348,mse,0.6241644163402663,MWUMVanilla,0.8433064071234418,1020.0,0.8433064071234418,6.0
0.05991393295452133,0.09259629220605069,3.0,0.8807148274288136,0.8705221783389452,0.8705221783389452,,,1.0,0.8869884699663321,mse,0.6275470887817525,OGDBoth,0.84918648133041,1020.0,0.84918648133041,6.0
0.057415751682297685,5.106592919582432,3.0,0.8807148274288136,0.8705221783389452,0.8705221783389452,,,1.0,0.9406364089919106,mse,0.6345383990283873,OGDConcOnly,0.8705881411977253,1020.0,0.8705881411977253,6.0
0.06475501204600538,0.02324821283644727,3.0,0.8807148274288136,0.8705221783389452,0.8705221783389452,,,1.0,0.8660399749745359,mse,0.6240390443514834,MWUMBothKL,0.8433934635188436,1020.0,0.8433934635188436,6.0
0.05626881830226514,5.028863401492558,3.0,0.8807148274288136,0.8705221783389452,0.8705221783389452,,,1.0,0.8776050831534038,mse,0.6355201902079876,MWUMConcOnlyKL,0.8621560964224305,1020.0,0.8621560964224305,6.0
0.05731891836800257,nan,3.0,0.8807148274288136,0.8705221783389452,0.8705221783389452,0.4264705882352941,6.0,1.0,0.8654280166368126,mse,0.630081425942956,RLRuleBandit,0.8518418666349292,1020.0,0.8518418666349292,6.0
0.25026168204264176,0.9001021250408168,3.0,0.8807148274288136,0.8705221783389452,0.8705221783389452,0.5303921568627451,1.423294117647059,1.0,1.2519799635284525,mse,0.6342094992777807,RLKappaBandit,0.9479260651788052,1020.0,0.9479260651788052,6.0
0.055555555555555566,nan,9.0,8.114518897248844,2.7332385602644793,2.7332385602644793,,,4.0,22.530687032832144,mse,1.1821892315218077,Mean,2.8747808965326644,1020.0,2.8747808965326644,6.0
nan,nan,9.0,8.114518897248844,2.7332385602644793,2.7332385602644793,,,4.0,18.833659631215284,mse,1.142222741645373,Median,2.7917918197665923,1020.0,2.7917918197665923,6.0
0.199230546400864,nan,9.0,8.114518897248844,2.7332385602644793,2.7332385602644793,,,4.0,3.1516623267245354,mse,1.0274562673927614,OGDVanilla,2.1723459754983923,1020.0,2.1723459754983923,6.0
0.3491872428451567,nan,9.0,8.114518897248844,2.7332385602644793,2.7332385602644793,,,4.0,9.352144283673343,mse,1.1349779889717488,MWUMVanilla,2.754352353879851,1020.0,2.754352353879851,6.0
0.12913171363409523,1.7006913554010425,9.0,8.114518897248844,2.7332385602644793,2.7332385602644793,,,4.0,3.2299996634706387,mse,1.0144055536868064,OGDBoth,2.140274196413917,1020.0,2.140274196413917,6.0
0.0820072734229466,1.7255208609289734,9.0,8.114518897248844,2.7332385602644793,2.7332385602644793,,,4.0,3.9606621610457178,mse,1.0318934572018827,OGDConcOnly,2.200268711046313,1020.0,2.200268711046313,6.0
0.15933338504383018,0.7120987210228261,9.0,8.114518897248844,2.7332385602644793,2.7332385602644793,,,4.0,2.913359920962226,mse,1.0070440592789485,MWUMBothKL,2.103689679325911,1020.0,2.103689679325911,6.0
0.25732250953525504,0.16535718264491547,9.0,8.114518897248844,2.7332385602644793,2.7332385602644793,,,4.0,2.7350588660465562,mse,0.9701443199280987,MWUMConcOnlyKL,1.9718445870766264,1020.0,1.9718445870766264,6.0
0.1255472806725566,nan,9.0,8.114518897248844,2.7332385602644793,2.7332385602644793,0.861764705882353,3.0,4.0,7.579871738354991,mse,1.0622051135489152,RLRuleBandit,2.4064158625529117,1020.0,2.4064158625529117,6.0
0.5751312528565472,0.1690409927910039,9.0,8.114518897248844,2.7332385602644793,2.7332385602644793,0.13725490196078433,0.2200882352941176,4.0,2.9467943607945375,mse,0.9910596552953388,RLKappaBandit,2.059298132904114,1020.0,2.059298132904114,6.0
0.055555555555555566,nan,9.0,5.58419377110435,3.5716313004831837,3.5716313004831837,,,8.0,25.113318325197508,mse,1.429661676179852,Mean,3.9993221732894066,1020.0,3.9993221732894066,6.0
nan,nan,9.0,5.58419377110435,3.5716313004831837,3.5716313004831837,,,8.0,15.035298242070123,mse,1.3593851068447695,Median,3.735541363393251,1020.0,3.735541363393251,6.0
0.1760748157334187,nan,9.0,5.58419377110435,3.5716313004831837,3.5716313004831837,,,8.0,6.18858220213727,mse,1.1698255139677256,OGDVanilla,2.7425711082120405,1020.0,2.7425711082120405,6.0
0.9821694213367664,nan,9.0,5.58419377110435,3.5716313004831837,3.5716313004831837,,,8.0,22.645183996509655,mse,1.3323929210527041,MWUMVanilla,3.6827516519753907,1020.0,3.6827516519753907,6.0
0.17281346908896655,0.1046538704478694,9.0,5.58419377110435,3.5716313004831837,3.5716313004831837,,,8.0,6.154033034902684,mse,1.1658148374856119,OGDBoth,2.726095881266802,1020.0,2.726095881266802,6.0
0.09148205137777253,1.863631652007951,9.0,5.58419377110435,3.5716313004831837,3.5716313004831837,,,8.0,4.889389531354163,mse,1.1698640456945575,OGDConcOnly,2.7434096425208905,1020.0,2.7434096425208905,6.0
0.20500671391023848,0.6782643460207188,9.0,5.58419377110435,3.5716313004831837,3.5716313004831837,,,8.0,4.45538155288563,mse,1.0780995217200073,MWUMBothKL,2.358091615520974,1020.0,2.358091615520974,6.0
0.2890476188130599,0.16573239239181012,9.0,5.58419377110435,3.5716313004831837,3.5716313004831837,,,8.0,3.844542802963251,mse,1.0416146381594653,MWUMConcOnlyKL,2.2651745057545196,1020.0,2.2651745057545196,6.0
0.14242181096311432,nan,9.0,5.58419377110435,3.5716313004831837,3.5716313004831837,0.6676470588235294,6.0,8.0,26.55427857571299,mse,1.1675966713817163,RLRuleBandit,2.8507818841669756,1020.0,2.8507818841669756,6.0
0.31032256244598394,1.0155938393323773,9.0,5.58419377110435,3.5716313004831837,3.5716313004831837,0.9784313725490196,1.7616078431372548,8.0,3.894509146015402,mse,1.0642731966834604,RLKappaBandit,2.349915588841594,1020.0,2.349915588841594,6.0
0.055555555555555566,nan,1.0,0.7242732472547267,0.7630809631056608,0.7630809631056608,,,1.0,0.7402458008629073,mse,0.5967456867551533,Mean,0.7563528013407654,1020.0,0.7563528013407654,7.0
nan,nan,1.0,0.7242732472547267,0.7630809631056608,0.7630809631056608,,,1.0,0.745024767960675,mse,0.5837635450326196,Median,0.7398027110816986,1020.0,0.7398027110816986,7.0
0.06196653436749421,nan,1.0,0.7242732472547267,0.7630809631056608,0.7630809631056608,,,1.0,0.775409417669971,mse,0.5856690723239864,OGDVanilla,0.7363557925728603,1020.0,0.7363557925728603,7.0
0.0649748758906462,nan,1.0,0.7242732472547267,0.7630809631056608,0.7630809631056608,,,1.0,0.7597274053510088,mse,0.5804387684363572,MWUMVanilla,0.7300931273462206,1020.0,0.7300931273462206,7.0
0.061554315789634974,0.09277882609095149,1.0,0.7242732472547267,0.7630809631056608,0.7630809631056608,,,1.0,0.7760920299042782,mse,0.5857279698465175,OGDBoth,0.7365789462008858,1020.0,0.7365789462008858,7.0
0.05687453745337078,5.11665958754661,1.0,0.7242732472547267,0.7630809631056608,0.7630809631056608,,,1.0,0.7658389686428373,mse,0.5933104000849662,OGDConcOnly,0.7570438894281539,1020.0,0.7570438894281539,7.0
0.06460992729087055,0.023294040264290026,1.0,0.7242732472547267,0.7630809631056608,0.7630809631056608,,,1.0,0.7606696188111285,mse,0.580403905729953,MWUMBothKL,0.7301300156512168,1020.0,0.7301300156512168,7.0
0.056068890205309356,5.038776840598438,1.0,0.7242732472547267,0.7630809631056608,0.7630809631056608,,,1.0,0.756470528025915,mse,0.5908605820712467,MWUMConcOnlyKL,0.7507349254674051,1020.0,0.7507349254674051,7.0
0.05687120604940541,nan,1.0,0.7242732472547267,0.7630809631056608,0.7630809631056608,0.42058823529411765,4.0,1.0,0.7595932289765591,mse,0.5927057283847482,RLRuleBandit,0.7504171778468692,1020.0,0.7504171778468692,7.0
0.20116931813242367,0.464227886601123,1.0,0.7242732472547267,0.7630809631056608,0.7630809631056608,0.8019607843137255,0.6925196078431373,1.0,1.4273670547518558,mse,0.6037983908079015,RLKappaBandit,0.8431887383851661,1020.0,0.8431887383851661,7.0
0.055555555555555566,nan,1.0,4.104512558066959,2.9080910428739366,2.9080910428739366,,,4.0,4.4130941251000575,mse,1.2394125823130944,Mean,2.9055975280873714,1020.0,2.9055975280873714,7.0
nan,nan,1.0,4.104512558066959,2.9080910428739366,2.9080910428739366,,,4.0,4.335466989957784,mse,1.2210032104944541,Median,2.905578398798121,1020.0,2.905578398798121,7.0
0.21956053244357074,nan,1.0,4.104512558066959,2.9080910428739366,2.9080910428739366,,,4.0,2.7119802160329716,mse,1.044802283415673,OGDVanilla,2.1081288820872586,1020.0,2.1081288820872586,7.0
0.28038858041117914,nan,1.0,4.104512558066959,2.9080910428739366,2.9080910428739366,,,4.0,3.9982609259553925,mse,1.2301027886697418,MWUMVanilla,2.9225185152376807,1020.0,2.9225185152376807,7.0
0.1445310559449317,1.7040439407235646,1.0,4.104512558066959,2.9080910428739366,2.9080910428739366,,,4.0,2.610043553466805,mse,1.0365240343050008,OGDBoth,2.073756391343793,1020.0,2.073756391343793,7.0
0.0843564638894296,1.728922392866342,1.0,4.104512558066959,2.9080910428739366,2.9080910428739366,,,4.0,2.7370118127480496,mse,1.0660733914482652,OGDConcOnly,2.177652479997828,1020.0,2.177652479997828,7.0
0.17073696541697433,0.7135024853001507,1.0,4.104512558066959,2.9080910428739366,2.9080910428739366,,,4.0,2.915914677532632,mse,1.0361431236506295,MWUMBothKL,2.0937500284226,1020.0,2.0937500284226,7.0
0.2726488716202512,0.16568315069028194,1.0,4.104512558066959,2.9080910428739366,2.9080910428739366,,,4.0,2.628909021896488,mse,0.9847953499356783,MWUMConcOnlyKL,1.9336858705711415,1020.0,1.9336858705711415,7.0
0.11349276940926945,nan,1.0,4.104512558066959,2.9080910428739366,2.9080910428739366,0.39215686274509803,3.0,4.0,3.3862942974134147,mse,1.1185070037839488,RLRuleBandit,2.489868770173023,1020.0,2.489868770173023,7.0
0.43940617380285824,0.4337908184526805,1.0,4.104512558066959,2.9080910428739366,2.9080910428739366,0.4441176470588235,0.6535686274509805,4.0,2.8954383345124977,mse,0.9992739372350047,RLKappaBandit,2.0130570905368823,1020.0,2.0130570905368823,7.0
0.055555555555555566,nan,1.0,5.44862708436599,3.7922348834436503,3.7922348834436503,,,8.0,8.372679630997853,mse,1.5153965552334825,Mean,4.298962189296678,1020.0,4.298962189296678,7.0
nan,nan,1.0,5.44862708436599,3.7922348834436503,3.7922348834436503,,,8.0,7.767086811224645,mse,1.468221539860222,Median,4.154057985573341,1020.0,4.154057985573341,7.0
0.20824229505990574,nan,1.0,5.44862708436599,3.7922348834436503,3.7922348834436503,,,8.0,4.500093339220381,mse,1.21973830542771,OGDVanilla,2.8999500550187745,1020.0,2.8999500550187745,7.0
0.9715051945755215,nan,1.0,5.44862708436599,3.7922348834436503,3.7922348834436503,,,8.0,5.189957118976941,mse,1.4249999381086096,MWUMVanilla,3.8143837242174228,1020.0,3.8143837242174228,7.0
0.20210938386345073,0.10486017353902828,1.0,5.44862708436599,3.7922348834436503,3.7922348834436503,,,8.0,4.472370538401659,mse,1.2151875957180902,OGDBoth,2.8825408146308567,1020.0,2.8825408146308567,7.0
0.09452649301857752,1.8673054429192015,1.0,5.44862708436599,3.7922348834436503,3.7922348834436503,,,8.0,4.50128249950954,mse,1.2406102503381937,OGDConcOnly,2.9192520210604256,1020.0,2.9192520210604256,7.0
0.22397507307187026,0.6796014123076254,1.0,5.44862708436599,3.7922348834436503,3.7922348834436503,,,8.0,3.74310427166249,mse,1.1145085292903487,MWUMBothKL,2.4819220437942717,1020.0,2.4819220437942717,7.0
0.32522687842916354,0.16605910009133307,1.0,5.44862708436599,3.7922348834436503,3.7922348834436503,,,8.0,4.053472808554258,mse,1.0948057069886652,MWUMConcOnlyKL,2.409561955865043,1020.0,2.409561955865043,7.0
0.1655654166653419,nan,1.0,5.44862708436599,3.7922348834436503,3.7922348834436503,0.28627450980392155,3.0,8.0,6.279369169668837,mse,1.3034613295470032,RLRuleBandit,3.3480111653447797,1020.0,3.3480111653447797,7.0
0.3120701002348308,2.080990483002035,1.0,5.44862708436599,3.7922348834436503,3.7922348834436503,0.6627450980392157,3.3064901960784314,8.0,4.059585523395512,mse,1.1659586895342189,RLKappaBandit,2.632913092657689,1020.0,2.632913092657689,7.0
0.055555555555555566,nan,3.0,0.7126134281299358,0.842042918013108,0.842042918013108,,,1.0,0.6611798165489464,mse,0.6420643996953845,Mean,0.8324843871472845,1020.0,0.8324843871472845,8.0
nan,nan,3.0,0.7126134281299358,0.842042918013108,0.842042918013108,,,1.0,0.7090081808144535,mse,0.6297085146447498,Median,0.8237846841963438,1020.0,0.8237846841963438,8.0
0.06043809945559151,nan,3.0,0.7126134281299358,0.842042918013108,0.842042918013108,,,1.0,0.7267037093450004,mse,0.6300741931373208,OGDVanilla,0.8243120399591105,1020.0,0.8243120399591105,8.0
0.06754354388685758,nan,3.0,0.7126134281299358,0.842042918013108,0.842042918013108,,,1.0,0.7263812050045041,mse,0.6264690517907966,MWUMVanilla,0.8184234238904556,1020.0,0.8184234238904556,8.0
0.060131435332565486,0.09879040583134502,3.0,0.7126134281299358,0.842042918013108,0.842042918013108,,,1.0,0.7259332389612713,mse,0.6302531977501743,OGDBoth,0.8245023045930312,1020.0,0.8245023045930312,8.0
0.05690664806181889,5.448195714220371,3.0,0.7126134281299358,0.842042918013108,0.842042918013108,,,1.0,0.7133655559160339,mse,0.6331087297359633,OGDConcOnly,0.8244055392600655,1020.0,0.8244055392600655,8.0
0.06654799162825228,0.024803322975955482,3.0,0.7126134281299358,0.842042918013108,0.842042918013108,,,1.0,0.7266340743953578,mse,0.6262603563290396,MWUMBothKL,0.818186915590594,1020.0,0.818186915590594,8.0
0.056084532614611736,5.365266520686774,3.0,0.7126134281299358,0.842042918013108,0.842042918013108,,,1.0,0.7098872890817397,mse,0.6340005368912324,MWUMConcOnlyKL,0.8261853851130626,1020.0,0.8261853851130626,8.0
0.059096619060575714,nan,3.0,0.7126134281299358,0.842042918013108,0.842042918013108,0.4549019607843137,2.0,1.0,0.704080309200375,mse,0.6344109028709893,RLRuleBandit,0.8287169072446077,1020.0,0.8287169072446077,8.0
0.15263413060016848,0.6861887191870837,3.0,0.7126134281299358,0.842042918013108,0.842042918013108,0.8764705882352941,1.0360588235294117,1.0,0.8736339736537373,mse,0.640862864398433,RLKappaBandit,0.889374889739232,1020.0,0.889374889739232,8.0
0.055555555555555566,nan,1.0,5.653051370462774,2.769704383841601,2.769704383841601,,,4.0,4.259047966256452,mse,1.2251160068871865,Mean,2.8582392931470633,1020.0,2.8582392931470633,8.0
nan,nan,1.0,5.653051370462774,2.769704383841601,2.769704383841601,,,4.0,4.510923326557958,mse,1.203689059154618,Median,2.8341119232165743,1020.0,2.8341119232165743,8.0
0.20459622063651883,nan,1.0,5.653051370462774,2.769704383841601,2.769704383841601,,,4.0,2.4373319454482214,mse,1.0758695936547187,OGDVanilla,2.2757134447916694,1020.0,2.2757134447916694,8.0
0.22895208176142542,nan,1.0,5.653051370462774,2.769704383841601,2.769704383841601,,,4.0,4.796287521263917,mse,1.202220810557437,MWUMVanilla,2.7786528381561575,1020.0,2.7786528381561575,8.0
0.13162110344835867,1.8144581469065382,1.0,5.653051370462774,2.769704383841601,2.769704383841601,,,4.0,2.423514259072726,mse,1.0678634436428132,OGDBoth,2.251660231404817,1020.0,2.251660231404817,8.0
0.08329931284401813,1.8409486092157024,1.0,5.653051370462774,2.769704383841601,2.769704383841601,,,4.0,2.58711143219602,mse,1.0854482393740967,OGDConcOnly,2.2921789384132407,1020.0,2.2921789384132407,8.0
0.162292108909206,0.7597341254936412,1.0,5.653051370462774,2.769704383841601,2.769704383841601,,,4.0,2.5507130805584537,mse,1.0449681268231776,MWUMBothKL,2.1756596802698716,1020.0,2.1756596802698716,8.0
0.26833575412180233,0.17641859796685555,1.0,5.653051370462774,2.769704383841601,2.769704383841601,,,4.0,2.4910005688547447,mse,1.005816836340885,MWUMConcOnlyKL,2.0791632241088847,1020.0,2.0791632241088847,8.0
0.14620041290340993,nan,1.0,5.653051370462774,2.769704383841601,2.769704383841601,0.7823529411764706,5.0,4.0,2.6476649651759727,mse,1.0767153254402237,RLRuleBandit,2.312003289171913,1020.0,2.312003289171913,8.0
0.43350876204011407,0.5501816674720112,1.0,5.653051370462774,2.769704383841601,2.769704383841601,0.55,0.8963039215686275,4.0,2.629511115800175,mse,1.0272226394471589,RLKappaBandit,2.15535075892397,1020.0,2.15535075892397,8.0
0.055555555555555566,nan,9.0,6.470861940617922,3.3697737426238366,3.3697737426238366,,,8.0,14.161945525063729,mse,1.432855690414156,Mean,3.8849654840021137,1020.0,3.8849654840021137,8.0
nan,nan,9.0,6.470861940617922,3.3697737426238366,3.3697737426238366,,,8.0,13.3382601094767,mse,1.3780274916695834,Median,3.732427917171647,1020.0,3.732427917171647,8.0
0.16584200209913075,nan,9.0,6.470861940617922,3.3697737426238366,3.3697737426238366,,,8.0,3.3189670404080256,mse,1.1885941628968797,OGDVanilla,2.8432794485887047,1020.0,2.8432794485887047,8.0
0.9710881466400413,nan,9.0,6.470861940617922,3.3697737426238366,3.3697737426238366,,,8.0,7.5288701383464165,mse,1.3456069742038497,MWUMVanilla,3.400960615107012,1020.0,3.400960615107012,8.0
0.1613859408792761,0.1116545694609986,9.0,6.470861940617922,3.3697737426238366,3.3697737426238366,,,8.0,3.305266032940634,mse,1.187130165052811,OGDBoth,2.8373119993392586,1020.0,2.8373119993392586,8.0
0.09170275883491184,1.9882982494028913,9.0,6.470861940617922,3.3697737426238366,3.3697737426238366,,,8.0,5.9402587360666805,mse,1.2257973785774527,OGDConcOnly,2.941547817242412,1020.0,2.941547817242412,8.0
0.19578490233553683,0.7236364176782684,9.0,6.470861940617922,3.3697737426238366,3.3697737426238366,,,8.0,2.6454432409333437,mse,1.118548441645258,MWUMBothKL,2.590976399548087,1020.0,2.590976399548087,8.0
0.29895302028180587,0.17681890717345503,9.0,6.470861940617922,3.3697737426238366,3.3697737426238366,,,8.0,2.7347053328103694,mse,1.0936853402073283,MWUMConcOnlyKL,2.55954770186991,1020.0,2.55954770186991,8.0
0.17638384260580817,nan,9.0,6.470861940617922,3.3697737426238366,3.3697737426238366,0.6088235294117647,1.0,8.0,3.5882183926750812,mse,1.1959666160623836,RLRuleBandit,2.885532202981873,1020.0,2.885532202981873,8.0
0.2457330258587513,0.6725574431479294,9.0,6.470861940617922,3.3697737426238366,3.3697737426238366,0.9127450980392157,0.9719509803921568,8.0,2.7699665520593117,mse,1.1080514360683549,RLKappaBandit,2.590121678325696,1020.0,2.590121678325696,8.0
0.055555555555555566,nan,1.0,0.4664854025767895,0.6620452425278367,0.6620452425278367,,,1.0,0.45647573737193214,mse,0.5346364930463663,Mean,0.6315944170440676,1020.0,0.6315944170440676,9.0
nan,nan,1.0,0.4664854025767895,0.6620452425278367,0.6620452425278367,,,1.0,0.4782550455785603,mse,0.5254173814204885,Median,0.6254757132734858,1020.0,0.6254757132734858,9.0
0.05800895985048086,nan,1.0,0.4664854025767895,0.6620452425278367,0.6620452425278367,,,1.0,0.48002028877324493,mse,0.53198558732746,OGDVanilla,0.6307475397483857,1020.0,0.6307475397483857,9.0
0.06555874468900855,nan,1.0,0.4664854025767895,0.6620452425278367,0.6620452425278367,,,1.0,0.4870489500329707,mse,0.5281512127915011,MWUMVanilla,0.627396762857379,1020.0,0.627396762857379,9.0
0.05784877427893815,0.09819868728243299,1.0,0.4664854025767895,0.6620452425278367,0.6620452425278367,,,1.0,0.4793117758565025,mse,0.5320316279379652,OGDBoth,0.630829055134913,1020.0,0.630829055134913,9.0
0.0563647122347364,5.415562681929516,1.0,0.4664854025767895,0.6620452425278367,0.6620452425278367,,,1.0,0.48943258261628647,mse,0.534135647600843,OGDConcOnly,0.6339843626484101,1020.0,0.6339843626484101,9.0
0.06491185564789016,0.02465476459120282,1.0,0.4664854025767895,0.6620452425278367,0.6620452425278367,,,1.0,0.4869053385569562,mse,0.5281238811612152,MWUMBothKL,0.627157017510958,1020.0,0.627157017510958,9.0
0.055847877410059366,5.333130209088257,1.0,0.4664854025767895,0.6620452425278367,0.6620452425278367,,,1.0,0.4762040917849635,mse,0.5326447573539436,MWUMConcOnlyKL,0.6320642960934898,1020.0,0.6320642960934898,9.0
0.05639177287055246,nan,1.0,0.4664854025767895,0.6620452425278367,0.6620452425278367,0.3803921568627451,1.0,1.0,0.4761584343541659,mse,0.5324607446993499,RLRuleBandit,0.632261443401572,1020.0,0.632261443401572,9.0
0.15961324638063057,2.5894413962494345,1.0,0.4664854025767895,0.6620452425278367,0.6620452425278367,0.6735294117647059,3.9367549019607844,1.0,0.5414774799858364,mse,0.5445942510432067,RLKappaBandit,0.668624719514962,1020.0,0.668624719514962,9.0
0.055555555555555566,nan,9.0,3.173601138339047,2.0999999941594925,2.0999999941594925,,,4.0,2.2223115871247234,mse,0.9759723828156052,Mean,2.046292584054465,1020.0,2.046292584054465,9.0
nan,nan,9.0,3.173601138339047,2.0999999941594925,2.0999999941594925,,,4.0,2.145079233347747,mse,0.9582217859930477,Median,2.029340333330518,1020.0,2.029340333330518,9.0
0.17737010772735873,nan,9.0,3.173601138339047,2.0999999941594925,2.0999999941594925,,,4.0,1.3700374371471307,mse,0.8398618224413583,OGDVanilla,1.6012525554827535,1020.0,1.6012525554827535,9.0
0.17912337973178905,nan,9.0,3.173601138339047,2.0999999941594925,2.0999999941594925,,,4.0,2.912437057196088,mse,0.9689092524228475,MWUMVanilla,2.0902275003811397,1020.0,2.0902275003811397,9.0
0.11354923196736744,1.8035900994575684,9.0,3.173601138339047,2.0999999941594925,2.0999999941594925,,,4.0,1.3166977052351847,mse,0.8310416315236189,OGDBoth,1.5725134273284556,1020.0,1.5725134273284556,9.0
0.0727566304285102,1.8299218919398854,9.0,3.173601138339047,2.0999999941594925,2.0999999941594925,,,4.0,1.4086072567943106,mse,0.855102571173681,OGDConcOnly,1.6020355807331847,1020.0,1.6020355807331847,9.0
0.12662197608222384,0.7551835547234822,9.0,3.173601138339047,2.0999999941594925,2.0999999941594925,,,4.0,1.3183812786144058,mse,0.8206358442047383,MWUMBothKL,1.5192680863975994,1020.0,1.5192680863975994,9.0
0.2025896054438931,0.17536191011462057,9.0,3.173601138339047,2.0999999941594925,2.0999999941594925,,,4.0,1.3068374114276269,mse,0.7874298507904629,MWUMConcOnlyKL,1.4323109121108066,1020.0,1.4323109121108066,9.0
0.08156345505007415,nan,9.0,3.173601138339047,2.0999999941594925,2.0999999941594925,0.43529411764705883,0.0,4.0,1.788942831149115,mse,0.9111843045056659,RLRuleBandit,1.837491034016281,1020.0,1.837491034016281,9.0
0.5578537627421566,0.13798120501474634,9.0,3.173601138339047,2.0999999941594925,2.0999999941594925,0.1980392156862745,0.21397058823529405,4.0,1.374539718150553,mse,0.8141726724142242,RLKappaBandit,1.4797407042425177,1020.0,1.4797407042425177,9.0
0.055555555555555566,nan,9.0,5.243091446107427,2.5455864481784096,2.5455864481784096,,,8.0,4.032250477956927,mse,1.1673500795623206,Mean,2.7571947115868243,1020.0,2.7571947115868243,9.0
nan,nan,9.0,5.243091446107427,2.5455864481784096,2.5455864481784096,,,8.0,3.6859692646347013,mse,1.1086573281808245,Median,2.616784752919612,1020.0,2.616784752919612,9.0
0.17945812821109378,nan,9.0,5.243091446107427,2.5455864481784096,2.5455864481784096,,,8.0,1.904672565810749,mse,0.9653415451613983,OGDVanilla,1.9560315908555297,1020.0,1.9560315908555297,9.0
0.971627727777263,nan,9.0,5.243091446107427,2.5455864481784096,2.5455864481784096,,,8.0,5.700658260010926,mse,1.0703080074952087,MWUMVanilla,2.5709612631757213,1020.0,2.5709612631757213,9.0
0.1698074633310258,0.11098579847744697,9.0,5.243091446107427,2.5455864481784096,2.5455864481784096,,,8.0,1.8930154498268839,mse,0.9636032448002682,OGDBoth,1.948819957098986,1020.0,1.948819957098986,9.0
0.07886681485195729,1.976388952517039,9.0,5.243091446107427,2.5455864481784096,2.5455864481784096,,,8.0,2.069065075431542,mse,0.9998411057765645,OGDConcOnly,1.9992296861618832,1020.0,1.9992296861618832,9.0
0.16213163977611408,0.7193020612188222,9.0,5.243091446107427,2.5455864481784096,2.5455864481784096,,,8.0,1.6457459514805124,mse,0.9023115827334053,MWUMBothKL,1.7203185821709985,1020.0,1.7203185821709985,9.0
0.24060000398482367,0.17575982159060458,9.0,5.243091446107427,2.5455864481784096,2.5455864481784096,,,8.0,2.018578055075384,mse,0.8800465488470043,MWUMConcOnlyKL,1.6556372187485262,1020.0,1.6556372187485262,9.0
0.05621320940535883,nan,9.0,5.243091446107427,2.5455864481784096,2.5455864481784096,0.9872549019607844,0.0,8.0,4.130872745907973,mse,1.169722421990324,RLRuleBandit,2.7863693335263453,1020.0,2.7863693335263453,9.0
0.5670293906402909,0.03281573856391494,9.0,5.243091446107427,2.5455864481784096,2.5455864481784096,0.006862745098039216,0.047529411764705876,8.0,2.556083034228511,mse,0.9013014268216147,RLKappaBandit,1.7631294812154121,1020.0,1.7631294812154121,9.0
0.055555555555555566,nan,9.0,0.7718992009598646,0.9264943768775075,0.9264943768775075,,,1.0,0.7473650207981212,mse,0.6593903193186139,Mean,0.9170281992042029,1020.0,0.9170281992042029,10.0
nan,nan,9.0,0.7718992009598646,0.9264943768775075,0.9264943768775075,,,1.0,0.7362284819404392,mse,0.6451217204069439,Median,0.9064347161120924,1020.0,0.9064347161120924,10.0
0.061052058145280294,nan,9.0,0.7718992009598646,0.9264943768775075,0.9264943768775075,,,1.0,0.7244363468276682,mse,0.6482341957586454,OGDVanilla,0.9069560333079907,1020.0,0.9069560333079907,10.0
0.06599059252119983,nan,9.0,0.7718992009598646,0.9264943768775075,0.9264943768775075,,,1.0,0.7312490503808974,mse,0.6419388251505933,MWUMVanilla,0.898818080758294,1020.0,0.898818080758294,10.0
0.06061577868488998,0.09660749104062197,9.0,0.7718992009598646,0.9264943768775075,0.9264943768775075,,,1.0,0.7243525653449907,mse,0.6481287522950527,OGDBoth,0.9070061440209766,1020.0,0.9070061440209766,10.0
0.057486764624191763,5.327808869858592,9.0,0.7718992009598646,0.9264943768775075,0.9264943768775075,,,1.0,0.7557395467164794,mse,0.652816814717598,OGDConcOnly,0.921277552398851,1020.0,0.921277552398851,10.0
0.0654131178433955,0.024255274759520877,9.0,0.7718992009598646,0.9264943768775075,0.9264943768775075,,,1.0,0.7311535658625756,mse,0.6416851713363345,MWUMBothKL,0.8988228979179903,1020.0,0.8988228979179903,10.0
0.05638236249816855,5.2467121335771045,9.0,0.7718992009598646,0.9264943768775075,0.9264943768775075,,,1.0,0.7437671267720545,mse,0.6511910352729914,MWUMConcOnlyKL,0.9152220361497904,1020.0,0.9152220361497904,10.0
0.05849780574569218,nan,9.0,0.7718992009598646,0.9264943768775075,0.9264943768775075,0.3843137254901961,4.0,1.0,0.7447794983724102,mse,0.6437606501921976,RLRuleBandit,0.9035369102518008,1020.0,0.9035369102518008,10.0
0.14150009414630407,2.5064736147217346,9.0,0.7718992009598646,0.9264943768775075,0.9264943768775075,0.8931372549019608,3.3737647058823526,1.0,0.7796432469129904,mse,0.6493551040941007,RLKappaBandit,0.9545464932933132,1020.0,0.9545464932933132,10.0
0.055555555555555566,nan,9.0,6.106400101641406,3.1781595843028727,3.1781595843028727,,,4.0,6.812663399447195,mse,1.3161563049852198,Mean,3.315501680667355,1020.0,3.315501680667355,10.0
nan,nan,9.0,6.106400101641406,3.1781595843028727,3.1781595843028727,,,4.0,7.034508398803686,mse,1.2846308993606015,Median,3.2777881808773377,1020.0,3.2777881808773377,10.0
0.22490721396625846,nan,9.0,6.106400101641406,3.1781595843028727,3.1781595843028727,,,4.0,3.9079969151210614,mse,1.1211316944766756,OGDVanilla,2.5373703640168914,1020.0,2.5373703640168914,10.0
0.42788543627150777,nan,9.0,6.106400101641406,3.1781595843028727,3.1781595843028727,,,4.0,5.920840379474924,mse,1.2735530340701644,MWUMVanilla,3.168418102805924,1020.0,3.168418102805924,10.0
0.14781265411957156,1.774364724845904,9.0,6.106400101641406,3.1781595843028727,3.1781595843028727,,,4.0,3.8336955008434743,mse,1.1125632212482504,OGDBoth,2.5068940961524935,1020.0,2.5068940961524935,10.0
0.08855307250277586,1.8002698367169199,9.0,6.106400101641406,3.1781595843028727,3.1781595843028727,,,4.0,3.8347890175924957,mse,1.1534537029973269,OGDConcOnly,2.6045073218127803,1020.0,2.6045073218127803,10.0
0.17894752354272728,0.7429465695539526,9.0,6.106400101641406,3.1781595843028727,3.1781595843028727,,,4.0,3.498683897435858,mse,1.0894585039934206,MWUMBothKL,2.417595976585138,1020.0,2.417595976585138,10.0
0.27393813455641586,0.1725203602893951,9.0,6.106400101641406,3.1781595843028727,3.1781595843028727,,,4.0,3.3230194249642553,mse,1.0482650019668007,MWUMConcOnlyKL,2.3133056989563765,1020.0,2.3133056989563765,10.0
0.09609757909182345,nan,9.0,6.106400101641406,3.1781595843028727,3.1781595843028727,0.9313725490196079,4.0,4.0,5.118448484037449,mse,1.1695270503582542,RLRuleBandit,2.7083277860841877,1020.0,2.7083277860841877,10.0
0.6007329974929004,0.12581627481287436,9.0,6.106400101641406,3.1781595843028727,3.1781595843028727,0.07450980392156863,0.16531372549019602,4.0,3.5474351301059968,mse,1.0726868470748028,RLKappaBandit,2.4117057506323603,1020.0,2.4117057506323603,10.0
0.055555555555555566,nan,9.0,17.62991304675096,4.22848788177264,4.22848788177264,,,8.0,26.68990798321887,mse,1.6211290648507146,Mean,4.95119951742892,1020.0,4.95119951742892,10.0
nan,nan,9.0,17.62991304675096,4.22848788177264,4.22848788177264,,,8.0,20.630417105271384,mse,1.5416750553564011,Median,4.639720891404004,1020.0,4.639720891404004,10.0
0.18651772270230607,nan,9.0,17.62991304675096,4.22848788177264,4.22848788177264,,,8.0,12.979415475929608,mse,1.327536352750749,OGDVanilla,3.5282335730035315,1020.0,3.5282335730035315,10.0
0.9900003537631452,nan,9.0,17.62991304675096,4.22848788177264,4.22848788177264,,,8.0,15.274471833254642,mse,1.4758648940305978,MWUMVanilla,4.275865831380166,1020.0,4.275865831380166,10.0
0.1827784108452914,0.10918739976641076,9.0,17.62991304675096,4.22848788177264,4.22848788177264,,,8.0,13.01893039907008,mse,1.3240767223487266,OGDBoth,3.5193881172105987,1020.0,3.5193881172105987,10.0
0.09977429493983629,1.9443635436765982,9.0,17.62991304675096,4.22848788177264,4.22848788177264,,,8.0,12.305272351510283,mse,1.3710720238376815,OGDConcOnly,3.6335135540465426,1020.0,3.6335135540465426,10.0
0.22742834151984867,0.707646500105146,9.0,17.62991304675096,4.22848788177264,4.22848788177264,,,8.0,10.574662799855098,mse,1.2351182769616822,MWUMBothKL,3.1451488882841607,1020.0,3.1451488882841607,10.0
0.32682871532554125,0.1729118240041061,9.0,17.62991304675096,4.22848788177264,4.22848788177264,,,8.0,11.133022374134974,mse,1.2410341955635271,MWUMConcOnlyKL,3.2136659445818756,1020.0,3.2136659445818756,10.0
0.15047552143777077,nan,9.0,17.62991304675096,4.22848788177264,4.22848788177264,0.6843137254901961,0.0,8.0,25.970458153145977,mse,1.5520132692223387,RLRuleBandit,4.667928313815341,1020.0,4.667928313815341,10.0
0.7715761472954621,0.015669308121497614,9.0,17.62991304675096,4.22848788177264,4.22848788177264,0.020588235294117647,0.027666666666666666,8.0,12.234254007065546,mse,1.280940470504247,RLKappaBandit,3.424456721151917,1020.0,3.424456721151917,10.0
0.055555555555555566,nan,3.0,0.7588528234572726,0.8826472604334489,0.8826472604334489,,,1.0,0.6811843732281001,mse,0.6432311296529283,Mean,0.8714009903137705,1020.0,0.8714009903137705,11.0
nan,nan,3.0,0.7588528234572726,0.8826472604334489,0.8826472604334489,,,1.0,0.6658897054564985,mse,0.6315386179860146,Median,0.8593629170010406,1020.0,0.8593629170010406,11.0
0.06120602696659429,nan,3.0,0.7588528234572726,0.8826472604334489,0.8826472604334489,,,1.0,0.6522656552417614,mse,0.6375283099486441,OGDVanilla,0.8559280699756701,1020.0,0.8559280699756701,11.0
0.06709570054673257,nan,3.0,0.7588528234572726,0.8826472604334489,0.8826472604334489,,,1.0,0.6481137603927476,mse,0.6322856519372343,MWUMVanilla,0.8508291591923287,1020.0,0.8508291591923287,11.0
0.0608570479918168,0.09409872416339768,3.0,0.7588528234572726,0.8826472604334489,0.8826472604334489,,,1.0,0.6527357909344986,mse,0.6375323932498042,OGDBoth,0.8561034452061514,1020.0,0.8561034452061514,11.0
0.05676404905400518,5.189451418220112,3.0,0.7588528234572726,0.8826472604334489,0.8826472604334489,,,1.0,0.6780975405768724,mse,0.6399307486147354,OGDConcOnly,0.8682604690449567,1020.0,0.8682604690449567,11.0
0.06643998022692854,0.02362541727797549,3.0,0.7588528234572726,0.8826472604334489,0.8826472604334489,,,1.0,0.648148597760742,mse,0.6324130372942988,MWUMBothKL,0.8507353353383058,1020.0,0.8507353353383058,11.0
0.05599155469535136,5.110460677132554,3.0,0.7588528234572726,0.8826472604334489,0.8826472604334489,,,1.0,0.6736792236993366,mse,0.6396223586341653,MWUMConcOnlyKL,0.8665138024270859,1020.0,0.8665138024270859,11.0
0.056273035084036055,nan,3.0,0.7588528234572726,0.8826472604334489,0.8826472604334489,0.4441176470588235,0.0,1.0,0.6683118479511015,mse,0.640381363826703,RLRuleBandit,0.8662547994371949,1020.0,0.8662547994371949,11.0
0.2887751907082414,1.7964265092258145,3.0,0.7588528234572726,0.8826472604334489,0.8826472604334489,0.4245098039215686,2.846450980392157,1.0,0.727282574509028,mse,0.6621635140040119,RLKappaBandit,0.9504524519653795,1020.0,0.9504524519653795,11.0
0.055555555555555566,nan,1.0,2.483662440018238,2.4604595070662696,2.4604595070662696,,,4.0,5.496508968974371,mse,1.1464441572297113,Mean,2.534697666732,1020.0,2.534697666732,11.0
nan,nan,1.0,2.483662440018238,2.4604595070662696,2.4604595070662696,,,4.0,4.531440595155256,mse,1.1094811171159609,Median,2.4617741679981666,1020.0,2.4617741679981666,11.0
0.19686422305897697,nan,1.0,2.483662440018238,2.4604595070662696,2.4604595070662696,,,4.0,2.9378113076780523,mse,0.9854001010914615,OGDVanilla,2.0290538519017045,1020.0,2.0290538519017045,11.0
0.17621305346302604,nan,1.0,2.483662440018238,2.4604595070662696,2.4604595070662696,,,4.0,3.64182325009614,mse,1.0912477332104884,MWUMVanilla,2.4274830820311672,1020.0,2.4274830820311672,11.0
0.12367386319102136,1.7282864034713088,1.0,2.483662440018238,2.4604595070662696,2.4604595070662696,,,4.0,2.9415188056812833,mse,0.9833549006454733,OGDBoth,2.008912771366752,1020.0,2.008912771366752,11.0
0.07818490367893538,1.753518787392963,1.0,2.483662440018238,2.4604595070662696,2.4604595070662696,,,4.0,2.9040267631630616,mse,1.0171479220754054,OGDConcOnly,2.0435657902948274,1020.0,2.0435657902948274,11.0
0.14284929800020674,0.7236530705726703,1.0,2.483662440018238,2.4604595070662696,2.4604595070662696,,,4.0,2.701366036412842,mse,0.9690421567514613,MWUMBothKL,1.9211802250510273,1020.0,1.9211802250510273,11.0
0.24105356830749752,0.16804021768084132,1.0,2.483662440018238,2.4604595070662696,2.4604595070662696,,,4.0,2.660182579815263,mse,0.9442436356318664,MWUMConcOnlyKL,1.8613351538486034,1020.0,1.8613351538486034,11.0
0.09761873503147911,nan,1.0,2.483662440018238,2.4604595070662696,2.4604595070662696,0.42549019607843136,0.0,4.0,7.418950197022977,mse,1.1173471950770595,RLRuleBandit,2.488230822513926,1020.0,2.488230822513926,11.0
0.6595517621199455,0.03163528186076444,1.0,2.483662440018238,2.4604595070662696,2.4604595070662696,0.010784313725490196,0.04108823529411764,4.0,2.8704174858317653,mse,0.9503610401127343,RLKappaBandit,1.8943634493078234,1020.0,1.8943634493078234,11.0
0.055555555555555566,nan,1.0,2.744266322978241,2.748019423264145,2.748019423264145,,,8.0,4.452512381084569,mse,1.322671959986815,Mean,3.1689469446922094,1020.0,3.1689469446922094,11.0
nan,nan,1.0,2.744266322978241,2.748019423264145,2.748019423264145,,,8.0,3.9223005011066925,mse,1.237274944786663,Median,2.9200207031063763,1020.0,2.9200207031063763,11.0
0.16259940467378622,nan,1.0,2.744266322978241,2.748019423264145,2.748019423264145,,,8.0,2.916226534839197,mse,1.1072079221060374,OGDVanilla,2.451219898881687,1020.0,2.451219898881687,11.0
0.9919389348009514,nan,1.0,2.744266322978241,2.748019423264145,2.748019423264145,,,8.0,2.8300437798942695,mse,1.1929246486093343,MWUMVanilla,2.784686403782098,1020.0,2.784686403782098,11.0
0.1567476423095987,0.10635194616255135,1.0,2.744266322978241,2.748019423264145,2.748019423264145,,,8.0,2.8969280454204966,mse,1.1055559487937012,OGDBoth,2.445013150805202,1020.0,2.445013150805202,11.0
0.08185159828135856,1.8938705354496428,1.0,2.744266322978241,2.748019423264145,2.748019423264145,,,8.0,2.822930803821127,mse,1.1102788657659561,OGDConcOnly,2.4154178533343056,1020.0,2.4154178533343056,11.0
0.17533429253502444,0.6892697060371976,1.0,2.744266322978241,2.748019423264145,2.748019423264145,,,8.0,2.334001575911794,mse,1.0408278251449299,MWUMBothKL,2.2010855153288684,1020.0,2.2010855153288684,11.0
0.2698736094621357,0.1684215155030691,1.0,2.744266322978241,2.748019423264145,2.748019423264145,,,8.0,2.4045088776534005,mse,1.0163462105407284,MWUMConcOnlyKL,2.125374869760757,1020.0,2.125374869760757,11.0
0.10727252050323621,nan,1.0,2.744266322978241,2.748019423264145,2.748019423264145,0.9823529411764705,6.0,8.0,2.5356995450448396,mse,1.0774521584378411,RLRuleBandit,2.30443728525078,1020.0,2.30443728525078,11.0
0.2490945507238982,3.467537219942342,1.0,2.744266322978241,2.748019423264145,2.748019423264145,0.6813725490196079,5.237725490196078,8.0,3.233093728698522,mse,1.1191909717429231,RLKappaBandit,2.4279190317719994,1020.0,2.4279190317719994,11.0
0.055555555555555566,nan,1.0,0.7657463730284393,1.0369287097560436,1.0369287097560436,,,1.0,0.8812566974264292,mse,0.696575368168013,Mean,1.0275021753310445,1020.0,1.0275021753310445,12.0
nan,nan,1.0,0.7657463730284393,1.0369287097560436,1.0369287097560436,,,1.0,0.8837618218021118,mse,0.6827216561315078,Median,1.0149712984549033,1020.0,1.0149712984549033,12.0
0.05989711838109733,nan,1.0,0.7657463730284393,1.0369287097560436,1.0369287097560436,,,1.0,0.9148911777073272,mse,0.6869524717718516,OGDVanilla,1.01731642062935,1020.0,1.01731642062935,12.0
0.06744811052796888,nan,1.0,0.7657463730284393,1.0369287097560436,1.0369287097560436,,,1.0,0.9017587535074254,mse,0.6829762221426149,MWUMVanilla,1.0134065248209538,1020.0,1.0134065248209538,12.0
0.059681111149201445,0.09615989265890115,1.0,0.7657463730284393,1.0369287097560436,1.0369287097560436,,,1.0,0.91477378516242,mse,0.6870780872041488,OGDBoth,1.0174883998306443,1020.0,1.0174883998306443,12.0
0.05743861499754556,5.3031240049496144,1.0,0.7657463730284393,1.0369287097560436,1.0369287097560436,,,1.0,0.9229636810430087,mse,0.6919755750896519,OGDConcOnly,1.0295723372555585,1020.0,1.0295723372555585,12.0
0.06669896295373695,0.024142899555585472,1.0,0.7657463730284393,1.0369287097560436,1.0369287097560436,,,1.0,0.9028275259733943,mse,0.6829432922456113,MWUMBothKL,1.0130928446894296,1020.0,1.0130928446894296,12.0
0.05620704618956361,5.222403007063459,1.0,0.7657463730284393,1.0369287097560436,1.0369287097560436,,,1.0,0.9106518212796659,mse,0.6904863769430779,MWUMConcOnlyKL,1.0247130244187879,1020.0,1.0247130244187879,12.0
0.05793758193377492,nan,1.0,0.7657463730284393,1.0369287097560436,1.0369287097560436,0.30686274509803924,5.0,1.0,0.8824613152639215,mse,0.6933634237060442,RLRuleBandit,1.0219405877865093,1020.0,1.0219405877865093,12.0
0.162464305664185,2.53254280721786,1.0,0.7657463730284393,1.0369287097560436,1.0369287097560436,0.6715686274509803,3.2692745098039215,1.0,1.1559125363612304,mse,0.7123337326905551,RLKappaBandit,1.1116723155638837,1020.0,1.1116723155638837,12.0
0.055555555555555566,nan,9.0,13.688895765705539,3.2489240432352497,3.2489240432352497,,,4.0,11.376642423352036,mse,1.2808608237326036,Mean,3.374748252760855,1020.0,3.374748252760855,12.0
nan,nan,9.0,13.688895765705539,3.2489240432352497,3.2489240432352497,,,4.0,11.804231909007632,mse,1.25484751451235,Median,3.335471639651349,1020.0,3.335471639651349,12.0
0.22146781646559502,nan,9.0,13.688895765705539,3.2489240432352497,3.2489240432352497,,,4.0,5.467363413934857,mse,1.1284569514115987,OGDVanilla,2.685320586442271,1020.0,2.685320586442271,12.0
0.22894409359127268,nan,9.0,13.688895765705539,3.2489240432352497,3.2489240432352497,,,4.0,9.52854673957557,mse,1.2333847988013191,MWUMVanilla,3.243408225182237,1020.0,3.243408225182237,12.0
0.13930012211609535,1.7661437210264899,9.0,13.688895765705539,3.2489240432352497,3.2489240432352497,,,4.0,5.616365110424561,mse,1.1172877955633713,OGDBoth,2.64785534787283,1020.0,2.64785534787283,12.0
0.08518762526709835,1.7919288090147742,9.0,13.688895765705539,3.2489240432352497,3.2489240432352497,,,4.0,6.084567303862951,mse,1.1325734791985316,OGDConcOnly,2.684346455065372,1020.0,2.684346455065372,12.0
0.16966628494500482,0.7395043450092356,9.0,13.688895765705539,3.2489240432352497,3.2489240432352497,,,4.0,4.9139796540464165,mse,1.0927576972857118,MWUMBothKL,2.521019834703564,1020.0,2.521019834703564,12.0
0.27488828556269995,0.17172104146879355,9.0,13.688895765705539,3.2489240432352497,3.2489240432352497,,,4.0,4.535476318278893,mse,1.0541476615233458,MWUMConcOnlyKL,2.3877718815576774,1020.0,2.3877718815576774,12.0
0.11100675043854244,nan,9.0,13.688895765705539,3.2489240432352497,3.2489240432352497,0.9490196078431372,6.0,4.0,8.063049531973954,mse,1.124523227800171,RLRuleBandit,2.696014037659798,1020.0,2.696014037659798,12.0
0.10802571201097776,2.7463165885317884,9.0,13.688895765705539,3.2489240432352497,3.2489240432352497,0.9970588235294118,4.272980392156863,4.0,5.4405374258518995,mse,1.121212816760429,RLKappaBandit,2.6195186112137807,1020.0,2.6195186112137807,12.0
0.055555555555555566,nan,1.0,48.45628703654879,4.039843897918851,4.039843897918851,,,8.0,47.828850132833466,mse,1.534118297735599,Mean,4.6897546000753705,1020.0,4.6897546000753705,12.0
nan,nan,1.0,48.45628703654879,4.039843897918851,4.039843897918851,,,8.0,46.971561057214466,mse,1.4673817180012387,Median,4.516069389948734,1020.0,4.516069389948734,12.0
0.19296896212111994,nan,1.0,48.45628703654879,4.039843897918851,4.039843897918851,,,8.0,55.045928992245834,mse,1.257566669553024,OGDVanilla,3.464793524749597,1020.0,3.464793524749597,12.0
0.9965907324409049,nan,1.0,48.45628703654879,4.039843897918851,4.039843897918851,,,8.0,38.164058035364135,mse,1.3777134998669958,MWUMVanilla,4.151654969981651,1020.0,4.151654969981651,12.0
0.1868868138623871,0.1086815159969566,1.0,48.45628703654879,4.039843897918851,4.039843897918851,,,8.0,54.55980821834258,mse,1.2557897396929958,OGDBoth,3.455623652218003,1020.0,3.455623652218003,12.0
0.0951570474130848,1.93535489924025,1.0,48.45628703654879,4.039843897918851,4.039843897918851,,,8.0,36.49132108141329,mse,1.3177006746045372,OGDConcOnly,3.5875043482555693,1020.0,3.5875043482555693,12.0
0.22284199692980663,0.7043678282760873,1.0,48.45628703654879,4.039843897918851,4.039843897918851,,,8.0,32.47919592738892,mse,1.1934510491192627,MWUMBothKL,3.1732086691539467,1020.0,3.1732086691539467,12.0
0.31882409271102474,0.17211069144900992,1.0,48.45628703654879,4.039843897918851,4.039843897918851,,,8.0,32.886467695423285,mse,1.162262629760442,MWUMConcOnlyKL,3.0512765709936276,1020.0,3.0512765709936276,12.0
0.21689375312777498,nan,1.0,48.45628703654879,4.039843897918851,4.039843897918851,0.9882352941176471,5.0,8.0,34.56666577440675,mse,1.2047326196874535,RLRuleBandit,3.265922649382634,1020.0,3.265922649382634,12.0
0.16999920913903888,2.403623073145438,1.0,48.45628703654879,4.039843897918851,4.039843897918851,0.9970588235294118,3.9482745098039214,8.0,32.65640510430572,mse,1.2343021110305772,RLKappaBandit,3.2450165116936485,1020.0,3.2450165116936485,12.0
0.055555555555555566,nan,9.0,0.467675644530967,0.7459406312282156,0.7459406312282156,,,1.0,0.5163046825994345,mse,0.5814625463586331,Mean,0.7399647639378946,1020.0,0.7399647639378946,13.0
nan,nan,9.0,0.467675644530967,0.7459406312282156,0.7459406312282156,,,1.0,0.49230258062623183,mse,0.5698913106389718,Median,0.7290181269288967,1020.0,0.7290181269288967,13.0
0.060294159021816625,nan,9.0,0.467675644530967,0.7459406312282156,0.7459406312282156,,,1.0,0.5135733578974585,mse,0.5722229890279766,OGDVanilla,0.7312748297468467,1020.0,0.7312748297468467,13.0
0.06684176192825385,nan,9.0,0.467675644530967,0.7459406312282156,0.7459406312282156,,,1.0,0.4917800300410984,mse,0.5691670733954991,MWUMVanilla,0.7277244735426353,1020.0,0.7277244735426353,13.0
0.05995638445777268,0.09386659240039252,9.0,0.467675644530967,0.7459406312282156,0.7459406312282156,,,1.0,0.5137691532041376,mse,0.5723352695418437,OGDBoth,0.7314923321552593,1020.0,0.7314923321552593,13.0
0.05681971752581829,5.176649447871526,9.0,0.467675644530967,0.7459406312282156,0.7459406312282156,,,1.0,0.5183075500957731,mse,0.5748488613323478,OGDConcOnly,0.7381109650869433,1020.0,0.7381109650869433,13.0
0.06612402627790617,0.023567137678957947,9.0,0.467675644530967,0.7459406312282156,0.7459406312282156,,,1.0,0.49272883921536953,mse,0.5691145057509189,MWUMBothKL,0.7276218186321072,1020.0,0.7276218186321072,13.0
0.056012666885496075,5.09785357079532,9.0,0.467675644530967,0.7459406312282156,0.7459406312282156,,,1.0,0.5121186276664432,mse,0.5742861232918155,MWUMConcOnlyKL,0.7346580816375998,1020.0,0.7346580816375998,13.0
0.05830307271639223,nan,9.0,0.467675644530967,0.7459406312282156,0.7459406312282156,0.46078431372549017,1.0,1.0,0.5053866149567084,mse,0.573815038095642,RLRuleBandit,0.7273307366971059,1020.0,0.7273307366971059,13.0
0.24466405804796182,0.40622366771157115,9.0,0.467675644530967,0.7459406312282156,0.7459406312282156,0.6088235294117647,0.5631176470588234,1.0,0.6012732155251115,mse,0.5964322516381847,RLKappaBandit,0.7954664610520519,1020.0,0.7954664610520519,13.0
0.055555555555555566,nan,9.0,4.333867369307816,2.444611093760234,2.444611093760234,,,4.0,4.6212158436584,mse,1.1372403417320935,Mean,2.496387783000881,1020.0,2.496387783000881,13.0
nan,nan,9.0,4.333867369307816,2.444611093760234,2.444611093760234,,,4.0,4.219915692519713,mse,1.1127882513505303,Median,2.4639939964264377,1020.0,2.4639939964264377,13.0
0.1980815965989675,nan,9.0,4.333867369307816,2.444611093760234,2.444611093760234,,,4.0,3.5968686746193086,mse,0.9802636076994614,OGDVanilla,1.9839427743537397,1020.0,1.9839427743537397,13.0
0.184419724345228,nan,9.0,4.333867369307816,2.444611093760234,2.444611093760234,,,4.0,4.1682297636884185,mse,1.08958782858378,MWUMVanilla,2.4353625877393013,1020.0,2.4353625877393013,13.0
0.12739951547648848,1.7240228578728285,9.0,4.333867369307816,2.444611093760234,2.444611093760234,,,4.0,3.4594469174738114,mse,0.972723749742686,OGDBoth,1.9545579813905143,1020.0,1.9545579813905143,13.0
0.07907475458689205,1.749192995466884,9.0,4.333867369307816,2.444611093760234,2.444611093760234,,,4.0,3.1795942187415944,mse,0.9856030180781076,OGDConcOnly,1.9779220210955348,1020.0,1.9779220210955348,13.0
0.14564092379787544,0.7218678772277953,9.0,4.333867369307816,2.444611093760234,2.444611093760234,,,4.0,3.3132915877719,mse,0.9574325957697629,MWUMBothKL,1.9101160197337215,1020.0,1.9101160197337215,13.0
0.24557990540927263,0.16762567800731504,9.0,4.333867369307816,2.444611093760234,2.444611093760234,,,4.0,3.2609314118825385,mse,0.9223227983261494,MWUMConcOnlyKL,1.8249322518421878,1020.0,1.8249322518421878,13.0
0.13602621752366123,nan,9.0,4.333867369307816,2.444611093760234,2.444611093760234,0.5970588235294118,1.0,4.0,3.938018123929609,mse,1.0346096772946174,RLRuleBandit,2.2009014242745786,1020.0,2.2009014242745786,13.0
0.35556282939283723,0.4423239849315567,9.0,4.333867369307816,2.444611093760234,2.444611093760234,0.4,0.6056078431372549,4.0,3.127940571211586,mse,0.9255357775770063,RLKappaBandit,1.846400217692653,1020.0,1.846400217692653,13.0
0.055555555555555566,nan,0.0,6.579801043500032,3.1295197965160058,3.1295197965160058,,,8.0,10.947265150857385,mse,1.3653341297091386,Mean,3.487304251733427,1020.0,3.487304251733427,13.0
nan,nan,0.0,6.579801043500032,3.1295197965160058,3.1295197965160058,,,8.0,7.84682132166579,mse,1.302555689110896,Median,3.3237227196707915,1020.0,3.3237227196707915,13.0
0.1728125140917895,nan,0.0,6.579801043500032,3.1295197965160058,3.1295197965160058,,,8.0,5.6161920737984365,mse,1.1145180467829492,OGDVanilla,2.5179755516899656,1020.0,2.5179755516899656,13.0
0.9879147073389977,nan,0.0,6.579801043500032,3.1295197965160058,3.1295197965160058,,,8.0,9.579205037297918,mse,1.261766619788942,MWUMVanilla,3.1852317329741657,1020.0,3.1852317329741657,13.0
0.16813806940229473,0.1060895866543967,0.0,6.579801043500032,3.1295197965160058,3.1295197965160058,,,8.0,5.5868253212741825,mse,1.1111379067864362,OGDBoth,2.5073615973080186,1020.0,2.5073615973080186,13.0
0.08927532090491531,1.889198506683014,0.0,6.579801043500032,3.1295197965160058,3.1295197965160058,,,8.0,5.749105646347405,mse,1.157401051198854,OGDConcOnly,2.648821676749393,1020.0,2.648821676749393,13.0
0.19440349278839664,0.6875693337769837,0.0,6.579801043500032,3.1295197965160058,3.1295197965160058,,,8.0,4.839765759593919,mse,1.0423829069608932,MWUMBothKL,2.2437583007013844,1020.0,2.2437583007013844,13.0
0.2908549780499584,0.16800603519748725,0.0,6.579801043500032,3.1295197965160058,3.1295197965160058,,,8.0,5.503630427362258,mse,1.032182380132558,MWUMConcOnlyKL,2.2495853511323367,1020.0,2.2495853511323367,13.0
0.10282171277563242,nan,0.0,6.579801043500032,3.1295197965160058,3.1295197965160058,0.553921568627451,4.0,8.0,8.858879984423757,mse,1.2128058445294982,RLRuleBandit,2.903941568007219,1020.0,2.903941568007219,13.0
0.30259190245604006,1.4597369611227269,0.0,6.579801043500032,3.1295197965160058,3.1295197965160058,0.7147058823529412,2.081941176470588,8.0,5.102758701184146,mse,1.0808824470030756,RLKappaBandit,2.4023703727293233,1020.0,2.4023703727293233,13.0
0.055555555555555566,nan,1.0,2.784958982353098,1.0277342418424535,1.0277342418424535,,,1.0,2.4258446191172127,mse,0.6949922596269005,Mean,1.000434025735585,1020.0,1.000434025735585,14.0
nan,nan,1.0,2.784958982353098,1.0277342418424535,1.0277342418424535,,,1.0,2.3961182654776763,mse,0.6756922026152032,Median,0.973118858880773,1020.0,0.973118858880773,14.0
0.06208029471820222,nan,1.0,2.784958982353098,1.0277342418424535,1.0277342418424535,,,1.0,2.7187602552579078,mse,0.6818830514216141,OGDVanilla,0.9751622567637255,1020.0,0.9751622567637255,14.0
0.0697800071436118,nan,1.0,2.784958982353098,1.0277342418424535,1.0277342418424535,,,1.0,2.663524950348775,mse,0.677183721533706,MWUMVanilla,0.9689923226457362,1020.0,0.9689923226457362,14.0
0.061552232961456566,0.09937638396344854,1.0,2.784958982353098,1.0277342418424535,1.0277342418424535,,,1.0,2.718078115325213,mse,0.6817603663473646,OGDBoth,0.9752408137586893,1020.0,0.9752408137586893,14.0
0.058038410424545224,5.480512164907659,1.0,2.784958982353098,1.0277342418424535,1.0277342418424535,,,1.0,3.2004910960559334,mse,0.691427401035817,OGDConcOnly,1.0405977290253816,1020.0,1.0405977290253816,14.0
0.06881408557324206,0.024950440156861407,1.0,2.784958982353098,1.0277342418424535,1.0277342418424535,,,1.0,2.663918442311508,mse,0.6768926967557063,MWUMBothKL,0.96885768421711,1020.0,0.96885768421711,14.0
0.05630319849822215,5.397091069499416,1.0,2.784958982353098,1.0277342418424535,1.0277342418424535,,,1.0,2.5964350272394614,mse,0.6830233477192474,MWUMConcOnlyKL,0.9887970996390478,1020.0,0.9887970996390478,14.0
0.057835906933727,nan,1.0,2.784958982353098,1.0277342418424535,1.0277342418424535,0.4372549019607843,1.0,1.0,2.4646814743274996,mse,0.6896777331230466,RLRuleBandit,1.0034536929096527,1020.0,1.0034536929096527,14.0
0.13947090195324202,2.1730470737837955,1.0,2.784958982353098,1.0277342418424535,1.0277342418424535,0.8215686274509804,3.087578431372549,1.0,36.641701857703296,mse,0.7088883682759957,RLKappaBandit,1.1773880770828367,1020.0,1.1773880770828367,14.0
0.055555555555555566,nan,9.0,199.5455459793414,3.4794954138976784,3.4794954138976784,,,4.0,192.8482065969709,mse,1.314589578647631,Mean,3.5294035879436687,1020.0,3.5294035879436687,14.0
nan,nan,9.0,199.5455459793414,3.4794954138976784,3.4794954138976784,,,4.0,174.27390118321367,mse,1.2814604942456638,Median,3.475488720332613,1020.0,3.475488720332613,14.0
0.23136206268488788,nan,9.0,199.5455459793414,3.4794954138976784,3.4794954138976784,,,4.0,488.6319207812712,mse,1.10546990301412,OGDVanilla,2.9111187853028455,1020.0,2.9111187853028455,14.0
0.3966269028152004,nan,9.0,199.5455459793414,3.4794954138976784,3.4794954138976784,,,4.0,80.67728526589615,mse,1.2960905371341018,MWUMVanilla,3.476635640183573,1020.0,3.476635640183573,14.0
0.14534778554300296,1.8252207605772934,9.0,199.5455459793414,3.4794954138976784,3.4794954138976784,,,4.0,479.5896350291372,mse,1.1041722696613325,OGDBoth,2.8901410422668845,1020.0,2.8901410422668845,14.0
0.0912104431709248,1.8518683534157063,9.0,199.5455459793414,3.4794954138976784,3.4794954138976784,,,4.0,369.5883478608025,mse,1.1600307183209317,OGDConcOnly,2.959478295477269,1020.0,2.959478295477269,14.0
0.17953445231040221,0.7642405499834692,9.0,199.5455459793414,3.4794954138976784,3.4794954138976784,,,4.0,57.627759822415776,mse,1.0616575650530473,MWUMBothKL,2.485825991777297,1020.0,2.485825991777297,14.0
0.27136453254948995,0.17746503461314228,9.0,199.5455459793414,3.4794954138976784,3.4794954138976784,,,4.0,50.886903118542925,mse,1.0243040149872518,MWUMConcOnlyKL,2.368337150036639,1020.0,2.368337150036639,14.0
0.11971057543602218,nan,9.0,199.5455459793414,3.4794954138976784,3.4794954138976784,0.6754901960784314,6.0,4.0,1206.2034342606985,mse,1.1512783821438657,RLRuleBandit,3.063194046204412,1020.0,3.063194046204412,14.0
0.2745391663405722,3.61065187172578,9.0,199.5455459793414,3.4794954138976784,3.4794954138976784,0.6656862745098039,5.139617647058824,4.0,51.03914068134913,mse,1.109405995193792,RLKappaBandit,2.6349025846577243,1020.0,2.6349025846577243,14.0
0.055555555555555566,nan,1.0,240.37042799514683,4.170621040563257,4.170621040563257,,,8.0,1606.8995082921917,mse,1.5819871607875473,Mean,5.133111454449264,1020.0,5.133111454449264,14.0
nan,nan,1.0,240.37042799514683,4.170621040563257,4.170621040563257,,,8.0,747.8473305370107,mse,1.5150628564862674,Median,4.957558692770874,1020.0,4.957558692770874,14.0
0.19129775688032405,nan,1.0,240.37042799514683,4.170621040563257,4.170621040563257,,,8.0,237.3517164863847,mse,1.3162227774564166,OGDVanilla,3.98022843683573,1020.0,3.98022843683573,14.0
0.9973899035110364,nan,1.0,240.37042799514683,4.170621040563257,4.170621040563257,,,8.0,238.74925569350881,mse,1.383931971706039,MWUMVanilla,4.281633546662451,1020.0,4.281633546662451,14.0
0.18544020579389978,0.11231685252186796,1.0,240.37042799514683,4.170621040563257,4.170621040563257,,,8.0,237.233750046968,mse,1.3141494992643545,OGDBoth,3.976234945194437,1020.0,3.976234945194437,14.0
0.10049244363717702,2.000092011076697,1.0,240.37042799514683,4.170621040563257,4.170621040563257,,,8.0,212.22305407234765,mse,1.3660779818515698,OGDConcOnly,4.322296609602081,1020.0,4.322296609602081,14.0
0.21608785674135472,0.7279287254091092,1.0,240.37042799514683,4.170621040563257,4.170621040563257,,,8.0,233.7823039020901,mse,1.1812768910163023,MWUMBothKL,3.1527034820586555,1020.0,3.1527034820586555,14.0
0.30484685491843305,0.17786771828934375,1.0,240.37042799514683,4.170621040563257,4.170621040563257,,,8.0,239.4396628755473,mse,1.1922375155477174,MWUMConcOnlyKL,3.55343372950851,1020.0,3.55343372950851,14.0
0.22999188008562307,nan,1.0,240.37042799514683,4.170621040563257,4.170621040563257,0.7598039215686274,1.0,8.0,13388.886577329573,mse,1.36221787586683,RLRuleBandit,4.441542966184365,1020.0,4.441542966184365,14.0
0.6853050828022472,0.06246641424854469,1.0,240.37042799514683,4.170621040563257,4.170621040563257,0.15294117647058825,0.08357843137254901,8.0,230.71533020555398,mse,1.2198061869787722,RLKappaBandit,3.702904189274617,1020.0,3.702904189274617,14.0
0.055555555555555566,nan,1.0,1.0077737033657266,1.0421970105442058,1.0421970105442058,,,1.0,0.9370642282662139,mse,0.6848154613841028,Mean,1.0403280979948968,1020.0,1.0403280979948968,15.0
nan,nan,1.0,1.0077737033657266,1.0421970105442058,1.0421970105442058,,,1.0,0.9486728988335128,mse,0.6687204922710732,Median,1.026072355490158,1020.0,1.026072355490158,15.0
0.06220518440198339,nan,1.0,1.0077737033657266,1.0421970105442058,1.0421970105442058,,,1.0,0.9591847121820367,mse,0.6725889609761122,OGDVanilla,1.0203564676999435,1020.0,1.0203564676999435,15.0
0.06640289489504911,nan,1.0,1.0077737033657266,1.0421970105442058,1.0421970105442058,,,1.0,0.9519434035272261,mse,0.664638608303497,MWUMVanilla,1.0096535736921461,1020.0,1.0096535736921461,15.0
0.061653466317168205,0.09648445072143191,1.0,1.0077737033657266,1.0421970105442058,1.0421970105442058,,,1.0,0.9595637546251075,mse,0.6726469076884567,OGDBoth,1.0206585441773455,1020.0,1.0206585441773455,15.0
0.05780532719785883,5.321023247341622,1.0,1.0077737033657266,1.0421970105442058,1.0421970105442058,,,1.0,0.9944999602838047,mse,0.6771988690540047,OGDConcOnly,1.0363925400516203,1020.0,1.0363925400516203,15.0
0.06576789327638105,0.024224383939701333,1.0,1.0077737033657266,1.0421970105442058,1.0421970105442058,,,1.0,0.9521111529883015,mse,0.6645514288809857,MWUMBothKL,1.0097763976376521,1020.0,1.0097763976376521,15.0
0.05633902434045743,5.240029797787661,1.0,1.0077737033657266,1.0421970105442058,1.0421970105442058,,,1.0,0.9852174255616668,mse,0.6757948701121529,MWUMConcOnlyKL,1.0347100741488524,1020.0,1.0347100741488524,15.0
0.05753049479911854,nan,1.0,1.0077737033657266,1.0421970105442058,1.0421970105442058,0.4970588235294118,1.0,1.0,0.9526984033820259,mse,0.6767055158798382,RLRuleBandit,1.0294829613082088,1020.0,1.0294829613082088,15.0
0.27497979407995626,1.058434670366854,1.0,1.0077737033657266,1.0421970105442058,1.0421970105442058,0.6166666666666667,1.442529411764706,1.0,1.4321290524994297,mse,0.6923990387978415,RLKappaBandit,1.1337424167468222,1020.0,1.1337424167468222,15.0
0.055555555555555566,nan,9.0,14.102733246250656,3.6326431487233357,3.6326431487233357,,,4.0,35.31908294316635,mse,1.3664741939579925,Mean,3.8129529852102837,1020.0,3.8129529852102837,15.0
nan,nan,9.0,14.102733246250656,3.6326431487233357,3.6326431487233357,,,4.0,33.88476183084497,mse,1.3363303174873893,Median,3.811314662054307,1020.0,3.811314662054307,15.0
0.24821091882112134,nan,9.0,14.102733246250656,3.6326431487233357,3.6326431487233357,,,4.0,25.04133207114697,mse,1.1366222341385555,OGDVanilla,2.8266431391791573,1020.0,2.8266431391791573,15.0
0.3988581058467483,nan,9.0,14.102733246250656,3.6326431487233357,3.6326431487233357,,,4.0,16.20687872886557,mse,1.3141718522371217,MWUMVanilla,3.644493139914861,1020.0,3.644493139914861,15.0
0.15323616298134587,1.7721048531052723,9.0,14.102733246250656,3.6326431487233357,3.6326431487233357,,,4.0,23.798071679116394,mse,1.1312963848481499,OGDBoth,2.7931963993962876,1020.0,2.7931963993962876,15.0
0.08863973970057092,1.7979769716111538,9.0,14.102733246250656,3.6326431487233357,3.6326431487233357,,,4.0,25.80870063749181,mse,1.161730039943401,OGDConcOnly,2.889656973460609,1020.0,2.889656973460609,15.0
0.18765535303172035,0.7420003364485568,9.0,14.102733246250656,3.6326431487233357,3.6326431487233357,,,4.0,29.01596187736558,mse,1.11565816751101,MWUMBothKL,2.7147355369399664,1020.0,2.7147355369399664,15.0
0.2898632196278618,0.17230063553873065,9.0,14.102733246250656,3.6326431487233357,3.6326431487233357,,,4.0,35.98874920824287,mse,1.0703168147953666,MWUMConcOnlyKL,2.561837493468233,1020.0,2.561837493468233,15.0
0.11440163848835687,nan,9.0,14.102733246250656,3.6326431487233357,3.6326431487233357,0.6352941176470588,6.0,4.0,70.63119482628464,mse,1.2332075315013735,RLRuleBandit,3.3383864198855635,1020.0,3.3383864198855635,15.0
0.42740111315376184,0.33483167499645716,9.0,14.102733246250656,3.6326431487233357,3.6326431487233357,0.6294117647058823,0.5067156862745098,4.0,36.48012792054066,mse,1.070365815546965,RLKappaBandit,2.590832892045332,1020.0,2.590832892045332,15.0
0.055555555555555566,nan,9.0,14.606824013046896,4.4542368913434105,4.4542368913434105,,,8.0,23.23580836746852,mse,1.628555388173339,Mean,5.295808492609096,1020.0,5.295808492609096,15.0
nan,nan,9.0,14.606824013046896,4.4542368913434105,4.4542368913434105,,,8.0,22.060056144251696,mse,1.5421795780140986,Median,5.025727967336503,1020.0,5.025727967336503,15.0
0.1942658057045357,nan,9.0,14.606824013046896,4.4542368913434105,4.4542368913434105,,,8.0,10.29197097035724,mse,1.3029617698814553,OGDVanilla,3.722817108109368,1020.0,3.722817108109368,15.0
0.9914113382406478,nan,9.0,14.606824013046896,4.4542368913434105,4.4542368913434105,,,8.0,20.35489092101182,mse,1.3977933986100946,MWUMVanilla,4.492834012409618,1020.0,4.492834012409618,15.0
0.18951054930525724,0.10904833737698164,9.0,14.606824013046896,4.4542368913434105,4.4542368913434105,,,8.0,10.186888757797119,mse,1.299352575468303,OGDBoth,3.7095216028943314,1020.0,3.7095216028943314,15.0
0.09601380657251281,1.9418871574067096,9.0,14.606824013046896,4.4542368913434105,4.4542368913434105,,,8.0,12.764546825381752,mse,1.341532003981069,OGDConcOnly,3.8392101861080383,1020.0,3.8392101861080383,15.0
0.22613819148907138,0.7067452260057718,9.0,14.606824013046896,4.4542368913434105,4.4542368913434105,,,8.0,10.186769676352563,mse,1.2394924380447558,MWUMBothKL,3.4201243049385535,1020.0,3.4201243049385535,15.0
0.3140309156271758,0.17269160067596626,9.0,14.606824013046896,4.4542368913434105,4.4542368913434105,,,8.0,8.603028861890907,mse,1.2034773639981269,MWUMConcOnlyKL,3.3194096420391497,1020.0,3.3194096420391497,15.0
0.12518081846483262,nan,9.0,14.606824013046896,4.4542368913434105,4.4542368913434105,0.696078431372549,6.0,8.0,33.26818770553737,mse,1.355472904445023,RLRuleBandit,3.980268734992523,1020.0,3.980268734992523,15.0
0.2542198708200054,1.4158601649581282,9.0,14.606824013046896,4.4542368913434105,4.4542368913434105,0.8480392156862745,2.0996960784313727,8.0,8.78649415583792,mse,1.2513502078028724,RLKappaBandit,3.4666011690808585,1020.0,3.4666011690808585,15.0
0.055555555555555566,nan,1.0,0.7614118546431016,0.913982487972047,0.913982487972047,,,1.0,0.8225027185682807,mse,0.648360238329315,Mean,0.899520097050685,1020.0,0.899520097050685,16.0
nan,nan,1.0,0.7614118546431016,0.913982487972047,0.913982487972047,,,1.0,0.8480319746739643,mse,0.6354291800647627,Median,0.8910699181607233,1020.0,0.8910699181607233,16.0
0.062223721728386694,nan,1.0,0.7614118546431016,0.913982487972047,0.913982487972047,,,1.0,0.8534558931631605,mse,0.6418853648467082,OGDVanilla,0.8881102657961001,1020.0,0.8881102657961001,16.0
0.06651662869685923,nan,1.0,0.7614118546431016,0.913982487972047,0.913982487972047,,,1.0,0.8556284767445682,mse,0.6330836299894762,MWUMVanilla,0.8788818205815706,1020.0,0.8788818205815706,16.0
0.06166746549035868,0.09520468343140515,1.0,0.7614118546431016,0.913982487972047,0.913982487972047,,,1.0,0.8536599218865275,mse,0.6418090880352824,OGDBoth,0.8882899954796885,1020.0,0.8882899954796885,16.0
0.057323325477447645,5.250444612656246,1.0,0.7614118546431016,0.913982487972047,0.913982487972047,,,1.0,0.9165331212172385,mse,0.6448137293066584,OGDConcOnly,0.9079601235353674,1020.0,0.9079601235353674,16.0
0.0659595628610982,0.023903082263735217,1.0,0.7614118546431016,0.913982487972047,0.913982487972047,,,1.0,0.8565480279085337,mse,0.6329668655141457,MWUMBothKL,0.8790000152882648,1020.0,0.8790000152882648,16.0
0.05616882717990964,5.170525469282985,1.0,0.7614118546431016,0.913982487972047,0.913982487972047,,,1.0,0.8739513504567875,mse,0.6428594859565083,MWUMConcOnlyKL,0.8988856896733785,1020.0,0.8988856896733785,16.0
0.05639554040910274,nan,1.0,0.7614118546431016,0.913982487972047,0.913982487972047,0.3205882352941177,0.0,1.0,0.8529307677615299,mse,0.645283755066476,RLRuleBandit,0.8965409155185158,1020.0,0.8965409155185158,16.0
0.17618194135674198,1.5238373065568833,1.0,0.7614118546431016,0.913982487972047,0.913982487972047,0.7401960784313726,2.281735294117647,1.0,1.2765132228178764,mse,0.6595779975332439,RLKappaBandit,0.9958290198419818,1020.0,0.9958290198419818,16.0
0.055555555555555566,nan,1.0,5.051863332215733,2.874767457869592,2.874767457869592,,,4.0,8.029823572896346,mse,1.2116856253890482,Mean,2.9974080856584147,1020.0,2.9974080856584147,16.0
nan,nan,1.0,5.051863332215733,2.874767457869592,2.874767457869592,,,4.0,8.364396955760848,mse,1.1801455667940133,Median,2.9325518528681966,1020.0,2.9325518528681966,16.0
0.2086424892545771,nan,1.0,5.051863332215733,2.874767457869592,2.874767457869592,,,4.0,3.931281033272197,mse,1.0827736116233122,OGDVanilla,2.4345182613413816,1020.0,2.4345182613413816,16.0
0.18324858174389425,nan,1.0,5.051863332215733,2.874767457869592,2.874767457869592,,,4.0,6.372336744050004,mse,1.164832571315667,MWUMVanilla,2.8802296333837205,1020.0,2.8802296333837205,16.0
0.1318592558683766,1.7485994692412312,1.0,5.051863332215733,2.874767457869592,2.874767457869592,,,4.0,3.9191466359127025,mse,1.076061285107981,OGDBoth,2.4101639881903885,1020.0,2.4101639881903885,16.0
0.08204128719238135,1.7741284170713134,1.0,5.051863332215733,2.874767457869592,2.874767457869592,,,4.0,3.916779874276462,mse,1.0862373011567883,OGDConcOnly,2.4295900697839476,1020.0,2.4295900697839476,16.0
0.16292429250960364,0.7321583741958788,1.0,5.051863332215733,2.874767457869592,2.874767457869592,,,4.0,4.506009587849592,mse,1.05683459802811,MWUMBothKL,2.3504967580397955,1020.0,2.3504967580397955,16.0
0.25942423280469273,0.17001523388697334,1.0,5.051863332215733,2.874767457869592,2.874767457869592,,,4.0,3.8601764406058,mse,1.0220071827078387,MWUMConcOnlyKL,2.247623536668496,1020.0,2.247623536668496,16.0
0.11872968328512724,nan,1.0,5.051863332215733,2.874767457869592,2.874767457869592,0.5823529411764706,6.0,4.0,12.819873672228711,mse,1.120263378109371,RLRuleBandit,2.6518200361257205,1020.0,2.6518200361257205,16.0
0.4700743047835508,0.4694875496208788,1.0,5.051863332215733,2.874767457869592,2.874767457869592,0.35490196078431374,0.6618431372549018,4.0,3.754624770829404,mse,1.0406105115803785,RLKappaBandit,2.3046061425706954,1020.0,2.3046061425706954,16.0
0.055555555555555566,nan,1.0,5.360203739312677,3.364685652988715,3.364685652988715,,,8.0,11.372958357873337,mse,1.4524675569377925,Mean,4.1783333065893045,1020.0,4.1783333065893045,16.0
nan,nan,1.0,5.360203739312677,3.364685652988715,3.364685652988715,,,8.0,7.404713724424842,mse,1.3586862525081642,Median,3.7940704482555994,1020.0,3.7940704482555994,16.0
0.1752848728655468,nan,1.0,5.360203739312677,3.364685652988715,3.364685652988715,,,8.0,23.479482916778718,mse,1.2107797970893617,OGDVanilla,3.159728714131913,1020.0,3.159728714131913,16.0
0.9551646649499242,nan,1.0,5.360203739312677,3.364685652988715,3.364685652988715,,,8.0,6.33032079533644,mse,1.2694407207707903,MWUMVanilla,3.419672216135664,1020.0,3.419672216135664,16.0
0.17059564166694063,0.10760192128804529,1.0,5.360203739312677,3.364685652988715,3.364685652988715,,,8.0,27.30873859823352,mse,1.2074508726226143,OGDBoth,3.1506487711760074,1020.0,3.1506487711760074,16.0
0.0871270738038943,1.9161297620542141,1.0,5.360203739312677,3.364685652988715,3.364685652988715,,,8.0,7.040795014082001,mse,1.2128878648103696,OGDConcOnly,3.0625098712259975,1020.0,3.0625098712259975,16.0
0.19943615790360597,0.6973708914842084,1.0,5.360203739312677,3.364685652988715,3.364685652988715,,,8.0,6.454962390197845,mse,1.120208805622628,MWUMBothKL,2.715423936571493,1020.0,2.715423936571493,16.0
0.29650630478339657,0.17040101321886686,1.0,5.360203739312677,3.364685652988715,3.364685652988715,,,8.0,6.034021260200363,mse,1.0976500651549308,MWUMConcOnlyKL,2.655531586190799,1020.0,2.655531586190799,16.0
0.22121579862023533,nan,1.0,5.360203739312677,3.364685652988715,3.364685652988715,0.6764705882352942,5.0,8.0,8.794501985120405,mse,1.221419030177375,RLRuleBandit,3.1972155354449847,1020.0,3.1972155354449847,16.0
0.31030574773069264,0.5570940874550936,1.0,5.360203739312677,3.364685652988715,3.364685652988715,0.7774509803921569,0.8148823529411765,8.0,6.102907577517973,mse,1.1075261371791125,RLKappaBandit,2.6872561300686257,1020.0,2.6872561300686257,16.0
0.055555555555555566,nan,1.0,1.0742876341655703,1.2367227822490845,1.2367227822490845,,,1.0,1.1006748112208278,mse,0.7703143196967833,Mean,1.2240547575224718,1020.0,1.2240547575224718,17.0
nan,nan,1.0,1.0742876341655703,1.2367227822490845,1.2367227822490845,,,1.0,1.065886075328285,mse,0.7471647974248967,Median,1.1981604029545345,1020.0,1.1981604029545345,17.0
0.06161555924510481,nan,1.0,1.0742876341655703,1.2367227822490845,1.2367227822490845,,,1.0,1.0637395899982391,mse,0.7536221338826267,OGDVanilla,1.2008536173062325,1020.0,1.2008536173062325,17.0
0.07022754830170368,nan,1.0,1.0742876341655703,1.2367227822490845,1.2367227822490845,,,1.0,1.0552898330391136,mse,0.7423679632528375,MWUMVanilla,1.1967839234476867,1020.0,1.1967839234476867,17.0
0.061199343725579294,0.09554936001537431,1.0,1.0742876341655703,1.2367227822490845,1.2367227822490845,,,1.0,1.0646473212956198,mse,0.7536491878497509,OGDBoth,1.2010178672139507,1020.0,1.2010178672139507,17.0
0.05848915822331903,5.269453383152366,1.0,1.0742876341655703,1.2367227822490845,1.2367227822490845,,,1.0,1.1000882668083163,mse,0.7603480425030115,OGDConcOnly,1.2280740972037754,1020.0,1.2280740972037754,17.0
0.06904311796262289,0.023989617655722963,1.0,1.0742876341655703,1.2367227822490845,1.2367227822490845,,,1.0,1.0556176329211289,mse,0.7425309300758441,MWUMBothKL,1.1961539501773133,1020.0,1.1961539501773133,17.0
0.05657278147802944,5.189244899531558,1.0,1.0742876341655703,1.2367227822490845,1.2367227822490845,,,1.0,1.081394223628781,mse,0.7570043739482695,MWUMConcOnlyKL,1.2127055020372766,1020.0,1.2127055020372766,17.0
0.05738074772680226,nan,1.0,1.0742876341655703,1.2367227822490845,1.2367227822490845,0.6176470588235294,4.0,1.0,1.0850882791114211,mse,0.7535613634437983,RLRuleBandit,1.2074084262158562,1020.0,1.2074084262158562,17.0
0.21102468953397605,1.196227598205666,1.0,1.0742876341655703,1.2367227822490845,1.2367227822490845,0.5009803921568627,1.7010392156862744,1.0,1.2932184879273396,mse,0.7799706026734786,RLKappaBandit,1.3360546494679748,1020.0,1.3360546494679748,17.0
0.055555555555555566,nan,9.0,14.659051867367975,4.4477063764448745,4.4477063764448745,,,4.0,12.369623568335996,mse,1.5596071748767333,Mean,4.522180959310101,1020.0,4.522180959310101,17.0
nan,nan,9.0,14.659051867367975,4.4477063764448745,4.4477063764448745,,,4.0,13.623171314024109,mse,1.537342684665249,Median,4.572744331422651,1020.0,4.572744331422651,17.0
0.2490170577545385,nan,9.0,14.659051867367975,4.4477063764448745,4.4477063764448745,,,4.0,7.839235530521361,mse,1.3179054312162406,OGDVanilla,3.420286761467327,1020.0,3.420286761467327,17.0
0.41160063886381487,nan,9.0,14.659051867367975,4.4477063764448745,4.4477063764448745,,,4.0,12.119159308690923,mse,1.5133048335798045,MWUMVanilla,4.416972569317172,1020.0,4.416972569317172,17.0
0.1715290031090476,1.7549301166005427,9.0,14.659051867367975,4.4477063764448745,4.4477063764448745,,,4.0,7.487504951840687,mse,1.304779762057149,OGDBoth,3.366870107031613,1020.0,3.366870107031613,17.0
0.10229344217117715,1.7805514897466765,9.0,14.659051867367975,4.4477063764448745,4.4477063764448745,,,4.0,7.65065719175406,mse,1.341633985655487,OGDConcOnly,3.508977936569782,1020.0,3.508977936569782,17.0
0.21701515603333899,0.7348090857394872,9.0,14.659051867367975,4.4477063764448745,4.4477063764448745,,,4.0,6.950296629088126,mse,1.2594534175975214,MWUMBothKL,3.2050117589557696,1020.0,3.2050117589557696,17.0
0.3238718400210836,0.17063075550599258,9.0,14.659051867367975,4.4477063764448745,4.4477063764448745,,,4.0,6.537074672881714,mse,1.2157040140756958,MWUMConcOnlyKL,3.0634461090427316,1020.0,3.0634461090427316,17.0
0.1661880303517579,nan,9.0,14.659051867367975,4.4477063764448745,4.4477063764448745,0.6647058823529411,3.0,4.0,10.305473359398297,mse,1.3956448583584609,RLRuleBandit,3.923489655649358,1020.0,3.923489655649358,17.0
0.3913796525928608,0.47963921936925163,9.0,14.659051867367975,4.4477063764448745,4.4477063764448745,0.788235294117647,0.7120098039215687,4.0,6.541025863222225,mse,1.215598460521853,RLKappaBandit,3.0608290087790264,1020.0,3.0608290087790264,17.0
0.055555555555555566,nan,9.0,31.828898080477202,6.35229600329864,6.35229600329864,,,8.0,29.87413930826992,mse,1.980088722885079,Mean,7.1438742119101315,1020.0,7.1438742119101315,17.0
nan,nan,9.0,31.828898080477202,6.35229600329864,6.35229600329864,,,8.0,32.67224059505264,mse,1.9233792631345912,Median,7.025543440689705,1020.0,7.025543440689705,17.0
0.22440800584111928,nan,9.0,31.828898080477202,6.35229600329864,6.35229600329864,,,8.0,22.859147890159996,mse,1.5514404385819927,OGDVanilla,4.753425623004069,1020.0,4.753425623004069,17.0
0.9933592040199296,nan,9.0,31.828898080477202,6.35229600329864,6.35229600329864,,,8.0,31.36584598427575,mse,1.8415907527539461,MWUMVanilla,6.585826219179199,1020.0,6.585826219179199,17.0
0.22124027676928276,0.10799148098410706,9.0,31.828898080477202,6.35229600329864,6.35229600329864,,,8.0,23.041187908502355,mse,1.5471710871576458,OGDBoth,4.737070869726511,1020.0,4.737070869726511,17.0
0.12389772440865193,1.9230669381417944,9.0,31.828898080477202,6.35229600329864,6.35229600329864,,,8.0,30.303812270522528,mse,1.6438928187888977,OGDConcOnly,5.246587346896004,1020.0,5.246587346896004,17.0
0.29807453067755296,0.6998956579984463,9.0,31.828898080477202,6.35229600329864,6.35229600329864,,,8.0,17.23024244848432,mse,1.4540198200055903,MWUMBothKL,4.273023249525806,1020.0,4.273023249525806,17.0
0.38755081477740577,0.17101793151811415,9.0,31.828898080477202,6.35229600329864,6.35229600329864,,,8.0,19.012020722333762,mse,1.4214437292593554,MWUMConcOnlyKL,4.229593093278602,1020.0,4.229593093278602,17.0
0.23340624614665434,nan,9.0,31.828898080477202,6.35229600329864,6.35229600329864,0.657843137254902,6.0,8.0,17.246556796805407,mse,1.5663044811377016,RLRuleBandit,4.914905484622119,1020.0,4.914905484622119,17.0
0.6780227670910655,0.17216562334683977,9.0,31.828898080477202,6.35229600329864,6.35229600329864,0.3607843137254902,0.23786274509803923,8.0,19.09793518827936,mse,1.4534389066163964,RLKappaBandit,4.37020464253669,1020.0,4.37020464253669,17.0
0.055555555555555566,nan,0.0,0.9648716864807335,0.9517617897469907,0.9517617897469907,,,1.0,0.8728455346326396,mse,0.6650711167791632,Mean,0.9294704903518604,1020.0,0.9294704903518604,18.0
nan,nan,0.0,0.9648716864807335,0.9517617897469907,0.9517617897469907,,,1.0,0.927890843603158,mse,0.6536574508161781,Median,0.9195319648075764,1020.0,0.9195319648075764,18.0
0.05988670854142565,nan,0.0,0.9648716864807335,0.9517617897469907,0.9517617897469907,,,1.0,0.9713050318090977,mse,0.6581395691941239,OGDVanilla,0.9210421806704959,1020.0,0.9210421806704959,18.0
0.06614295857635763,nan,0.0,0.9648716864807335,0.9517617897469907,0.9517617897469907,,,1.0,0.978998141439012,mse,0.6526166340922162,MWUMVanilla,0.9149662595589079,1020.0,0.9149662595589079,18.0
0.05971397785137645,0.10048646898038908,0.0,0.9648716864807335,0.9517617897469907,0.9517617897469907,,,1.0,0.9696877364368441,mse,0.6581912776844644,OGDBoth,0.9211637502762855,1020.0,0.9211637502762855,18.0
0.05698928533219826,5.541732892684439,0.0,0.9648716864807335,0.9517617897469907,0.9517617897469907,,,1.0,0.932676438449438,mse,0.6605993005145825,OGDConcOnly,0.9288732705287134,1020.0,0.9288732705287134,18.0
0.06530011236105601,0.025229140963787332,0.0,0.9648716864807335,0.9517617897469907,0.9517617897469907,,,1.0,0.9788222403235656,mse,0.652732293116163,MWUMBothKL,0.91477146741998,1020.0,0.91477146741998,18.0
0.05609234229413905,5.457379931612728,0.0,0.9648716864807335,0.9517617897469907,0.9517617897469907,,,1.0,0.9113446923499194,mse,0.659474710651754,MWUMConcOnlyKL,0.9270759669819383,1020.0,0.9270759669819383,18.0
0.056951997550653076,nan,0.0,0.9648716864807335,0.9517617897469907,0.9517617897469907,0.42745098039215684,4.0,1.0,0.9611111796229787,mse,0.660684564102651,RLRuleBandit,0.9258172962309488,1020.0,0.9258172962309488,18.0
0.31288932329117153,0.9596461017703993,0.0,0.9648716864807335,0.9517617897469907,0.9517617897469907,0.5205882352941177,1.4182058823529413,1.0,1.3707743142571742,mse,0.6958207793490606,RLKappaBandit,1.051025086858533,1020.0,1.051025086858533,18.0
0.055555555555555566,nan,9.0,3.1168732192413056,2.9640706679623308,2.9640706679623308,,,4.0,5.355434032462344,mse,1.2470804339791683,Mean,2.968921685905757,1020.0,2.968921685905757,18.0
nan,nan,9.0,3.1168732192413056,2.9640706679623308,2.9640706679623308,,,4.0,5.31858393472767,mse,1.2115059025415584,Median,2.9267920244181207,1020.0,2.9267920244181207,18.0
0.21423742439949597,nan,9.0,3.1168732192413056,2.9640706679623308,2.9640706679623308,,,4.0,4.040153160015172,mse,1.0466825350759503,OGDVanilla,2.2284235833831225,1020.0,2.2284235833831225,18.0
0.15183051206013606,nan,9.0,3.1168732192413056,2.9640706679623308,2.9640706679623308,,,4.0,5.155714517331043,mse,1.1960116264934255,MWUMVanilla,2.916316931637017,1020.0,2.916316931637017,18.0
0.13271725486405084,1.845609603649194,9.0,3.1168732192413056,2.9640706679623308,2.9640706679623308,,,4.0,3.8671804622204338,mse,1.0484860552930004,OGDBoth,2.2138800665702183,1020.0,2.2138800665702183,18.0
0.0827043796891174,1.8725548667190839,9.0,3.1168732192413056,2.9640706679623308,2.9640706679623308,,,4.0,3.4289793168408127,mse,1.0831762302646104,OGDConcOnly,2.2957140477892097,1020.0,2.2957140477892097,18.0
0.15574833639215274,0.7727775823948566,9.0,3.1168732192413056,2.9640706679623308,2.9640706679623308,,,4.0,6.902244287428804,mse,1.0376639845489861,MWUMBothKL,2.18870455557645,1020.0,2.18870455557645,18.0
0.25858772056708035,0.17944741855987825,9.0,3.1168732192413056,2.9640706679623308,2.9640706679623308,,,4.0,20.160339141102096,mse,1.0042493704045135,MWUMConcOnlyKL,2.1085502916833585,1020.0,2.1085502916833585,18.0
0.1705612446337143,nan,9.0,3.1168732192413056,2.9640706679623308,2.9640706679623308,0.5990196078431372,1.0,4.0,3.843559786536578,mse,1.1057875251342761,RLRuleBandit,2.467197909733328,1020.0,2.467197909733328,18.0
0.48097331241479063,0.3337089084967245,9.0,3.1168732192413056,2.9640706679623308,2.9640706679623308,0.058823529411764705,0.44910784313725494,4.0,132.03581505300596,mse,1.0130025495911237,RLKappaBandit,2.204660815818099,1020.0,2.204660815818099,18.0
0.055555555555555566,nan,9.0,5.961447362601359,3.573289785204791,3.573289785204791,,,8.0,12.86877514662462,mse,1.4833420289779973,Mean,4.14137065490184,1020.0,4.14137065490184,18.0
nan,nan,9.0,5.961447362601359,3.573289785204791,3.573289785204791,,,8.0,12.454558211231632,mse,1.382396639295305,Median,3.8700453580850733,1020.0,3.8700453580850733,18.0
0.19456575433935347,nan,9.0,5.961447362601359,3.573289785204791,3.573289785204791,,,8.0,6.630883869850186,mse,1.1785836943168821,OGDVanilla,2.838176611083825,1020.0,2.838176611083825,18.0
0.9788234499974671,nan,9.0,5.961447362601359,3.573289785204791,3.573289785204791,,,8.0,35.7690521176385,mse,1.3191385042048824,MWUMVanilla,3.6826996232152935,1020.0,3.6826996232152935,18.0
0.1857221881442947,0.1135714906432692,9.0,5.961447362601359,3.573289785204791,3.573289785204791,,,8.0,6.595932803900934,mse,1.176029414488739,OGDBoth,2.8254772531485086,1020.0,2.8254772531485086,18.0
0.09101730351078047,2.022434275079725,9.0,5.961447362601359,3.573289785204791,3.573289785204791,,,8.0,5.640602038327582,mse,1.2300980939828396,OGDConcOnly,2.9178277148143583,1020.0,2.9178277148143583,18.0
0.20522054245509203,0.7360601320931777,9.0,5.961447362601359,3.573289785204791,3.573289785204791,,,8.0,4.919703741761988,mse,1.1126154700895767,MWUMBothKL,2.570142784340562,1020.0,2.570142784340562,18.0
0.29493307889878645,0.17985460046388718,9.0,5.961447362601359,3.573289785204791,3.573289785204791,,,8.0,4.531757050254251,mse,1.0811176668013862,MWUMConcOnlyKL,2.4627595181727893,1020.0,2.4627595181727893,18.0
0.3370180308070636,nan,9.0,5.961447362601359,3.573289785204791,3.573289785204791,0.43333333333333335,1.0,8.0,15.71626788694862,mse,1.2437005484246288,RLRuleBandit,3.1883895147835055,1020.0,3.1883895147835055,18.0
0.19023037283267105,1.8046463015939138,9.0,5.961447362601359,3.573289785204791,3.573289785204791,0.903921568627451,2.5229117647058823,8.0,5.0978489011518935,mse,1.1431401529743712,RLKappaBandit,2.636613741645446,1020.0,2.636613741645446,18.0
0.055555555555555566,nan,0.0,7.699398232908248,1.0841660552429664,1.0841660552429664,,,1.0,6.126175629624484,mse,0.6831847002001069,Mean,1.0769743128804072,1020.0,1.0769743128804072,19.0
nan,nan,0.0,7.699398232908248,1.0841660552429664,1.0841660552429664,,,1.0,8.329380909573713,mse,0.6686218845478611,Median,1.0696020028809854,1020.0,1.0696020028809854,19.0
0.06243890714642119,nan,0.0,7.699398232908248,1.0841660552429664,1.0841660552429664,,,1.0,7.420888254371617,mse,0.674019825697495,OGDVanilla,1.0649657428276769,1020.0,1.0649657428276769,19.0
0.06673442872794724,nan,0.0,7.699398232908248,1.0841660552429664,1.0841660552429664,,,1.0,8.753679021564688,mse,0.6662181121343316,MWUMVanilla,1.0592825797008352,1020.0,1.0592825797008352,19.0
0.06202039411591484,0.09738472751727856,0.0,7.699398232908248,1.0841660552429664,1.0841660552429664,,,1.0,7.418151425855484,mse,0.6739411449898318,OGDBoth,1.0650423724688993,1020.0,1.0650423724688993,19.0
0.0574660126133193,5.370673138837483,0.0,7.699398232908248,1.0841660552429664,1.0841660552429664,,,1.0,2.115024204168416,mse,0.6756526684975247,OGDConcOnly,1.0722255109323402,1020.0,1.0722255109323402,19.0
0.06614544087595184,0.024450409753607596,0.0,7.699398232908248,1.0841660552429664,1.0841660552429664,,,1.0,8.80210532513719,mse,0.666044693614642,MWUMBothKL,1.059396419702801,1020.0,1.059396419702801,19.0
0.05666540475236407,5.288923948037704,0.0,7.699398232908248,1.0841660552429664,1.0841660552429664,,,1.0,7.932718700999299,mse,0.6751875015700931,MWUMConcOnlyKL,1.0925969712375931,1020.0,1.0925969712375931,19.0
0.05887013036519219,nan,0.0,7.699398232908248,1.0841660552429664,1.0841660552429664,0.43529411764705883,2.0,1.0,8.822535350788415,mse,0.6777565501096148,RLRuleBandit,1.0799186243983556,1020.0,1.0799186243983556,19.0
0.38654758744830947,0.19903111922872363,0.0,7.699398232908248,1.0841660552429664,1.0841660552429664,0.3980392156862745,0.289264705882353,1.0,8.293222263090293,mse,0.7229862498987676,RLKappaBandit,1.2539629161766828,1020.0,1.2539629161766828,19.0
0.055555555555555566,nan,9.0,170.99679326202326,3.4720159299994897,3.4720159299994897,,,4.0,859.3490479334171,mse,1.3014612073729737,Mean,3.5525243214794338,1020.0,3.5525243214794338,19.0
nan,nan,9.0,170.99679326202326,3.4720159299994897,3.4720159299994897,,,4.0,1089.6908806066667,mse,1.2655742419185767,Median,3.47961892676865,1020.0,3.47961892676865,19.0
0.22014155731617568,nan,9.0,170.99679326202326,3.4720159299994897,3.4720159299994897,,,4.0,5.55043532538308,mse,1.1184756968350296,OGDVanilla,2.6436900961362864,1020.0,2.6436900961362864,19.0
0.18620519559119908,nan,9.0,170.99679326202326,3.4720159299994897,3.4720159299994897,,,4.0,939.4409727767064,mse,1.261495317591896,MWUMVanilla,3.496942488899685,1020.0,3.496942488899685,19.0
0.13827581924265528,1.7886401652945851,9.0,170.99679326202326,3.4720159299994897,3.4720159299994897,,,4.0,5.4027764044324735,mse,1.1127407225648411,OGDBoth,2.6086499770656983,1020.0,2.6086499770656983,19.0
0.08602257464886592,1.8147536937808944,9.0,170.99679326202326,3.4720159299994897,3.4720159299994897,,,4.0,5.671954103679947,mse,1.1427970144546316,OGDConcOnly,2.6750668048079063,1020.0,2.6750668048079063,19.0
0.1620900331281813,0.748923853177523,9.0,170.99679326202326,3.4720159299994897,3.4720159299994897,,,4.0,18.845401886627748,mse,1.095817664783783,MWUMBothKL,2.586796445210661,1020.0,2.586796445210661,19.0
0.2663944488512155,0.17390834507491013,9.0,170.99679326202326,3.4720159299994897,3.4720159299994897,,,4.0,4.918777963565973,mse,1.0557597980055147,MWUMConcOnlyKL,2.395448708377213,1020.0,2.395448708377213,19.0
0.12127602361172954,nan,9.0,170.99679326202326,3.4720159299994897,3.4720159299994897,0.49901960784313726,4.0,4.0,11279.527339436907,mse,1.205335740934364,RLRuleBandit,3.3732645486921182,1020.0,3.3732645486921182,19.0
0.3103528217970952,0.4922877954053586,9.0,170.99679326202326,3.4720159299994897,3.4720159299994897,0.7754901960784314,0.7256666666666666,4.0,5.159720484483058,mse,1.0724856630237722,RLKappaBandit,2.4666318875049624,1020.0,2.4666318875049624,19.0
0.055555555555555566,nan,9.0,52.650620781440225,4.625362556830441,4.625362556830441,,,8.0,9811.35577852533,mse,1.5826719072440911,Mean,5.169180332312033,1020.0,5.169180332312033,19.0
nan,nan,9.0,52.650620781440225,4.625362556830441,4.625362556830441,,,8.0,2665.170187741135,mse,1.519870778985395,Median,4.927419300991116,1020.0,4.927419300991116,19.0
0.18769042921484186,nan,9.0,52.650620781440225,4.625362556830441,4.625362556830441,,,8.0,7.939349071368123,mse,1.301567733692136,OGDVanilla,3.6208623754925098,1020.0,3.6208623754925098,19.0
0.989357467822414,nan,9.0,52.650620781440225,4.625362556830441,4.625362556830441,,,8.0,53.24593683793521,mse,1.4665583015016244,MWUMVanilla,4.663962732596044,1020.0,4.663962732596044,19.0
0.1807521910307347,0.11006584646020047,9.0,52.650620781440225,4.625362556830441,4.625362556830441,,,8.0,7.908525283699857,mse,1.2993889834301449,OGDBoth,3.6124124604353205,1020.0,3.6124124604353205,19.0
0.09963159197845607,1.9600066901827138,9.0,52.650620781440225,4.625362556830441,4.625362556830441,,,8.0,12.63124501808579,mse,1.3558315616680923,OGDConcOnly,3.7734924526675617,1020.0,3.7734924526675617,19.0
0.21861767011838382,0.7133397810565504,9.0,52.650620781440225,4.625362556830441,4.625362556830441,,,8.0,7.068702948894545,mse,1.2175388603552413,MWUMBothKL,3.250310886811957,1020.0,3.250310886811957,19.0
0.31489768246228617,0.17430295826617373,9.0,52.650620781440225,4.625362556830441,4.625362556830441,,,8.0,14.313466470225741,mse,1.2058710327295066,MWUMConcOnlyKL,3.296352062296595,1020.0,3.296352062296595,19.0
0.190958944806239,nan,9.0,52.650620781440225,4.625362556830441,4.625362556830441,0.7892156862745098,5.0,8.0,40290.85113320803,mse,1.327495024045613,RLRuleBandit,4.171351857800513,1020.0,4.171351857800513,19.0
0.6077071170209927,0.5600790731474996,9.0,52.650620781440225,4.625362556830441,4.625362556830441,0.34019607843137256,0.7632745098039215,8.0,16.888358631448728,mse,1.2272581595358931,RLKappaBandit,3.376819071261207,1020.0,3.376819071261207,19.0
0.055555555555555566,nan,9.0,0.599372762998006,0.8156565043021773,0.8156565043021773,,,1.0,0.6161681830092135,mse,0.6059110837947965,Mean,0.7970974086492731,1020.0,0.7970974086492731,20.0
nan,nan,9.0,0.599372762998006,0.8156565043021773,0.8156565043021773,,,1.0,0.6246823234224083,mse,0.5984173112906224,Median,0.7895097507739581,1020.0,0.7895097507739581,20.0
0.059913862326738676,nan,9.0,0.599372762998006,0.8156565043021773,0.8156565043021773,,,1.0,0.6031706039699962,mse,0.6002603701263765,OGDVanilla,0.7857899483269993,1020.0,0.7857899483269993,20.0
0.06533478589204526,nan,9.0,0.599372762998006,0.8156565043021773,0.8156565043021773,,,1.0,0.6083103910752683,mse,0.5985931748964497,MWUMVanilla,0.7835527723975358,1020.0,0.7835527723975358,20.0
0.059698483389151985,0.09432150731675537,9.0,0.599372762998006,0.8156565043021773,0.8156565043021773,,,1.0,0.6034128437138901,mse,0.6003213139485406,OGDBoth,0.7859120704649187,1020.0,0.7859120704649187,20.0
0.056770943333613835,5.201737816628183,9.0,0.599372762998006,0.8156565043021773,0.8156565043021773,,,1.0,0.6186965827106018,mse,0.6035648909784417,OGDConcOnly,0.7974424786179333,1020.0,0.7974424786179333,20.0
0.06477987891102154,0.023681349790947707,9.0,0.599372762998006,0.8156565043021773,0.8156565043021773,,,1.0,0.6084606181409518,mse,0.5986536989690509,MWUMBothKL,0.7833763410639943,1020.0,0.7833763410639943,20.0
0.05604033239201919,5.122560059260031,9.0,0.599372762998006,0.8156565043021773,0.8156565043021773,,,1.0,0.6110321872355046,mse,0.6013493280748697,MWUMConcOnlyKL,0.7905765526590549,1020.0,0.7905765526590549,20.0
0.057096862094773895,nan,9.0,0.599372762998006,0.8156565043021773,0.8156565043021773,0.32745098039215687,6.0,1.0,0.610599556680902,mse,0.6039855039984834,RLRuleBandit,0.7935308800377261,1020.0,0.7935308800377261,20.0
0.32222070398660696,1.42364894770987,9.0,0.599372762998006,0.8156565043021773,0.8156565043021773,0.3656862745098039,2.204441176470588,1.0,0.7387987803908439,mse,0.6487851679473899,RLKappaBandit,0.9104878413224068,1020.0,0.9104878413224068,20.0
0.055555555555555566,nan,9.0,4.358408678702956,2.6659102129056538,2.6659102129056538,,,4.0,4.501617818122499,mse,1.184802206505361,Mean,2.7678930652218368,1020.0,2.7678930652218368,20.0
nan,nan,9.0,4.358408678702956,2.6659102129056538,2.6659102129056538,,,4.0,4.676514726591695,mse,1.1547646817234645,Median,2.7485593446071186,1020.0,2.7485593446071186,20.0
0.21423763234358836,nan,9.0,4.358408678702956,2.6659102129056538,2.6659102129056538,,,4.0,3.980947974085643,mse,1.0368228306499718,OGDVanilla,2.143300932538872,1020.0,2.143300932538872,20.0
0.20990154003197276,nan,9.0,4.358408678702956,2.6659102129056538,2.6659102129056538,,,4.0,4.37042656069135,mse,1.1406257647626765,MWUMVanilla,2.6871358891562127,1020.0,2.6871358891562127,20.0
0.1314917160144084,1.7323782439011453,9.0,4.358408678702956,2.6659102129056538,2.6659102129056538,,,4.0,3.8027276892620177,mse,1.0227770290905973,OGDBoth,2.106371312241401,1020.0,2.106371312241401,20.0
0.08151067962547158,1.7576703673128538,9.0,4.358408678702956,2.6659102129056538,2.6659102129056538,,,4.0,2.9703459437671604,mse,1.0338075672078482,OGDConcOnly,2.151174585570235,1020.0,2.151174585570235,20.0
0.15806424210088618,0.7253663690785517,9.0,4.358408678702956,2.6659102129056538,2.6659102129056538,,,4.0,3.1761534842466856,mse,1.005114534496884,MWUMBothKL,2.0366371996726853,1020.0,2.0366371996726853,20.0
0.25333173309430534,0.16843806265674838,9.0,4.358408678702956,2.6659102129056538,2.6659102129056538,,,4.0,2.907940962227459,mse,0.9657993529982165,MWUMConcOnlyKL,1.9295009593527728,1020.0,1.9295009593527728,20.0
0.10244738169466067,nan,9.0,4.358408678702956,2.6659102129056538,2.6659102129056538,0.6647058823529411,4.0,4.0,4.307199717512871,mse,1.0897269352908536,RLRuleBandit,2.4293317228330427,1020.0,2.4293317228330427,20.0
0.3022006389936282,1.0054627286114397,9.0,4.358408678702956,2.6659102129056538,2.6659102129056538,0.8303921568627451,1.5785000000000002,4.0,2.9601099872339276,mse,0.9972838904445014,RLKappaBandit,2.031222943144241,1020.0,2.031222943144241,20.0
0.055555555555555566,nan,9.0,11.952086407831649,3.203750069639082,3.203750069639082,,,8.0,25.338288153920917,mse,1.394122110917317,Mean,3.81148095266266,1020.0,3.81148095266266,20.0
nan,nan,9.0,11.952086407831649,3.203750069639082,3.203750069639082,,,8.0,14.466932836443581,mse,1.3158439112641245,Median,3.5326488994411513,1020.0,3.5326488994411513,20.0
0.17062748549996415,nan,9.0,11.952086407831649,3.203750069639082,3.203750069639082,,,8.0,6.869983056502045,mse,1.1431411685682527,OGDVanilla,2.736236361279203,1020.0,2.736236361279203,20.0
0.9792943413046336,nan,9.0,11.952086407831649,3.203750069639082,3.203750069639082,,,8.0,11.955371796561217,mse,1.2377538579572853,MWUMVanilla,3.222839122422043,1020.0,3.222839122422043,20.0
0.16525375077448184,0.10660373970335499,9.0,11.952086407831649,3.203750069639082,3.203750069639082,,,8.0,6.811725020793106,mse,1.140240437767504,OGDBoth,2.7250143041168418,1020.0,2.7250143041168418,20.0
0.08952343282896782,1.8983544082627923,9.0,11.952086407831649,3.203750069639082,3.203750069639082,,,8.0,7.031679808355091,mse,1.1637160625995215,OGDConcOnly,2.7375711997951813,1020.0,2.7375711997951813,20.0
0.20143858364189243,0.6909015994459593,9.0,11.952086407831649,3.203750069639082,3.203750069639082,,,8.0,5.539571686455587,mse,1.070239328423074,MWUMBothKL,2.4051196067310157,1020.0,2.4051196067310157,20.0
0.2957268869882266,0.16882026322909002,9.0,11.952086407831649,3.203750069639082,3.203750069639082,,,8.0,5.549924891059751,mse,1.0487829898822076,MWUMConcOnlyKL,2.3388275108405323,1020.0,2.3388275108405323,20.0
0.06341836246734657,nan,9.0,11.952086407831649,3.203750069639082,3.203750069639082,0.8392156862745098,0.0,8.0,24.69452349388207,mse,1.3548951924045816,RLRuleBandit,3.6272004165703358,1020.0,3.6272004165703358,20.0
0.6061913274942321,0.05644967199720889,9.0,11.952086407831649,3.203750069639082,3.203750069639082,0.03235294117647059,0.08241176470588235,8.0,5.521882067482896,mse,1.0708779781092816,RLKappaBandit,2.4216182566601985,1020.0,2.4216182566601985,20.0
0.055555555555555566,nan,4.0,0.6282239732631468,0.8436141966390285,0.8436141966390285,,,1.0,0.6107439929716382,mse,0.6154987752659397,Mean,0.8111088827700673,1020.0,0.8111088827700673,21.0
nan,nan,4.0,0.6282239732631468,0.8436141966390285,0.8436141966390285,,,1.0,0.623996512333397,mse,0.6019438064834575,Median,0.798220183140435,1020.0,0.798220183140435,21.0
0.060688450969427855,nan,4.0,0.6282239732631468,0.8436141966390285,0.8436141966390285,,,1.0,0.6239417095504786,mse,0.607558401119541,OGDVanilla,0.7964710965073187,1020.0,0.7964710965073187,21.0
0.06657391316575584,nan,4.0,0.6282239732631468,0.8436141966390285,0.8436141966390285,,,1.0,0.6347842055580384,mse,0.6071805379349605,MWUMVanilla,0.7955341745479705,1020.0,0.7955341745479705,21.0
0.06041689922947497,0.09645459263146046,4.0,0.6282239732631468,0.8436141966390285,0.8436141966390285,,,1.0,0.6235011972427554,mse,0.6075264257715929,OGDBoth,0.7965741231785655,1020.0,0.7965741231785655,21.0
0.056689068835793846,5.319376586076779,4.0,0.6282239732631468,0.8436141966390285,0.8436141966390285,,,1.0,0.6224614450788805,mse,0.6082825023669961,OGDConcOnly,0.7993603610767407,1020.0,0.7993603610767407,21.0
0.06608009761771798,0.024216887690638126,4.0,0.6282239732631468,0.8436141966390285,0.8436141966390285,,,1.0,0.6346470366203303,mse,0.607045312214512,MWUMBothKL,0.7953540931511422,1020.0,0.7953540931511422,21.0
0.05603733114290222,5.238408201025444,4.0,0.6282239732631468,0.8436141966390285,0.8436141966390285,,,1.0,0.6195806546221992,mse,0.6078227556339449,MWUMConcOnlyKL,0.8012020188742701,1020.0,0.8012020188742701,21.0
0.06080959028157963,nan,4.0,0.6282239732631468,0.8436141966390285,0.8436141966390285,0.48823529411764705,5.0,1.0,0.6133462191941295,mse,0.6059046200027335,RLRuleBandit,0.7951074337457683,1020.0,0.7951074337457683,21.0
0.0966321695463288,1.568893474242127,4.0,0.6282239732631468,0.8436141966390285,0.8436141966390285,0.9352941176470588,2.2997745098039215,1.0,0.7744258736124733,mse,0.619760223941047,RLKappaBandit,0.8537094356483582,1020.0,0.8537094356483582,21.0
0.055555555555555566,nan,9.0,2.466568997321324,2.6067083005713108,2.6067083005713108,,,4.0,2.771997762086854,mse,1.1466208023912685,Mean,2.5805870710372765,1020.0,2.5805870710372765,21.0
nan,nan,9.0,2.466568997321324,2.6067083005713108,2.6067083005713108,,,4.0,2.8852886073905504,mse,1.1259756493021627,Median,2.583483554579351,1020.0,2.583483554579351,21.0
0.19048304705573157,nan,9.0,2.466568997321324,2.6067083005713108,2.6067083005713108,,,4.0,1.651724248508463,mse,0.9864452743174975,OGDVanilla,2.0229240207542456,1020.0,2.0229240207542456,21.0
0.23390650574797445,nan,9.0,2.466568997321324,2.6067083005713108,2.6067083005713108,,,4.0,2.8774998656083985,mse,1.123995401899547,MWUMVanilla,2.6172373146025723,1020.0,2.6172373146025723,21.0
0.12392749164388894,1.7715564519453928,9.0,2.466568997321324,2.6067083005713108,2.6067083005713108,,,4.0,1.6383392960622936,mse,0.9789015370566305,OGDBoth,2.007540763516568,1020.0,2.007540763516568,21.0
0.0800431695594763,1.7974205639793215,9.0,2.466568997321324,2.6067083005713108,2.6067083005713108,,,4.0,1.7949187643086424,mse,1.0115223057318532,OGDConcOnly,2.0927711390859693,1020.0,2.0927711390859693,21.0
0.14653064555892223,0.7417707148628774,9.0,2.466568997321324,2.6067083005713108,2.6067083005713108,,,4.0,1.5575099499234348,mse,0.9765724989914634,MWUMBothKL,1.969416420082278,1020.0,1.969416420082278,21.0
0.2367871510547132,0.17224731511972097,9.0,2.466568997321324,2.6067083005713108,2.6067083005713108,,,4.0,1.5591951188610491,mse,0.956957634922214,MWUMConcOnlyKL,1.9162685738783924,1020.0,1.9162685738783924,21.0
0.17987599930416268,nan,9.0,2.466568997321324,2.6067083005713108,2.6067083005713108,0.9019607843137255,1.0,4.0,1.6437727653531282,mse,0.9944205101278661,RLRuleBandit,2.059934539081035,1020.0,2.059934539081035,21.0
0.18265245886759843,0.8618348049140995,9.0,2.466568997321324,2.6067083005713108,2.6067083005713108,0.9558823529411765,1.2463039215686276,4.0,1.5308915505078737,mse,0.9658488562936506,RLKappaBandit,1.9289159013187416,1020.0,1.9289159013187416,21.0
0.055555555555555566,nan,0.0,6.0033177338254555,3.4597785873102973,3.4597785873102973,,,8.0,4.907807309300703,mse,1.3277524624429125,Mean,3.5952859475979704,1020.0,3.5952859475979704,21.0
nan,nan,0.0,6.0033177338254555,3.4597785873102973,3.4597785873102973,,,8.0,5.277871984559937,mse,1.2868543024125385,Median,3.5206214318735616,1020.0,3.5206214318735616,21.0
0.17667931753711888,nan,0.0,6.0033177338254555,3.4597785873102973,3.4597785873102973,,,8.0,2.370936543776439,mse,1.1061775912707212,OGDVanilla,2.6759783956435266,1020.0,2.6759783956435266,21.0
0.9801791205548164,nan,0.0,6.0033177338254555,3.4597785873102973,3.4597785873102973,,,8.0,6.526050047276363,mse,1.2608026624959505,MWUMVanilla,3.4660036395728726,1020.0,3.4660036395728726,21.0
0.16893579251460517,0.10901459122480521,0.0,6.0033177338254555,3.4597785873102973,3.4597785873102973,,,8.0,2.394323171800959,mse,1.1056429248406292,OGDBoth,2.677627855901035,1020.0,2.677627855901035,21.0
0.08907539242403802,1.941286214849528,0.0,6.0033177338254555,3.4597785873102973,3.4597785873102973,,,8.0,2.8214920284231395,mse,1.1533998126600908,OGDConcOnly,2.833281798887611,1020.0,2.833281798887611,21.0
0.1806070177705922,0.7065265145839774,0.0,6.0033177338254555,3.4597785873102973,3.4597785873102973,,,8.0,1.9974528433417564,mse,1.0568244943379153,MWUMBothKL,2.5222310639102887,1020.0,2.5222310639102887,21.0
0.2715289132090427,0.1726381592675832,0.0,6.0033177338254555,3.4597785873102973,3.4597785873102973,,,8.0,3.8328227186711055,mse,1.042210640021754,MWUMConcOnlyKL,2.5453215830556695,1020.0,2.5453215830556695,21.0
0.9144600234613354,nan,0.0,6.0033177338254555,3.4597785873102973,3.4597785873102973,0.9176470588235294,2.0,8.0,5.683831025269702,mse,1.2568124931185325,RLRuleBandit,3.452371463866649,1020.0,3.452371463866649,21.0
0.285399870531874,0.5626440013800864,0.0,6.0033177338254555,3.4597785873102973,3.4597785873102973,0.8392156862745098,0.8389607843137254,8.0,3.5307988099912517,mse,1.0498189586118052,RLKappaBandit,2.548698795653534,1020.0,2.548698795653534,21.0
0.055555555555555566,nan,3.0,1.6254721183773595,1.0146381981753019,1.0146381981753019,,,1.0,1.2785236357588727,mse,0.6579391086055356,Mean,0.9942925123092733,1020.0,0.9942925123092733,22.0
nan,nan,3.0,1.6254721183773595,1.0146381981753019,1.0146381981753019,,,1.0,1.5126580825989475,mse,0.637300959483376,Median,0.9812952233047392,1020.0,0.9812952233047392,22.0
0.06173706563875128,nan,3.0,1.6254721183773595,1.0146381981753019,1.0146381981753019,,,1.0,1.5527441078992283,mse,0.6444763563151306,OGDVanilla,0.9859245155680976,1020.0,0.9859245155680976,22.0
0.07261497096375867,nan,3.0,1.6254721183773595,1.0146381981753019,1.0146381981753019,,,1.0,1.5949581517702789,mse,0.6340310041882771,MWUMVanilla,0.9820671820667483,1020.0,0.9820671820667483,22.0
0.06130208392650024,0.0990473080510853,3.0,1.6254721183773595,1.0146381981753019,1.0146381981753019,,,1.0,1.5523689641117389,mse,0.6446415667802015,OGDBoth,0.986167362499448,1020.0,0.986167362499448,22.0
0.05773226108784497,5.462363764973202,3.0,1.6254721183773595,1.0146381981753019,1.0146381981753019,,,1.0,1.5798169311513022,mse,0.6495348580887708,OGDConcOnly,0.9970667965135174,1020.0,0.9970667965135174,22.0
0.07054863385742559,0.024867821509716448,3.0,1.6254721183773595,1.0146381981753019,1.0146381981753019,,,1.0,1.5933356064753363,mse,0.6341485852368396,MWUMBothKL,0.981000338831501,1020.0,0.981000338831501,22.0
0.056368209596485065,5.379218913761328,3.0,1.6254721183773595,1.0146381981753019,1.0146381981753019,,,1.0,1.5028013664311992,mse,0.6490262162694775,MWUMConcOnlyKL,0.9953571120769572,1020.0,0.9953571120769572,22.0
0.05922431283903236,nan,3.0,1.6254721183773595,1.0146381981753019,1.0146381981753019,0.3686274509803922,2.0,1.0,1.3065470095945388,mse,0.6459746452237661,RLRuleBandit,0.9794126142106271,1020.0,0.9794126142106271,22.0
0.2411708590141604,1.4417401126519276,3.0,1.6254721183773595,1.0146381981753019,1.0146381981753019,0.5196078431372549,2.3340784313725487,1.0,2.4338828376777797,mse,0.6620173641238299,RLKappaBandit,1.1108181490159794,1020.0,1.1108181490159794,22.0
0.055555555555555566,nan,9.0,6.114111139303095,3.393452712567961,3.393452712567961,,,4.0,9.185199919287392,mse,1.3208977104649626,Mean,3.393453503309875,1020.0,3.393453503309875,22.0
nan,nan,9.0,6.114111139303095,3.393452712567961,3.393452712567961,,,4.0,8.933457910486657,mse,1.2877407450324583,Median,3.4005521646086234,1020.0,3.4005521646086234,22.0
0.22691171244379035,nan,9.0,6.114111139303095,3.393452712567961,3.393452712567961,,,4.0,4.5753996519760065,mse,1.0957849356554905,OGDVanilla,2.4550639378664822,1020.0,2.4550639378664822,22.0
0.40224526555396173,nan,9.0,6.114111139303095,3.393452712567961,3.393452712567961,,,4.0,6.947288831559847,mse,1.2688952822856743,MWUMVanilla,3.439071939020786,1020.0,3.439071939020786,22.0
0.14848664463923492,1.8191766495105497,9.0,6.114111139303095,3.393452712567961,3.393452712567961,,,4.0,4.172078402054749,mse,1.0800363140750318,OGDBoth,2.413575566368511,1020.0,2.413575566368511,22.0
0.08870209039856732,1.845736000366131,9.0,6.114111139303095,3.393452712567961,3.393452712567961,,,4.0,4.041382663559963,mse,1.1116734484176896,OGDConcOnly,2.495433935677937,1020.0,2.495433935677937,22.0
0.18148562240221097,0.7617098143309924,9.0,6.114111139303095,3.393452712567961,3.393452712567961,,,4.0,3.904352270661584,mse,1.06704433359095,MWUMBothKL,2.3561429547263573,1020.0,2.3561429547263573,22.0
0.2791300308594424,0.17687737259089073,9.0,6.114111139303095,3.393452712567961,3.393452712567961,,,4.0,3.8370418137343845,mse,1.0253608538499186,MWUMConcOnlyKL,2.2272438146807283,1020.0,2.2272438146807283,22.0
0.11463993387149415,nan,9.0,6.114111139303095,3.393452712567961,3.393452712567961,0.4696078431372549,4.0,4.0,5.057701146245174,mse,1.1559960031715353,RLRuleBandit,2.795036778841346,1020.0,2.795036778841346,22.0
0.24389270968250915,1.5074074648597813,9.0,6.114111139303095,3.393452712567961,3.393452712567961,0.9343137254901961,2.0061568627450983,4.0,3.8013710924470723,mse,1.056813244884089,RLKappaBandit,2.3356760665544325,1020.0,2.3356760665544325,22.0
0.055555555555555566,nan,9.0,11.120464159576112,4.358379187011767,4.358379187011767,,,8.0,12.972992467857779,mse,1.622685026450292,Mean,4.98744522305864,1020.0,4.98744522305864,22.0
nan,nan,9.0,11.120464159576112,4.358379187011767,4.358379187011767,,,8.0,12.774669058864554,mse,1.5412474917710641,Median,4.845433903078757,1020.0,4.845433903078757,22.0
0.1898103768421748,nan,9.0,11.120464159576112,4.358379187011767,4.358379187011767,,,8.0,6.578461743096479,mse,1.281276819341051,OGDVanilla,3.41085286180901,1020.0,3.41085286180901,22.0
0.9947656419290907,nan,9.0,11.120464159576112,4.358379187011767,4.358379187011767,,,8.0,9.282419023819283,mse,1.4335898631128845,MWUMVanilla,4.415892188672504,1020.0,4.415892188672504,22.0
0.18563768549120643,0.11194492498642233,9.0,11.120464159576112,4.358379187011767,4.358379187011767,,,8.0,6.57573591898137,mse,1.277521370372187,OGDBoth,3.3965860966712795,1020.0,3.3965860966712795,22.0
0.09918068876126468,1.9934688238443168,9.0,11.120464159576112,4.358379187011767,4.358379187011767,,,8.0,8.618974729638492,mse,1.3561366014146483,OGDConcOnly,3.6371500168324813,1020.0,3.6371500168324813,22.0
0.22770457238843686,0.7255182342912928,9.0,11.120464159576112,4.358379187011767,4.358379187011767,,,8.0,5.91945528278693,mse,1.212065319165683,MWUMBothKL,3.077152905925476,1020.0,3.077152905925476,22.0
0.3237912061754138,0.1772787228030808,9.0,11.120464159576112,4.358379187011767,4.358379187011767,,,8.0,7.903037712951803,mse,1.1925108633081876,MWUMConcOnlyKL,3.0929027799867623,1020.0,3.0929027799867623,22.0
0.19925897548399962,nan,9.0,11.120464159576112,4.358379187011767,4.358379187011767,0.8980392156862745,1.0,8.0,9.10887437432375,mse,1.331305095047968,RLRuleBandit,3.844906796420594,1020.0,3.844906796420594,22.0
0.4625783017776984,0.5421934212078096,9.0,11.120464159576112,4.358379187011767,4.358379187011767,0.6637254901960784,0.7023921568627451,8.0,6.341675825472489,mse,1.2228956500225057,RLKappaBandit,3.2011520689355577,1020.0,3.2011520689355577,22.0
0.055555555555555566,nan,1.0,0.7526086999277236,0.9646914608326436,0.9646914608326436,,,1.0,0.8114905506085761,mse,0.6784100893911588,Mean,0.9639371479507425,1020.0,0.9639371479507425,23.0
nan,nan,1.0,0.7526086999277236,0.9646914608326436,0.9646914608326436,,,1.0,0.8160696135185628,mse,0.665866387083544,Median,0.953563179517654,1020.0,0.953563179517654,23.0
0.059767117030469843,nan,1.0,0.7526086999277236,0.9646914608326436,0.9646914608326436,,,1.0,0.8667919718568305,mse,0.6690090545612652,OGDVanilla,0.9571082303661468,1020.0,0.9571082303661468,23.0
0.07041489146836345,nan,1.0,0.7526086999277236,0.9646914608326436,0.9646914608326436,,,1.0,0.836834718337717,mse,0.6624061160244638,MWUMVanilla,0.9505163179594763,1020.0,0.9505163179594763,23.0
0.05951263228912418,0.09626912490110598,1.0,0.7526086999277236,0.9646914608326436,0.9646914608326436,,,1.0,0.8662804438914131,mse,0.6691487364928433,OGDBoth,0.9571805045119993,1020.0,0.9571805045119993,23.0
0.05807396605396229,5.3091481177539634,1.0,0.7526086999277236,0.9646914608326436,0.9646914608326436,,,1.0,0.8661754952757501,mse,0.6692252428978541,OGDConcOnly,0.9536647127319574,1020.0,0.9536647127319574,23.0
0.06914986939131539,0.024170323683990264,1.0,0.7526086999277236,0.9646914608326436,0.9646914608326436,,,1.0,0.8376968566336057,mse,0.6622848434708477,MWUMBothKL,0.9500206435387629,1020.0,0.9500206435387629,23.0
0.05652131044544151,5.228335424390166,1.0,0.7526086999277236,0.9646914608326436,0.9646914608326436,,,1.0,0.8675155124503817,mse,0.6721811431068841,MWUMConcOnlyKL,0.9597872676250079,1020.0,0.9597872676250079,23.0
0.05760220366388963,nan,1.0,0.7526086999277236,0.9646914608326436,0.9646914608326436,0.3686274509803922,5.0,1.0,0.8480772549538217,mse,0.6711526096130006,RLRuleBandit,0.9527432788230233,1020.0,0.9527432788230233,23.0
0.16431484123175705,1.6409997985472826,1.0,0.7526086999277236,0.9646914608326436,0.9646914608326436,0.8382352941176471,2.327637254901961,1.0,1.1456266141646665,mse,0.6781107001659212,RLKappaBandit,1.0131117406205568,1020.0,1.0131117406205568,23.0
0.055555555555555566,nan,1.0,6.892913125769594,3.18107424582634,3.18107424582634,,,4.0,7.160631791395887,mse,1.3230663881071847,Mean,3.272290051749863,1020.0,3.272290051749863,23.0
nan,nan,1.0,6.892913125769594,3.18107424582634,3.18107424582634,,,4.0,7.135438742519561,mse,1.311506689232252,Median,3.2930421137979553,1020.0,3.2930421137979553,23.0
0.22901345282374175,nan,1.0,6.892913125769594,3.18107424582634,3.18107424582634,,,4.0,3.2365674209942354,mse,1.087101738974874,OGDVanilla,2.3404722344991407,1020.0,2.3404722344991407,23.0
0.20112859548927667,nan,1.0,6.892913125769594,3.18107424582634,3.18107424582634,,,4.0,6.20372487571366,mse,1.2865005556334626,MWUMVanilla,3.1991032052038695,1020.0,3.1991032052038695,23.0
0.1480964705222688,1.768149980917146,1.0,6.892913125769594,3.18107424582634,3.18107424582634,,,4.0,3.145731622831127,mse,1.0806137088958794,OGDBoth,2.3175169051547395,1020.0,2.3175169051547395,23.0
0.08966069595847452,1.7939643596231012,1.0,6.892913125769594,3.18107424582634,3.18107424582634,,,4.0,3.105449842204282,mse,1.1385643303218942,OGDConcOnly,2.443558647487411,1020.0,2.443558647487411,23.0
0.18286518210566954,0.7403443880490391,1.0,6.892913125769594,3.18107424582634,3.18107424582634,,,4.0,3.217889131981907,mse,1.088691976521606,MWUMBothKL,2.3333534684879886,1020.0,2.3333534684879886,23.0
0.29358450332918706,0.17191610782867436,1.0,6.892913125769594,3.18107424582634,3.18107424582634,,,4.0,3.325709190444747,mse,1.0510405814562327,MWUMConcOnlyKL,2.204756403852029,1020.0,2.204756403852029,23.0
0.11783518620731954,nan,1.0,6.892913125769594,3.18107424582634,3.18107424582634,0.4372549019607843,3.0,4.0,4.571974576704083,mse,1.211725611102518,RLRuleBandit,2.924146009419576,1020.0,2.924146009419576,23.0
0.5608201687728108,0.7070155920896367,1.0,6.892913125769594,3.18107424582634,3.18107424582634,0.3627450980392157,0.9665294117647057,4.0,3.304467821312589,mse,1.0721802083487475,RLKappaBandit,2.2834394227199444,1020.0,2.2834394227199444,23.0
0.055555555555555566,nan,1.0,12.611818664020326,3.8982892286178146,3.8982892286178146,,,8.0,20.460327756437614,mse,1.5214079649840109,Mean,4.344304541629491,1020.0,4.344304541629491,23.0
nan,nan,1.0,12.611818664020326,3.8982892286178146,3.8982892286178146,,,8.0,15.82531581636155,mse,1.4815613983224658,Median,4.209303739407901,1020.0,4.209303739407901,23.0
0.18555885365783273,nan,1.0,12.611818664020326,3.8982892286178146,3.8982892286178146,,,8.0,8.993835383736725,mse,1.221684681451899,OGDVanilla,3.0904394537584845,1020.0,3.0904394537584845,23.0
0.9704727887830038,nan,1.0,12.611818664020326,3.8982892286178146,3.8982892286178146,,,8.0,11.255850023407246,mse,1.4320209975099998,MWUMVanilla,3.952081416378981,1020.0,3.952081416378981,23.0
0.18142280274723238,0.10880497224856336,1.0,12.611818664020326,3.8982892286178146,3.8982892286178146,,,8.0,9.025205887902993,mse,1.2184204555621847,OGDBoth,3.0779358383943958,1020.0,3.0779358383943958,23.0
0.09701069713557849,1.9375533755332723,1.0,12.611818664020326,3.8982892286178146,3.8982892286178146,,,8.0,7.213962762266415,mse,1.28310213485506,OGDConcOnly,3.1676664356064173,1020.0,3.1676664356064173,23.0
0.2190425330918344,0.7051679577894359,1.0,12.611818664020326,3.8982892286178146,3.8982892286178146,,,8.0,7.961603800986184,mse,1.1591736292159758,MWUMBothKL,2.8198127631147574,1020.0,2.8198127631147574,23.0
0.3145362136960303,0.17230620043400668,1.0,12.611818664020326,3.8982892286178146,3.8982892286178146,,,8.0,7.165853915114665,mse,1.1365929524656893,MWUMConcOnlyKL,2.6869941254930154,1020.0,2.6869941254930154,23.0
0.28901009899702224,nan,1.0,12.611818664020326,3.8982892286178146,3.8982892286178146,0.43823529411764706,6.0,8.0,13.327065360541711,mse,1.3082955357937331,RLRuleBandit,3.5250267845330403,1020.0,3.5250267845330403,23.0
0.4343747479954722,1.5046403885932138,1.0,12.611818664020326,3.8982892286178146,3.8982892286178146,0.4931372549019608,2.486245098039216,8.0,11.450508298861928,mse,1.191007353238652,RLKappaBandit,2.8893118736044157,1020.0,2.8893118736044157,23.0
0.055555555555555566,nan,1.0,0.9460553976134809,1.025117266037745,1.025117266037745,,,1.0,0.9084148042903716,mse,0.6801449840093217,Mean,0.996211837634677,1020.0,0.996211837634677,24.0
nan,nan,1.0,0.9460553976134809,1.025117266037745,1.025117266037745,,,1.0,1.0081839220995106,mse,0.6668773432936296,Median,0.991803809110135,1020.0,0.991803809110135,24.0
0.060207484380399974,nan,1.0,0.9460553976134809,1.025117266037745,1.025117266037745,,,1.0,1.010247159782303,mse,0.6739407095655925,OGDVanilla,0.993676574025979,1020.0,0.993676574025979,24.0
0.06616171434781491,nan,1.0,0.9460553976134809,1.025117266037745,1.025117266037745,,,1.0,1.028182464867141,mse,0.6662494677918039,MWUMVanilla,0.9872458201017525,1020.0,0.9872458201017525,24.0
0.0599085140000735,0.09403708919076395,1.0,0.9460553976134809,1.025117266037745,1.025117266037745,,,1.0,1.011118150056526,mse,0.673913084524343,OGDBoth,0.9939108827926356,1020.0,0.9939108827926356,24.0
0.05811718720812972,5.186052275070213,1.0,0.9460553976134809,1.025117266037745,1.025117266037745,,,1.0,1.099493085645097,mse,0.676926758874158,OGDConcOnly,1.007187732886559,1020.0,1.007187732886559,24.0
0.06563656965991246,0.023609943042808147,1.0,0.9460553976134809,1.025117266037745,1.025117266037745,,,1.0,1.0285380768214312,mse,0.6662736568385279,MWUMBothKL,0.9873569125435326,1020.0,0.9873569125435326,24.0
0.056527947271534484,5.1071132737267195,1.0,0.9460553976134809,1.025117266037745,1.025117266037745,,,1.0,1.0612604903742597,mse,0.6765659031872143,MWUMConcOnlyKL,1.0072315007019101,1020.0,1.0072315007019101,24.0
0.05754326060490185,nan,1.0,0.9460553976134809,1.025117266037745,1.025117266037745,0.35490196078431374,6.0,1.0,0.9616727571258371,mse,0.6727000433687829,RLRuleBandit,0.989078709561857,1020.0,0.989078709561857,24.0
0.2955954115396731,0.934067194055236,1.0,0.9460553976134809,1.025117266037745,1.025117266037745,0.36764705882352944,1.2602058823529414,1.0,1.5634532802265213,mse,0.69659407890505,RLKappaBandit,1.1170006765373475,1020.0,1.1170006765373475,24.0
0.055555555555555566,nan,1.0,5.485326434109337,3.232386508752284,3.232386508752284,,,4.0,5.595670962906003,mse,1.3079667553761554,Mean,3.305228556942376,1020.0,3.305228556942376,24.0
nan,nan,1.0,5.485326434109337,3.232386508752284,3.232386508752284,,,4.0,5.521679740332247,mse,1.2963009615677399,Median,3.3155370112003544,1020.0,3.3155370112003544,24.0
0.23571539961735236,nan,1.0,5.485326434109337,3.232386508752284,3.232386508752284,,,4.0,3.4878756484693136,mse,1.125127786140767,OGDVanilla,2.544616778616983,1020.0,2.544616778616983,24.0
0.30384433843727593,nan,1.0,5.485326434109337,3.232386508752284,3.232386508752284,,,4.0,5.822144900151349,mse,1.270868722982767,MWUMVanilla,3.225883856790593,1020.0,3.225883856790593,24.0
0.14883610609253423,1.7271543588390579,1.0,5.485326434109337,3.232386508752284,3.232386508752284,,,4.0,3.401998887870941,mse,1.1197358017456407,OGDBoth,2.5176301920283453,1020.0,2.5176301920283453,24.0
0.0888849283061909,1.7523702152909315,1.0,5.485326434109337,3.232386508752284,3.232386508752284,,,4.0,3.5315226558149058,mse,1.1498444335237898,OGDConcOnly,2.5542920055520035,1020.0,2.5542920055520035,24.0
0.18066888116941973,0.7231790710582012,1.0,5.485326434109337,3.232386508752284,3.232386508752284,,,4.0,3.2575031272588886,mse,1.1089807349093441,MWUMBothKL,2.4725835904726434,1020.0,2.4725835904726434,24.0
0.2805925592559767,0.1679301502729924,1.0,5.485326434109337,3.232386508752284,3.232386508752284,,,4.0,3.326368462949094,mse,1.072662644677701,MWUMConcOnlyKL,2.3549939041931602,1020.0,2.3549939041931602,24.0
0.14171191030267918,nan,1.0,5.485326434109337,3.232386508752284,3.232386508752284,0.9529411764705882,3.0,4.0,3.3988779924492816,mse,1.1293766537408054,RLRuleBandit,2.6018233645163926,1020.0,2.6018233645163926,24.0
0.2536598732937055,0.5496291761216364,1.0,5.485326434109337,3.232386508752284,3.232386508752284,0.9872549019607844,0.8742058823529413,4.0,3.5574778119045734,mse,1.0823615924488146,RLKappaBandit,2.3846878175968924,1020.0,2.3846878175968924,24.0
0.055555555555555566,nan,1.0,10.509843125771935,3.890023153103483,3.890023153103483,,,8.0,9.186806242895424,mse,1.5669480305163328,Mean,4.415686667848282,1020.0,4.415686667848282,24.0
nan,nan,1.0,10.509843125771935,3.890023153103483,3.890023153103483,,,8.0,9.236858282359767,mse,1.4946476927588264,Median,4.171142417990936,1020.0,4.171142417990936,24.0
0.2179352497055171,nan,1.0,10.509843125771935,3.890023153103483,3.890023153103483,,,8.0,8.078090801976932,mse,1.2731884202240458,OGDVanilla,3.1202495013402953,1020.0,3.1202495013402953,24.0
0.9914363807001517,nan,1.0,10.509843125771935,3.890023153103483,3.890023153103483,,,8.0,7.586974380929867,mse,1.4602151747170393,MWUMVanilla,3.9697128421155097,1020.0,3.9697128421155097,24.0
0.2099419139892155,0.10628228520406825,1.0,10.509843125771935,3.890023153103483,3.890023153103483,,,8.0,9.328650446601195,mse,1.2710743327840863,OGDBoth,3.1151772429784517,1020.0,3.1151772429784517,24.0
0.09758231174716764,1.892630031515811,1.0,10.509843125771935,3.890023153103483,3.890023153103483,,,8.0,25.282803214936713,mse,1.3234449450838452,OGDConcOnly,3.258368932727488,1020.0,3.258368932727488,24.0
0.22206642878533683,0.6888182279784921,1.0,10.509843125771935,3.890023153103483,3.890023153103483,,,8.0,7.189101179146789,mse,1.202145545225522,MWUMBothKL,2.8718189119369733,1020.0,2.8718189119369733,24.0
0.3231256873896306,0.16831119834124314,1.0,10.509843125771935,3.890023153103483,3.890023153103483,,,8.0,7.386715204279212,mse,1.1836115837936936,MWUMConcOnlyKL,2.8319989647602823,1020.0,2.8319989647602823,24.0
0.22154705684213152,nan,1.0,10.509843125771935,3.890023153103483,3.890023153103483,0.4627450980392157,1.0,8.0,9.273283938259253,mse,1.3342279466048423,RLRuleBandit,3.438002818826373,1020.0,3.438002818826373,24.0
0.5216413863066389,0.09298675983480076,1.0,10.509843125771935,3.890023153103483,3.890023153103483,0.06274509803921569,0.13491176470588237,8.0,7.528117015899356,mse,1.1808439511220519,RLKappaBandit,2.8137805532505396,1020.0,2.8137805532505396,24.0
0.055555555555555566,nan,1.0,0.5779980104673839,0.8797644709946473,0.8797644709946473,,,1.0,0.5790131135275502,mse,0.6694757338712429,Mean,0.8956280774041416,1020.0,0.8956280774041416,25.0
nan,nan,1.0,0.5779980104673839,0.8797644709946473,0.8797644709946473,,,1.0,0.5626405812090326,mse,0.656991174232425,Median,0.8743888004024849,1020.0,0.8743888004024849,25.0
0.06212213617006697,nan,1.0,0.5779980104673839,0.8797644709946473,0.8797644709946473,,,1.0,0.5686397399984141,mse,0.6588342032579038,OGDVanilla,0.8738943237927808,1020.0,0.8738943237927808,25.0
0.06808621505445375,nan,1.0,0.5779980104673839,0.8797644709946473,0.8797644709946473,,,1.0,0.5655520159914293,mse,0.6552886387295933,MWUMVanilla,0.8670566907122607,1020.0,0.8670566907122607,25.0
0.06167966478814088,0.09730612671451508,1.0,0.5779980104673839,0.8797644709946473,0.8797644709946473,,,1.0,0.5685974042948808,mse,0.6588193173099578,OGDBoth,0.8741627649027129,1020.0,0.8741627649027129,25.0
0.05692842809672957,5.366338337200144,1.0,0.5779980104673839,0.8797644709946473,0.8797644709946473,,,1.0,0.5627998054075883,mse,0.6603718438849961,OGDConcOnly,0.8779582115611873,1020.0,0.8779582115611873,25.0
0.06714299785611708,0.02443067603337815,1.0,0.5779980104673839,0.8797644709946473,0.8797644709946473,,,1.0,0.56541815128873,mse,0.6551082444201446,MWUMBothKL,0.8672133757886432,1020.0,0.8672133757886432,25.0
0.05612385027845913,5.284655128183831,1.0,0.5779980104673839,0.8797644709946473,0.8797644709946473,,,1.0,0.5748321117031943,mse,0.6634705130760031,MWUMConcOnlyKL,0.8867561745563226,1020.0,0.8867561745563226,25.0
0.06145121288240198,nan,1.0,0.5779980104673839,0.8797644709946473,0.8797644709946473,0.6009803921568627,2.0,1.0,0.5647826772000387,mse,0.6578372192086079,RLRuleBandit,0.874892798193582,1020.0,0.874892798193582,25.0
0.3319086615598795,0.34041825495248534,1.0,0.5779980104673839,0.8797644709946473,0.8797644709946473,0.4166666666666667,0.48030392156862745,1.0,0.6933065312034119,mse,0.6906703808535067,RLKappaBandit,0.9784435900638996,1020.0,0.9784435900638996,25.0
0.055555555555555566,nan,9.0,3.5724621274202217,3.1625593251323965,3.1625593251323965,,,4.0,4.1427442305017115,mse,1.3510275271776373,Mean,3.251064106339611,1020.0,3.251064106339611,25.0
nan,nan,9.0,3.5724621274202217,3.1625593251323965,3.1625593251323965,,,4.0,4.347945191300737,mse,1.3343113818996584,Median,3.2160818880169737,1020.0,3.2160818880169737,25.0
0.2270505782864893,nan,9.0,3.5724621274202217,3.1625593251323965,3.1625593251323965,,,4.0,2.7954752933820495,mse,1.159447435834638,OGDVanilla,2.534733370692498,1020.0,2.534733370692498,25.0
0.2935171413847226,nan,9.0,3.5724621274202217,3.1625593251323965,3.1625593251323965,,,4.0,4.25944025685085,mse,1.3259323359703545,MWUMVanilla,3.177137778633034,1020.0,3.177137778633034,25.0
0.14674912104773816,1.7871965106119136,9.0,3.5724621274202217,3.1625593251323965,3.1625593251323965,,,4.0,2.7090642332028,mse,1.1488807122374738,OGDBoth,2.496247491833897,1020.0,2.496247491833897,25.0
0.08634575494389542,1.8132889622268156,9.0,3.5724621274202217,3.1625593251323965,3.1625593251323965,,,4.0,2.5570783340477403,mse,1.1689311564524836,OGDConcOnly,2.520110205293106,1020.0,2.520110205293106,25.0
0.17766067927974477,0.748319379114264,9.0,3.5724621274202217,3.1625593251323965,3.1625593251323965,,,4.0,2.6540984982403795,mse,1.1198198123629175,MWUMBothKL,2.396356985525372,1020.0,2.396356985525372,25.0
0.2868413459386816,0.1737679801774284,9.0,3.5724621274202217,3.1625593251323965,3.1625593251323965,,,4.0,2.5120047699782777,mse,1.0789058377281822,MWUMConcOnlyKL,2.2737283163941786,1020.0,2.2737283163941786,25.0
0.1575060334139406,nan,9.0,3.5724621274202217,3.1625593251323965,3.1625593251323965,0.5980392156862745,5.0,4.0,3.714498307593756,mse,1.1891030931453404,RLRuleBandit,2.7025142468922865,1020.0,2.7025142468922865,25.0
0.2586693765480024,1.2916242590151283,9.0,3.5724621274202217,3.1625593251323965,3.1625593251323965,0.7892156862745098,1.682205882352941,4.0,2.602331682846972,mse,1.1128562321605509,RLKappaBandit,2.3774203985947326,1020.0,2.3774203985947326,25.0
0.055555555555555566,nan,9.0,6.757372386355382,3.925604252713012,3.925604252713012,,,8.0,8.78361774021657,mse,1.6050540804203464,Mean,4.535673969755584,1020.0,4.535673969755584,25.0
nan,nan,9.0,6.757372386355382,3.925604252713012,3.925604252713012,,,8.0,8.304574488276755,mse,1.5466051794870805,Median,4.356486489787913,1020.0,4.356486489787913,25.0
0.18235208059890035,nan,9.0,6.757372386355382,3.925604252713012,3.925604252713012,,,8.0,3.8123846684070504,mse,1.3142094704218208,OGDVanilla,3.2193007137256067,1020.0,3.2193007137256067,25.0
0.9881442461209495,nan,9.0,6.757372386355382,3.925604252713012,3.925604252713012,,,8.0,7.878879152826481,mse,1.478392081965771,MWUMVanilla,3.9815371148589707,1020.0,3.9815371148589707,25.0
0.17958239782241134,0.1099770104142987,9.0,6.757372386355382,3.925604252713012,3.925604252713012,,,8.0,3.771040716232811,mse,1.3105830316943767,OGDBoth,3.2018568071840634,1020.0,3.2018568071840634,25.0
0.09618502405260614,1.9584247213610544,9.0,6.757372386355382,3.925604252713012,3.925604252713012,,,8.0,4.373081422640608,mse,1.3296947146946583,OGDConcOnly,3.191062451296653,1020.0,3.191062451296653,25.0
0.23410671499128136,0.7127640277735041,9.0,6.757372386355382,3.925604252713012,3.925604252713012,,,8.0,3.02274559206941,mse,1.2071212188835279,MWUMBothKL,2.7715304000625234,1020.0,2.7715304000625234,25.0
0.3299419856891195,0.1741622748666752,9.0,6.757372386355382,3.925604252713012,3.925604252713012,,,8.0,3.0765865283932237,mse,1.1803755747337,MWUMConcOnlyKL,2.727263659590672,1020.0,2.727263659590672,25.0
0.3715565062018533,nan,9.0,6.757372386355382,3.925604252713012,3.925604252713012,0.7049019607843138,5.0,8.0,3.3137200425387117,mse,1.254124040538385,RLRuleBandit,2.9286251364669624,1020.0,2.9286251364669624,25.0
0.4315329048116196,0.5827777569216366,9.0,6.757372386355382,3.925604252713012,3.925604252713012,0.6352941176470588,0.8524117647058824,8.0,3.288258043668478,mse,1.213041256711479,RLKappaBandit,2.8252607988530802,1020.0,2.8252607988530802,25.0
0.055555555555555566,nan,13.0,0.5721676960197973,0.8335491018286574,0.8335491018286574,,,1.0,0.5624413676318809,mse,0.6369581454508899,Mean,0.7965178927967131,1020.0,0.7965178927967131,26.0
nan,nan,13.0,0.5721676960197973,0.8335491018286574,0.8335491018286574,,,1.0,0.5477303898029792,mse,0.6255413384165047,Median,0.7811614483344514,1020.0,0.7811614483344514,26.0
0.059351194929091286,nan,13.0,0.5721676960197973,0.8335491018286574,0.8335491018286574,,,1.0,0.5512186880610409,mse,0.6295817477493596,OGDVanilla,0.7802481569229011,1020.0,0.7802481569229011,26.0
0.06502745948323183,nan,13.0,0.5721676960197973,0.8335491018286574,0.8335491018286574,,,1.0,0.537720213366848,mse,0.6305991342861402,MWUMVanilla,0.7781569742652963,1020.0,0.7781569742652963,26.0
0.059156530961496166,0.1020208355867987,13.0,0.5721676960197973,0.8335491018286574,0.8335491018286574,,,1.0,0.5514467938331794,mse,0.6295118109275435,OGDBoth,0.7803818459548169,1020.0,0.7803818459548169,26.0
0.05669986162923446,5.626352573958651,13.0,0.5721676960197973,0.8335491018286574,0.8335491018286574,,,1.0,0.5627410740184521,mse,0.6280311171133045,OGDConcOnly,0.783269573386639,1020.0,0.783269573386639,26.0
0.06439509097546303,0.02561436300065899,13.0,0.5721676960197973,0.8335491018286574,0.8335491018286574,,,1.0,0.53829812332156,mse,0.6301837133654198,MWUMBothKL,0.7778817182328235,1020.0,0.7778817182328235,26.0
0.05603584697911464,5.540711582210132,13.0,0.5721676960197973,0.8335491018286574,0.8335491018286574,,,1.0,0.5598205495031995,mse,0.6288376339362991,MWUMConcOnlyKL,0.7846171647450499,1020.0,0.7846171647450499,26.0
0.05746830788040728,nan,13.0,0.5721676960197973,0.8335491018286574,0.8335491018286574,0.33431372549019606,4.0,1.0,0.5482475333262552,mse,0.6293395783220262,RLRuleBandit,0.7819680077142772,1020.0,0.7819680077142772,26.0
0.15328090125964994,3.7007041929183027,13.0,0.5721676960197973,0.8335491018286574,0.8335491018286574,0.7205882352941176,5.227166666666666,1.0,0.6842991313225102,mse,0.6361879968400688,RLKappaBandit,0.8188098451684754,1020.0,0.8188098451684754,26.0
0.055555555555555566,nan,9.0,4.434980522027301,2.7716181665902275,2.7716181665902275,,,4.0,3.6942425256658504,mse,1.1894351403522516,Mean,2.7103680663336482,1020.0,2.7103680663336482,26.0
nan,nan,9.0,4.434980522027301,2.7716181665902275,2.7716181665902275,,,4.0,3.353363429749549,mse,1.162422600989842,Median,2.6490088263233917,1020.0,2.6490088263233917,26.0
0.20460522513150367,nan,9.0,4.434980522027301,2.7716181665902275,2.7716181665902275,,,4.0,2.091194342875098,mse,1.0452728493677357,OGDVanilla,2.178887146984986,1020.0,2.178887146984986,26.0
0.15328678866311332,nan,9.0,4.434980522027301,2.7716181665902275,2.7716181665902275,,,4.0,3.603228875190021,mse,1.1802136980070677,MWUMVanilla,2.715274217065669,1020.0,2.715274217065669,26.0
0.13073863824764512,1.8737911928747395,9.0,4.434980522027301,2.7716181665902275,2.7716181665902275,,,4.0,2.0541266985510322,mse,1.038524796119078,OGDBoth,2.1536658339176045,1020.0,2.1536658339176045,26.0
0.08103300414829957,1.9011478976413725,9.0,4.434980522027301,2.7716181665902275,2.7716181665902275,,,4.0,2.174959332450167,mse,1.0593235463611395,OGDConcOnly,2.1943926808022707,1020.0,2.1943926808022707,26.0
0.14971492340653433,0.7845775231651329,9.0,4.434980522027301,2.7716181665902275,2.7716181665902275,,,4.0,1.8197912714561353,mse,1.0135373170755309,MWUMBothKL,2.052934745787269,1020.0,2.052934745787269,26.0
0.24930266877644364,0.182187482323046,9.0,4.434980522027301,2.7716181665902275,2.7716181665902275,,,4.0,1.8976851923576283,mse,0.9844132445172904,MWUMConcOnlyKL,1.982731528980485,1020.0,1.982731528980485,26.0
0.13467670727541686,nan,9.0,4.434980522027301,2.7716181665902275,2.7716181665902275,0.7,2.0,4.0,6.6600214132198765,mse,1.146458096243001,RLRuleBandit,2.578130507633487,1020.0,2.578130507633487,26.0
0.2514597637493597,0.7861869058399347,9.0,4.434980522027301,2.7716181665902275,2.7716181665902275,0.9294117647058824,1.0590000000000002,4.0,1.9886095491267393,mse,1.0009585204142415,RLKappaBandit,2.02915002210452,1020.0,2.02915002210452,26.0
0.055555555555555566,nan,0.0,21.713383196362773,3.7527495933413704,3.7527495933413704,,,8.0,12.106906944950332,mse,1.4375153396387348,Mean,3.954498195460661,1020.0,3.954498195460661,26.0
nan,nan,0.0,21.713383196362773,3.7527495933413704,3.7527495933413704,,,8.0,11.23068067962399,mse,1.390169518606763,Median,3.8491848092570216,1020.0,3.8491848092570216,26.0
0.20022464159274536,nan,0.0,21.713383196362773,3.7527495933413704,3.7527495933413704,,,8.0,6.620874624690974,mse,1.1689993577214797,OGDVanilla,2.852981267001177,1020.0,2.852981267001177,26.0
0.954896367345216,nan,0.0,21.713383196362773,3.7527495933413704,3.7527495933413704,,,8.0,10.689351975682206,mse,1.4144746075328236,MWUMVanilla,3.800243105593383,1020.0,3.800243105593383,26.0
0.19353066440014222,0.11530565947469096,0.0,21.713383196362773,3.7527495933413704,3.7527495933413704,,,8.0,6.583962331393721,mse,1.166874750910112,OGDBoth,2.839854615727369,1020.0,2.839854615727369,26.0
0.09198657313553708,2.053315895203124,0.0,21.713383196362773,3.7527495933413704,3.7527495933413704,,,8.0,7.037787869599156,mse,1.236433702507704,OGDConcOnly,3.0452140363444986,1020.0,3.0452140363444986,26.0
0.1991112385870396,0.7472994143902733,0.0,21.713383196362773,3.7527495933413704,3.7527495933413704,,,8.0,5.979978620076621,mse,1.115387465553417,MWUMBothKL,2.5656585597213613,1020.0,2.5656585597213613,26.0
0.2858521123809751,0.18260088170628438,0.0,21.713383196362773,3.7527495933413704,3.7527495933413704,,,8.0,5.668051087384946,mse,1.087034677677245,MWUMConcOnlyKL,2.4806072284045557,1020.0,2.4806072284045557,26.0
0.2633177582177301,nan,0.0,21.713383196362773,3.7527495933413704,3.7527495933413704,0.32745098039215687,1.0,8.0,28.15917698116824,mse,1.300770437805937,RLRuleBandit,3.470084325258547,1020.0,3.470084325258547,26.0
0.2795598830887539,1.3182458653195763,0.0,21.713383196362773,3.7527495933413704,3.7527495933413704,0.7754901960784314,2.022343137254902,8.0,6.077578214301945,mse,1.125565516242897,RLKappaBandit,2.629303335062996,1020.0,2.629303335062996,26.0
0.055555555555555566,nan,1.0,0.6929340134113255,0.9669130750851063,0.9669130750851063,,,1.0,0.7465753112599992,mse,0.657496002849716,Mean,0.9480975924892203,1020.0,0.9480975924892203,27.0
nan,nan,1.0,0.6929340134113255,0.9669130750851063,0.9669130750851063,,,1.0,0.7350910161819737,mse,0.6421059538243007,Median,0.9364361451538049,1020.0,0.9364361451538049,27.0
0.06155229447196513,nan,1.0,0.6929340134113255,0.9669130750851063,0.9669130750851063,,,1.0,0.7351604714354741,mse,0.6499818235257273,OGDVanilla,0.9407810923444567,1020.0,0.9407810923444567,27.0
0.06748173327837687,nan,1.0,0.6929340134113255,0.9669130750851063,0.9669130750851063,,,1.0,0.7282180992119793,mse,0.6426994687751115,MWUMVanilla,0.9374285320030245,1020.0,0.9374285320030245,27.0
0.06111163380616083,0.09573017315514626,1.0,0.6929340134113255,0.9669130750851063,0.9669130750851063,,,1.0,0.7356557123991989,mse,0.6501394500436672,OGDBoth,0.94104422533031,1020.0,0.94104422533031,27.0
0.05766124283620542,5.279425152737144,1.0,0.6929340134113255,0.9669130750851063,0.9669130750851063,,,1.0,0.7758599496376882,mse,0.6477274826173315,OGDConcOnly,0.9455258455887041,1020.0,0.9455258455887041,27.0
0.06662564739837872,0.024035013068856404,1.0,0.6929340134113255,0.9669130750851063,0.9669130750851063,,,1.0,0.7280734046093137,mse,0.6429285237585334,MWUMBothKL,0.9372280765107259,1020.0,0.9372280765107259,27.0
0.05634518927171689,5.1990648847449705,1.0,0.6929340134113255,0.9669130750851063,0.9669130750851063,,,1.0,0.7379193602010915,mse,0.6490151959498508,MWUMConcOnlyKL,0.9423196418155206,1020.0,0.9423196418155206,27.0
0.057066226770408415,nan,1.0,0.6929340134113255,0.9669130750851063,0.9669130750851063,0.37450980392156863,6.0,1.0,0.7245506885526409,mse,0.6514318476288401,RLRuleBandit,0.9367194933831069,1020.0,0.9367194933831069,27.0
0.2915848507771667,0.557050774837843,1.0,0.6929340134113255,0.9669130750851063,0.9669130750851063,0.6333333333333333,0.9343431372549021,1.0,0.7990507232838392,mse,0.6800657542556756,RLKappaBandit,1.0575249657159622,1020.0,1.0575249657159622,27.0
0.055555555555555566,nan,1.0,16.4531075068569,3.3363936406494967,3.3363936406494967,,,4.0,12.506876417449437,mse,1.32344891228541,Mean,3.4317091997114786,1020.0,3.4317091997114786,27.0
nan,nan,1.0,16.4531075068569,3.3363936406494967,3.3363936406494967,,,4.0,15.152076539015038,mse,1.2979437777107006,Median,3.4308948798164325,1020.0,3.4308948798164325,27.0
0.23925690430443722,nan,1.0,16.4531075068569,3.3363936406494967,3.3363936406494967,,,4.0,8.098673625220224,mse,1.1076104617408895,OGDVanilla,2.523303857202864,1020.0,2.523303857202864,27.0
0.3742386222782262,nan,1.0,16.4531075068569,3.3363936406494967,3.3363936406494967,,,4.0,16.636808599864562,mse,1.2716536276595456,MWUMVanilla,3.3608632329105803,1020.0,3.3608632329105803,27.0
0.15607960243078908,1.758251097134366,1.0,16.4531075068569,3.3363936406494967,3.3363936406494967,,,4.0,7.967166178244966,mse,1.0980351943062832,OGDBoth,2.4735336630988685,1020.0,2.4735336630988685,27.0
0.09244399188317068,1.7839209554760913,1.0,16.4531075068569,3.3363936406494967,3.3363936406494967,,,4.0,9.689815838535328,mse,1.1376897635801768,OGDConcOnly,2.595660798335445,1020.0,2.595660798335445,27.0
0.1869201799788617,0.7361996167448441,1.0,16.4531075068569,3.3363936406494967,3.3363936406494967,,,4.0,10.568406644705654,mse,1.0564468920717753,MWUMBothKL,2.3532027560221365,1020.0,2.3532027560221365,27.0
0.28199011502157867,0.17095365065381718,1.0,16.4531075068569,3.3363936406494967,3.3363936406494967,,,4.0,10.59983226218439,mse,1.018328615987375,MWUMConcOnlyKL,2.251979206854201,1020.0,2.251979206854201,27.0
0.12737344734903266,nan,1.0,16.4531075068569,3.3363936406494967,3.3363936406494967,0.6754901960784314,6.0,4.0,8.143837442206626,mse,1.142435482825991,RLRuleBandit,2.704347111637727,1020.0,2.704347111637727,27.0
0.3339497872133706,0.7259285993616327,1.0,16.4531075068569,3.3363936406494967,3.3363936406494967,0.7382352941176471,1.101323529411765,4.0,10.975655424763668,mse,1.044181549797143,RLKappaBandit,2.324336798545214,1020.0,2.324336798545214,27.0
0.055555555555555566,nan,9.0,28.702022641875722,4.322319588966016,4.322319588966016,,,8.0,21.501257385856775,mse,1.6270586669884215,Mean,5.061741821252296,1020.0,5.061741821252296,27.0
nan,nan,9.0,28.702022641875722,4.322319588966016,4.322319588966016,,,8.0,21.077159252385822,mse,1.5585976042672869,Median,4.864160754234196,1020.0,4.864160754234196,27.0
0.19662890618432216,nan,9.0,28.702022641875722,4.322319588966016,4.322319588966016,,,8.0,10.559710748928035,mse,1.2569364734960398,OGDVanilla,3.209188048465247,1020.0,3.209188048465247,27.0
0.9914165321440996,nan,9.0,28.702022641875722,4.322319588966016,4.322319588966016,,,8.0,30.81576535633087,mse,1.4620604059973563,MWUMVanilla,4.405612672512571,1020.0,4.405612672512571,27.0
0.19194160733157786,0.10819583925806464,9.0,28.702022641875722,4.322319588966016,4.322319588966016,,,8.0,10.543679665272471,mse,1.2533287862838025,OGDBoth,3.1948821201145567,1020.0,3.1948821201145567,27.0
0.1054260705428324,1.9267060962624358,9.0,28.702022641875722,4.322319588966016,4.322319588966016,,,8.0,9.94773038668462,mse,1.3463223943635445,OGDConcOnly,3.4443628192892146,1020.0,3.4443628192892146,27.0
0.23886247803026367,0.7012201197746815,9.0,28.702022641875722,4.322319588966016,4.322319588966016,,,8.0,9.555873980721591,mse,1.1876637952556082,MWUMBothKL,2.8681741230469266,1020.0,2.8681741230469266,27.0
0.3316608213555131,0.17134155934738282,9.0,28.702022641875722,4.322319588966016,4.322319588966016,,,8.0,10.369115841163218,mse,1.1737006937237484,MWUMConcOnlyKL,2.85621716521154,1020.0,2.85621716521154,27.0
0.15630950994907716,nan,9.0,28.702022641875722,4.322319588966016,4.322319588966016,0.8254901960784313,6.0,8.0,10.20260015681718,mse,1.2984100087182087,RLRuleBandit,3.3971223995774453,1020.0,3.3971223995774453,27.0
0.5034434456625586,0.4939086230680837,9.0,28.702022641875722,4.322319588966016,4.322319588966016,0.33725490196078434,0.6489509803921569,8.0,10.548572874494836,mse,1.2028974043580694,RLKappaBandit,2.976314860572402,1020.0,2.976314860572402,27.0
0.055555555555555566,nan,9.0,5.169852669647595,1.181503728720528,1.181503728720528,,,1.0,5.132390692638699,mse,0.7333692998030054,Mean,1.1734262237587778,1020.0,1.1734262237587778,28.0
nan,nan,9.0,5.169852669647595,1.181503728720528,1.181503728720528,,,1.0,5.44189154700856,mse,0.7179745410954527,Median,1.1523380809625297,1020.0,1.1523380809625297,28.0
0.06048516453893999,nan,9.0,5.169852669647595,1.181503728720528,1.181503728720528,,,1.0,5.206742798618794,mse,0.7222024510722647,OGDVanilla,1.1555601108490279,1020.0,1.1555601108490279,28.0
0.06910330517511855,nan,9.0,5.169852669647595,1.181503728720528,1.181503728720528,,,1.0,5.350989835611365,mse,0.7176546488222747,MWUMVanilla,1.1528389710106062,1020.0,1.1528389710106062,28.0
0.06020514776749185,0.10080866013014039,9.0,5.169852669647595,1.181503728720528,1.181503728720528,,,1.0,5.201466176538742,mse,0.7223417318210464,OGDBoth,1.155686278565929,1020.0,1.155686278565929,28.0
0.05765947966668041,5.559501600819404,9.0,5.169852669647595,1.181503728720528,1.181503728720528,,,1.0,5.573159500060915,mse,0.7294248597124079,OGDConcOnly,1.173787671370446,1020.0,1.173787671370446,28.0
0.06799066527022797,0.025310031104677222,9.0,5.169852669647595,1.181503728720528,1.181503728720528,,,1.0,5.334046457761295,mse,0.7175772273718356,MWUMBothKL,1.152320576352458,1020.0,1.152320576352458,28.0
0.05640738522265457,5.474878174995043,9.0,5.169852669647595,1.181503728720528,1.181503728720528,,,1.0,5.413293234973952,mse,0.7261676133007596,MWUMConcOnlyKL,1.1647097790811507,1020.0,1.1647097790811507,28.0
0.057142727244924786,nan,9.0,5.169852669647595,1.181503728720528,1.181503728720528,0.4264705882352941,6.0,1.0,5.212358859929785,mse,0.7276729834391328,RLRuleBandit,1.1693543864704672,1020.0,1.1693543864704672,28.0
0.27357030796415416,0.8951554119092726,9.0,5.169852669647595,1.181503728720528,1.181503728720528,0.40588235294117647,1.2629607843137254,1.0,6.33260814451416,mse,0.755378966178114,RLKappaBandit,1.3055830914312092,1020.0,1.3055830914312092,28.0
0.055555555555555566,nan,9.0,24.405609896775257,3.948198918375561,3.948198918375561,,,4.0,35.83729576473607,mse,1.3859566884765016,Mean,3.8607086855933574,1020.0,3.8607086855933574,28.0
nan,nan,9.0,24.405609896775257,3.948198918375561,3.948198918375561,,,4.0,48.49765783970091,mse,1.3769368088692227,Median,3.949650347130717,1020.0,3.949650347130717,28.0
0.25702656106163474,nan,9.0,24.405609896775257,3.948198918375561,3.948198918375561,,,4.0,11.809020862235158,mse,1.1758078586192748,OGDVanilla,2.8130075274091384,1020.0,2.8130075274091384,28.0
0.38472089371929563,nan,9.0,24.405609896775257,3.948198918375561,3.948198918375561,,,4.0,32.35669387654442,mse,1.3662412444593257,MWUMVanilla,3.9868242402746628,1020.0,3.9868242402746628,28.0
0.1560419393829459,1.8515272628295152,9.0,24.405609896775257,3.948198918375561,3.948198918375561,,,4.0,12.184701776958857,mse,1.1778030589138266,OGDBoth,2.8158325648077174,1020.0,2.8158325648077174,28.0
0.09128955430573653,1.878558921727348,9.0,24.405609896775257,3.948198918375561,3.948198918375561,,,4.0,14.817135390754792,mse,1.224346827618822,OGDConcOnly,3.0297003873683925,1020.0,3.0297003873683925,28.0
0.1856075158859631,0.7752553712543709,9.0,24.405609896775257,3.948198918375561,3.948198918375561,,,4.0,10.964708266737517,mse,1.1517401468368265,MWUMBothKL,2.6783548678323545,1020.0,2.6783548678323545,28.0
0.2858699751285998,0.18002278580950365,9.0,24.405609896775257,3.948198918375561,3.948198918375561,,,4.0,11.173511974185516,mse,1.1117808465146628,MWUMConcOnlyKL,2.563395939282782,1020.0,2.563395939282782,28.0
0.18540412441524584,nan,9.0,24.405609896775257,3.948198918375561,3.948198918375561,0.5705882352941176,5.0,4.0,17.64758277570832,mse,1.2197500788333095,RLRuleBandit,3.0397233797089247,1020.0,3.0397233797089247,28.0
0.6159112793960788,0.188657940787958,9.0,24.405609896775257,3.948198918375561,3.948198918375561,0.12941176470588237,0.2531862745098039,4.0,11.325194241373167,mse,1.1378670624025093,RLKappaBandit,2.628994355201052,1020.0,2.628994355201052,28.0
0.055555555555555566,nan,9.0,3986.9345761072977,5.967590163206607,5.967590163206607,,,8.0,11457.525376523245,mse,1.73676506180475,Mean,6.283970175540818,1020.0,6.283970175540818,28.0
nan,nan,9.0,3986.9345761072977,5.967590163206607,5.967590163206607,,,8.0,24526.453524365348,mse,1.7020798698340707,Median,6.323214684565216,1020.0,6.323214684565216,28.0
0.20653718903675874,nan,9.0,3986.9345761072977,5.967590163206607,5.967590163206607,,,8.0,430.39459283825545,mse,1.3594495102568878,OGDVanilla,4.0341949076398675,1020.0,4.0341949076398675,28.0
0.9669950713047447,nan,9.0,3986.9345761072977,5.967590163206607,5.967590163206607,,,8.0,709.5473796257487,mse,1.6058225743080567,MWUMVanilla,5.499442091428853,1020.0,5.499442091428853,28.0
0.20223591805602656,0.11393563689575192,9.0,3986.9345761072977,5.967590163206607,5.967590163206607,,,8.0,433.9585360689611,mse,1.3560365999166508,OGDBoth,4.026399002517242,1020.0,4.026399002517242,28.0
0.10599325649389073,2.028918895282079,9.0,3986.9345761072977,5.967590163206607,5.967590163206607,,,8.0,611.5468685599152,mse,1.4092482911884685,OGDConcOnly,4.205022765169442,1020.0,4.205022765169442,28.0
0.2389287675205027,0.7384201921143967,9.0,3986.9345761072977,5.967590163206607,5.967590163206607,,,8.0,374.03860083682866,mse,1.2620953021328485,MWUMBothKL,3.4946053131134214,1020.0,3.4946053131134214,28.0
0.3365206675085515,0.180431273279453,9.0,3986.9345761072977,5.967590163206607,5.967590163206607,,,8.0,379.756843192505,mse,1.2340009745253142,MWUMConcOnlyKL,3.4077782311628297,1020.0,3.4077782311628297,28.0
0.2172611347346699,nan,9.0,3986.9345761072977,5.967590163206607,5.967590163206607,0.803921568627451,5.0,8.0,11045.01738399009,mse,1.3693548215130023,RLRuleBandit,4.169935229422039,1020.0,4.169935229422039,28.0
0.5994086457836686,0.49360649712986326,9.0,3986.9345761072977,5.967590163206607,5.967590163206607,0.34019607843137256,0.7476176470588235,8.0,399.1451517645567,mse,1.2825550421355278,RLKappaBandit,3.5921901986100004,1020.0,3.5921901986100004,28.0
0.055555555555555566,nan,1.0,0.9408628862672886,0.8703552175782893,0.8703552175782893,,,1.0,1.1117095059131092,mse,0.643749841397228,Mean,0.8657918762608264,1020.0,0.8657918762608264,29.0
nan,nan,1.0,0.9408628862672886,0.8703552175782893,0.8703552175782893,,,1.0,1.1114213348515327,mse,0.6270988391552913,Median,0.8582441866767382,1020.0,0.8582441866767382,29.0
0.06573820420029676,nan,1.0,0.9408628862672886,0.8703552175782893,0.8703552175782893,,,1.0,0.9909396835797525,mse,0.6227077796016017,OGDVanilla,0.8260037409705533,1020.0,0.8260037409705533,29.0
0.06731056849591528,nan,1.0,0.9408628862672886,0.8703552175782893,0.8703552175782893,,,1.0,0.9846030518005665,mse,0.6202033365785893,MWUMVanilla,0.8241865495017869,1020.0,0.8241865495017869,29.0
0.06498362615534495,0.09884759973863078,1.0,0.9408628862672886,0.8703552175782893,0.8703552175782893,,,1.0,0.9928730454548444,mse,0.6226622063679138,OGDBoth,0.826260299702294,1020.0,0.826260299702294,29.0
0.05739932014754425,5.45134993446026,1.0,0.9408628862672886,0.8703552175782893,0.8703552175782893,,,1.0,1.0972580351180894,mse,0.6285155211867236,OGDConcOnly,0.8508330492205424,1020.0,0.8508330492205424,29.0
0.06650945983590247,0.0248176822258044,1.0,0.9408628862672886,0.8703552175782893,0.8703552175782893,,,1.0,0.9879429921320224,mse,0.6200716557131126,MWUMBothKL,0.8244553330255326,1020.0,0.8244553330255326,29.0
0.05625451887781256,5.368372729254093,1.0,0.9408628862672886,0.8703552175782893,0.8703552175782893,,,1.0,1.0925557448720054,mse,0.625922357468758,MWUMConcOnlyKL,0.8433752951532383,1020.0,0.8433752951532383,29.0
0.05794988409813152,nan,1.0,0.9408628862672886,0.8703552175782893,0.8703552175782893,0.2872549019607843,2.0,1.0,1.120457630982435,mse,0.6361248865846489,RLRuleBandit,0.8603526449224638,1020.0,0.8603526449224638,29.0
0.2826694649892213,0.36587461937493676,1.0,0.9408628862672886,0.8703552175782893,0.8703552175782893,0.538235294117647,0.5060588235294118,1.0,1.0907354153229436,mse,0.6493527080741115,RLKappaBandit,0.9166487576629696,1020.0,0.9166487576629696,29.0
0.055555555555555566,nan,9.0,24.19115374795035,3.8100682432559965,3.8100682432559965,,,4.0,18.468077504681865,mse,1.3779248312249959,Mean,3.665095670991624,1020.0,3.665095670991624,29.0
nan,nan,9.0,24.19115374795035,3.8100682432559965,3.8100682432559965,,,4.0,19.198823367143405,mse,1.3833568498203919,Median,3.751053812351653,1020.0,3.751053812351653,29.0
0.24773324808437816,nan,9.0,24.19115374795035,3.8100682432559965,3.8100682432559965,,,4.0,7.641289064482899,mse,1.1431364683598746,OGDVanilla,2.7323357724128945,1020.0,2.7323357724128945,29.0
0.27356522709546355,nan,9.0,24.19115374795035,3.8100682432559965,3.8100682432559965,,,4.0,22.012268167773538,mse,1.379339994805893,MWUMVanilla,3.741088362879686,1020.0,3.741088362879686,29.0
0.1590443304098206,1.815508622845338,9.0,24.19115374795035,3.8100682432559965,3.8100682432559965,,,4.0,8.047421410902466,mse,1.1423810398772665,OGDBoth,2.7252839441880106,1020.0,2.7252839441880106,29.0
0.09497887064426924,1.842014421748872,9.0,24.19115374795035,3.8100682432559965,3.8100682432559965,,,4.0,6.686898676881144,mse,1.179468222228745,OGDConcOnly,2.780768582263085,1020.0,2.780768582263085,29.0
0.18636960325048363,0.760173971300747,9.0,24.19115374795035,3.8100682432559965,3.8100682432559965,,,4.0,6.462652403580908,mse,1.1102427070524306,MWUMBothKL,2.5748710768809566,1020.0,2.5748710768809566,29.0
0.2800846413629568,0.176520734543716,9.0,24.19115374795035,3.8100682432559965,3.8100682432559965,,,4.0,6.146139271903812,mse,1.0817853627554872,MWUMConcOnlyKL,2.5111612390782017,1020.0,2.5111612390782017,29.0
0.0986225716844863,nan,9.0,24.19115374795035,3.8100682432559965,3.8100682432559965,0.6088235294117647,0.0,4.0,21.140800663437766,mse,1.3248765987183169,RLRuleBandit,3.514155280878535,1020.0,3.514155280878535,29.0
0.1854942532606148,3.48828988366465,9.0,24.19115374795035,3.8100682432559965,3.8100682432559965,0.8911764705882353,5.156264705882353,4.0,7.1558077313352415,mse,1.177582888146543,RLKappaBandit,2.7589097653898227,1020.0,2.7589097653898227,29.0
0.055555555555555566,nan,1.0,32.6606680089048,5.2307678961465776,5.2307678961465776,,,8.0,35.57596545957843,mse,1.7521656804462677,Mean,5.926863946418042,1020.0,5.926863946418042,29.0
nan,nan,1.0,32.6606680089048,5.2307678961465776,5.2307678961465776,,,8.0,30.339045329199347,mse,1.707252720908766,Median,5.710944076248599,1020.0,5.710944076248599,29.0
0.19143365634884696,nan,1.0,32.6606680089048,5.2307678961465776,5.2307678961465776,,,8.0,16.307082571329925,mse,1.377792988989528,OGDVanilla,3.8114954315717426,1020.0,3.8114954315717426,29.0
0.9787613943626533,nan,1.0,32.6606680089048,5.2307678961465776,5.2307678961465776,,,8.0,37.54901721915683,mse,1.687830333378174,MWUMVanilla,5.370453154685398,1020.0,5.370453154685398,29.0
0.18877429196356502,0.11171921104727134,1.0,32.6606680089048,5.2307678961465776,5.2307678961465776,,,8.0,16.18170310286598,mse,1.3733080831891138,OGDBoth,3.7982243207404838,1020.0,3.7982243207404838,29.0
0.11039846681235943,1.989449369683269,1.0,32.6606680089048,5.2307678961465776,5.2307678961465776,,,8.0,28.708033115438145,mse,1.482651314131257,OGDConcOnly,4.40633752030792,1020.0,4.40633752030792,29.0
0.23657138947767894,0.7240553647975378,1.0,32.6606680089048,5.2307678961465776,5.2307678961465776,,,8.0,16.532829564773145,mse,1.3190090342252558,MWUMBothKL,3.5911593440285343,1020.0,3.5911593440285343,29.0
0.33619310812505976,0.17692127550844233,1.0,32.6606680089048,5.2307678961465776,5.2307678961465776,,,8.0,14.75784078248188,mse,1.3157309484117226,MWUMConcOnlyKL,3.605660088197097,1020.0,3.605660088197097,29.0
0.14160437269526932,nan,1.0,32.6606680089048,5.2307678961465776,5.2307678961465776,0.5029411764705882,4.0,8.0,236.69528436165876,mse,1.495385760872934,RLRuleBandit,4.719855018936059,1020.0,4.719855018936059,29.0
0.195601519680122,3.910547558465779,1.0,32.6606680089048,5.2307678961465776,5.2307678961465776,0.8696078431372549,5.49486274509804,8.0,15.787636337803155,mse,1.4166321117280551,RLKappaBandit,3.9237180927373503,1020.0,3.9237180927373503,29.0
0.055555555555555566,nan,9.0,0.6707164951452215,0.8621261212100184,0.8621261212100184,,,1.0,0.7018725113638857,mse,0.641968419687986,Mean,0.8498119066198003,1020.0,0.8498119066198003,30.0
nan,nan,9.0,0.6707164951452215,0.8621261212100184,0.8621261212100184,,,1.0,0.7216697024588291,mse,0.6262867834108883,Median,0.8358004908300278,1020.0,0.8358004908300278,30.0
0.06020008720531093,nan,9.0,0.6707164951452215,0.8621261212100184,0.8621261212100184,,,1.0,0.7271973535579922,mse,0.6302890469530136,OGDVanilla,0.838997517936762,1020.0,0.838997517936762,30.0
0.06685569978821188,nan,9.0,0.6707164951452215,0.8621261212100184,0.8621261212100184,,,1.0,0.7264716693679374,mse,0.6247688728513114,MWUMVanilla,0.8322982296308293,1020.0,0.8322982296308293,30.0
0.05996078827776691,0.09746035689225631,9.0,0.6707164951452215,0.8621261212100184,0.8621261212100184,,,1.0,0.7268825149938422,mse,0.6303561890313267,OGDBoth,0.8391043212670404,1020.0,0.8391043212670404,30.0
0.05682272477405059,5.374844067466178,9.0,0.6707164951452215,0.8621261212100184,0.8621261212100184,,,1.0,0.7313462484406473,mse,0.6347297643846033,OGDConcOnly,0.8471178553877813,1020.0,0.8471178553877813,30.0
0.06624569709360607,0.02446939745951475,9.0,0.6707164951452215,0.8621261212100184,0.8621261212100184,,,1.0,0.7264629509215651,mse,0.6247940203438364,MWUMBothKL,0.832355952883293,1020.0,0.832355952883293,30.0
0.0560778695381615,5.2930313892608245,9.0,0.6707164951452215,0.8621261212100184,0.8621261212100184,,,1.0,0.7203274465781528,mse,0.635117412920414,MWUMConcOnlyKL,0.8444465984227728,1020.0,0.8444465984227728,30.0
0.05788956194767268,nan,9.0,0.6707164951452215,0.8621261212100184,0.8621261212100184,0.2931372549019608,3.0,1.0,0.7156288987770597,mse,0.6338400437268186,RLRuleBandit,0.8434660697910029,1020.0,0.8434660697910029,30.0
0.4061511184886925,1.1853696257446487,9.0,0.6707164951452215,0.8621261212100184,0.8621261212100184,0.32745098039215687,1.8261176470588238,1.0,1.0577413156810629,mse,0.6688901042665331,RLKappaBandit,0.9598662689256752,1020.0,0.9598662689256752,30.0
0.055555555555555566,nan,9.0,3.2785804308978177,3.097021687053355,3.097021687053355,,,4.0,3.672752319084342,mse,1.3262521219830639,Mean,3.211829746167337,1020.0,3.211829746167337,30.0
nan,nan,9.0,3.2785804308978177,3.097021687053355,3.097021687053355,,,4.0,3.558886698795353,mse,1.3004255990687805,Median,3.1744594501440684,1020.0,3.1744594501440684,30.0
0.23377946860517962,nan,9.0,3.2785804308978177,3.097021687053355,3.097021687053355,,,4.0,2.7060472703663345,mse,1.105935458890332,OGDVanilla,2.399612410075996,1020.0,2.399612410075996,30.0
0.2781724329993959,nan,9.0,3.2785804308978177,3.097021687053355,3.097021687053355,,,4.0,3.317688045730112,mse,1.2849373662460097,MWUMVanilla,3.121492236566288,1020.0,3.121492236566288,30.0
0.1501856779234011,1.7900292439998338,9.0,3.2785804308978177,3.097021687053355,3.097021687053355,,,4.0,2.6216105268699605,mse,1.1036208112160668,OGDBoth,2.3923880393616703,1020.0,2.3923880393616703,30.0
0.08791140955449897,1.8161630525666883,9.0,3.2785804308978177,3.097021687053355,3.097021687053355,,,4.0,2.5258612071429667,mse,1.1619037727688977,OGDConcOnly,2.5073550216139604,1020.0,2.5073550216139604,30.0
0.18143868752692466,0.7495054756799306,9.0,3.2785804308978177,3.097021687053355,3.097021687053355,,,4.0,2.6072534047100504,mse,1.0941771442961226,MWUMBothKL,2.3702660416333377,1020.0,2.3702660416333377,30.0
0.2898430280305513,0.17404340361238213,9.0,3.2785804308978177,3.097021687053355,3.097021687053355,,,4.0,2.3862538162826796,mse,1.0578998254469534,MWUMConcOnlyKL,2.2487464496064264,1020.0,2.2487464496064264,30.0
0.12858322599914698,nan,9.0,3.2785804308978177,3.097021687053355,3.097021687053355,0.44313725490196076,6.0,4.0,3.814957390509871,mse,1.2106267706959235,RLRuleBandit,2.8790103484682326,1020.0,2.8790103484682326,30.0
0.2891424120741933,1.4815509907218791,9.0,3.2785804308978177,3.097021687053355,3.097021687053355,0.9519607843137254,2.1836176470588233,4.0,2.5739288098762354,mse,1.0906146435157182,RLKappaBandit,2.389833879672922,1020.0,2.389833879672922,30.0
0.055555555555555566,nan,9.0,9.236441299157056,4.236957811911565,4.236957811911565,,,8.0,8.184653709915155,mse,1.6515590088864665,Mean,4.724642998948539,1020.0,4.724642998948539,30.0
nan,nan,9.0,9.236441299157056,4.236957811911565,4.236957811911565,,,8.0,8.102177284886091,mse,1.5799573916556198,Median,4.543450816941365,1020.0,4.543450816941365,30.0
0.20417848554273202,nan,9.0,9.236441299157056,4.236957811911565,4.236957811911565,,,8.0,4.0911202109537665,mse,1.2934395845136057,OGDVanilla,3.114114567981516,1020.0,3.114114567981516,30.0
0.9725326317981183,nan,9.0,9.236441299157056,4.236957811911565,4.236957811911565,,,8.0,9.717186146182025,mse,1.5384882342846433,MWUMVanilla,4.306974506472123,1020.0,4.306974506472123,30.0
0.1994196961712297,0.11015132414478931,9.0,9.236441299157056,4.236957811911565,4.236957811911565,,,8.0,4.053490481093117,mse,1.2883623144498118,OGDBoth,3.0954326057941834,1020.0,3.0954326057941834,30.0
0.10276951695010685,1.961528854193894,9.0,9.236441299157056,4.236957811911565,4.236957811911565,,,8.0,4.039724177667492,mse,1.3607434033444692,OGDConcOnly,3.306233743658716,1020.0,3.306233743658716,30.0
0.24040499276791152,0.7138937685402308,9.0,9.236441299157056,4.236957811911565,4.236957811911565,,,8.0,3.729590409844768,mse,1.2168509375281475,MWUMBothKL,2.8103425702136717,1020.0,2.8103425702136717,30.0
0.33310016141119686,0.17443832326499994,9.0,9.236441299157056,4.236957811911565,4.236957811911565,,,8.0,4.099050924178024,mse,1.1989252062348335,MWUMConcOnlyKL,2.7857152232551203,1020.0,2.7857152232551203,30.0
0.15884690948162855,nan,9.0,9.236441299157056,4.236957811911565,4.236957811911565,0.49607843137254903,6.0,8.0,8.65560957321881,mse,1.4589100223590281,RLRuleBandit,3.997240063379549,1020.0,3.997240063379549,30.0
0.6889298555825648,0.18989447488905853,9.0,9.236441299157056,4.236957811911565,4.236957811911565,0.0696078431372549,0.27033333333333326,8.0,4.338475626500035,mse,1.2285937520537569,RLKappaBandit,2.9392572308115623,1020.0,2.9392572308115623,30.0
0.055555555555555566,nan,1.0,1.502205220524507,1.062201654547323,1.062201654547323,,,1.0,1.4442086461645949,mse,0.6882354053392176,Mean,1.0464203600533353,1020.0,1.0464203600533353,31.0
nan,nan,1.0,1.502205220524507,1.062201654547323,1.062201654547323,,,1.0,1.4574214952995466,mse,0.670149688569776,Median,1.0333454268239814,1020.0,1.0333454268239814,31.0
0.0631626840691152,nan,1.0,1.502205220524507,1.062201654547323,1.062201654547323,,,1.0,1.4761456600284215,mse,0.6771245646572067,OGDVanilla,1.03766987052714,1020.0,1.03766987052714,31.0
0.0680507346891685,nan,1.0,1.502205220524507,1.062201654547323,1.062201654547323,,,1.0,1.4646566956041338,mse,0.6719908230615298,MWUMVanilla,1.0285598283665172,1020.0,1.0285598283665172,31.0
0.06251618117870217,0.09825405398351722,1.0,1.502205220524507,1.062201654547323,1.062201654547323,,,1.0,1.475839180412906,mse,0.6772850925731413,OGDBoth,1.037967166779601,1020.0,1.037967166779601,31.0
0.058067546680546235,5.418616132506047,1.0,1.502205220524507,1.062201654547323,1.062201654547323,,,1.0,1.4864752366513438,mse,0.6789149376397537,OGDConcOnly,1.0489525359208915,1020.0,1.0489525359208915,31.0
0.06705784056653391,0.02466866509795097,1.0,1.502205220524507,1.062201654547323,1.062201654547323,,,1.0,1.4623716690814004,mse,0.672222831490426,MWUMBothKL,1.0286420729993682,1020.0,1.0286420729993682,31.0
0.056601560278692724,5.336137181848356,1.0,1.502205220524507,1.062201654547323,1.062201654547323,,,1.0,1.4810232199290478,mse,0.6778524981894694,MWUMConcOnlyKL,1.0485804676792818,1020.0,1.0485804676792818,31.0
0.057360613438612394,nan,1.0,1.502205220524507,1.062201654547323,1.062201654547323,0.3568627450980392,3.0,1.0,1.3959925429072917,mse,0.6823360110650584,RLRuleBandit,1.0404913612503968,1020.0,1.0404913612503968,31.0
0.28619533125517876,0.9833005465919242,1.0,1.502205220524507,1.062201654547323,1.062201654547323,0.5431372549019607,1.5529117647058823,1.0,1.8462150421157548,mse,0.6865987556119063,RLKappaBandit,1.118170369490377,1020.0,1.118170369490377,31.0
0.055555555555555566,nan,9.0,26.97755490869397,3.7808096001722182,3.7808096001722182,,,4.0,16.260964181003136,mse,1.3567828636470567,Mean,3.8628312776342284,1020.0,3.8628312776342284,31.0
nan,nan,9.0,26.97755490869397,3.7808096001722182,3.7808096001722182,,,4.0,18.863883194890317,mse,1.3203267661247617,Median,3.8732864189581715,1020.0,3.8732864189581715,31.0
0.22372024221777853,nan,9.0,26.97755490869397,3.7808096001722182,3.7808096001722182,,,4.0,8.962614381691427,mse,1.1511079312080534,OGDVanilla,2.8669960941306885,1020.0,2.8669960941306885,31.0
0.47057919936588555,nan,9.0,26.97755490869397,3.7808096001722182,3.7808096001722182,,,4.0,26.48029731170018,mse,1.3315474914417613,MWUMVanilla,3.8461757187761134,1020.0,3.8461757187761134,31.0
0.14897007441888716,1.804607015245628,9.0,26.97755490869397,3.7808096001722182,3.7808096001722182,,,4.0,8.937594084136562,mse,1.1482006363782908,OGDBoth,2.852645352899522,1020.0,2.852645352899522,31.0
0.09309546925286162,1.830953654355434,9.0,26.97755490869397,3.7808096001722182,3.7808096001722182,,,4.0,9.206582002470892,mse,1.184187366374954,OGDConcOnly,2.931905373101746,1020.0,2.931905373101746,31.0
0.1903910960521735,0.7556093485270686,9.0,26.97755490869397,3.7808096001722182,3.7808096001722182,,,4.0,8.982177593389,mse,1.133674857925419,MWUMBothKL,2.8272032653635826,1020.0,2.8272032653635826,31.0
0.28109387767550975,0.1754607836763191,9.0,26.97755490869397,3.7808096001722182,3.7808096001722182,,,4.0,9.355702764656687,mse,1.0903994989402903,MWUMConcOnlyKL,2.6796401481061562,1020.0,2.6796401481061562,31.0
0.12364831945002652,nan,9.0,26.97755490869397,3.7808096001722182,3.7808096001722182,0.4598039215686274,2.0,4.0,18.399169159866307,mse,1.2763916533442874,RLRuleBandit,3.665369280875168,1020.0,3.665369280875168,31.0
0.3542198087337205,1.535989265529682,9.0,26.97755490869397,3.7808096001722182,3.7808096001722182,0.6029411764705882,2.4205392156862744,4.0,9.803699935671855,mse,1.126436751987886,RLKappaBandit,2.7898422100344975,1020.0,2.7898422100344975,31.0
0.055555555555555566,nan,9.0,82.28938506138405,4.9631668215510345,4.9631668215510345,,,8.0,82.39530317201773,mse,1.6876037849406096,Mean,5.75035215192366,1020.0,5.75035215192366,31.0
nan,nan,9.0,82.28938506138405,4.9631668215510345,4.9631668215510345,,,8.0,71.1982018320583,mse,1.619827373214983,Median,5.5901495666602585,1020.0,5.5901495666602585,31.0
0.20209395670619323,nan,9.0,82.28938506138405,4.9631668215510345,4.9631668215510345,,,8.0,103.85164055608098,mse,1.3264615889191302,OGDVanilla,3.9575312771178703,1020.0,3.9575312771178703,31.0
0.9830216119401508,nan,9.0,82.28938506138405,4.9631668215510345,4.9631668215510345,,,8.0,82.02777507344372,mse,1.5367035651558765,MWUMVanilla,5.001834456688557,1020.0,5.001834456688557,31.0
0.19632371341049215,0.11104837492229255,9.0,82.28938506138405,4.9631668215510345,4.9631668215510345,,,8.0,104.53385509185925,mse,1.3208746572309564,OGDBoth,3.940505543674449,1020.0,3.940505543674449,31.0
0.10805764195725735,1.9775032973048008,9.0,82.28938506138405,4.9631668215510345,4.9631668215510345,,,8.0,135.6294964234569,mse,1.4356960334554774,OGDConcOnly,4.316782696933819,1020.0,4.316782696933819,31.0
0.2425610038999032,0.7197076239968082,9.0,82.28938506138405,4.9631668215510345,4.9631668215510345,,,8.0,91.96265406948069,mse,1.250784523113221,MWUMBothKL,3.7193851106216207,1020.0,3.7193851106216207,31.0
0.3286688275741914,0.17585891950632163,9.0,82.28938506138405,4.9631668215510345,4.9631668215510345,,,8.0,63.294724899969005,mse,1.221935260874419,MWUMConcOnlyKL,3.48658142924136,1020.0,3.48658142924136,31.0
0.27960096646741717,nan,9.0,82.28938506138405,4.9631668215510345,4.9631668215510345,0.44313725490196076,3.0,8.0,124.71134272505545,mse,1.5273847338571311,RLRuleBandit,5.084346808121583,1020.0,5.084346808121583,31.0
0.3153818314823576,1.5453804172218366,9.0,82.28938506138405,4.9631668215510345,4.9631668215510345,0.842156862745098,2.7827254901960785,8.0,123.57631242177321,mse,1.2661625563518153,RLKappaBandit,3.626725419944524,1020.0,3.626725419944524,31.0
0.055555555555555566,nan,1.0,0.7844776543330483,0.9639305053296497,0.9639305053296497,,,1.0,0.8496735491911104,mse,0.6506060923085548,Mean,0.961422169703882,1020.0,0.961422169703882,32.0
nan,nan,1.0,0.7844776543330483,0.9639305053296497,0.9639305053296497,,,1.0,0.8407051517076088,mse,0.6257335607559729,Median,0.9384330291387902,1020.0,0.9384330291387902,32.0
0.06032507624462698,nan,1.0,0.7844776543330483,0.9639305053296497,0.9639305053296497,,,1.0,0.8897836205089287,mse,0.6343345032739047,OGDVanilla,0.9400204355400936,1020.0,0.9400204355400936,32.0
0.0667831077274245,nan,1.0,0.7844776543330483,0.9639305053296497,0.9639305053296497,,,1.0,0.8686947788130027,mse,0.6262615026439777,MWUMVanilla,0.9307952868722946,1020.0,0.9307952868722946,32.0
0.06006423638059771,0.09373414186290249,1.0,0.7844776543330483,0.9639305053296497,0.9639305053296497,,,1.0,0.8900272430468091,mse,0.6342612038959516,OGDBoth,0.9401064448000818,1020.0,0.9401064448000818,32.0
0.0573199580033913,5.169344855722435,1.0,0.7844776543330483,0.9639305053296497,0.9639305053296497,,,1.0,0.9042185044447797,mse,0.6400719692644274,OGDConcOnly,0.9587895623023508,1020.0,0.9587895623023508,32.0
0.06625875617514981,0.023533884305465904,1.0,0.7844776543330483,0.9639305053296497,0.9639305053296497,,,1.0,0.8695135131800371,mse,0.6260818110550324,MWUMBothKL,0.9308363941940639,1020.0,0.9308363941940639,32.0
0.05650280183597303,5.090660164822165,1.0,0.7844776543330483,0.9639305053296497,0.9639305053296497,,,1.0,0.8822630128123609,mse,0.6382340398096948,MWUMConcOnlyKL,0.951590493589147,1020.0,0.951590493589147,32.0
0.05771447224532217,nan,1.0,0.7844776543330483,0.9639305053296497,0.9639305053296497,0.25,0.0,1.0,0.9155180256171666,mse,0.6374669820771153,RLRuleBandit,0.9520104139244564,1020.0,0.9520104139244564,32.0
0.20807610853814917,1.2679935623678866,1.0,0.7844776543330483,0.9639305053296497,0.9639305053296497,0.638235294117647,1.850813725490196,1.0,1.124610892250376,mse,0.6541354014141327,RLKappaBandit,1.042011474707743,1020.0,1.042011474707743,32.0
0.055555555555555566,nan,1.0,11.618178008189005,3.6959951145503394,3.6959951145503394,,,4.0,11.792188443016235,mse,1.3709173362369487,Mean,3.775343686312282,1020.0,3.775343686312282,32.0
nan,nan,1.0,11.618178008189005,3.6959951145503394,3.6959951145503394,,,4.0,11.867999169878813,mse,1.3273878754570019,Median,3.7432476892449955,1020.0,3.7432476892449955,32.0
0.23968107475286535,nan,1.0,11.618178008189005,3.6959951145503394,3.6959951145503394,,,4.0,5.528598024660889,mse,1.1539880197983214,OGDVanilla,2.83927337141299,1020.0,2.83927337141299,32.0
0.26868381356224297,nan,1.0,11.618178008189005,3.6959951145503394,3.6959951145503394,,,4.0,11.862568683914331,mse,1.32486121230091,MWUMVanilla,3.6893536269348877,1020.0,3.6893536269348877,32.0
0.15898501644605195,1.7215901494023402,1.0,11.618178008189005,3.6959951145503394,3.6959951145503394,,,4.0,5.280665654715053,mse,1.1464201108473522,OGDBoth,2.814422787481112,1020.0,2.814422787481112,32.0
0.09111035576863531,1.7467247702733053,1.0,11.618178008189005,3.6959951145503394,3.6959951145503394,,,4.0,5.050425036338982,mse,1.1783843886270968,OGDConcOnly,2.8775777004895957,1020.0,2.8775777004895957,32.0
0.1910941192741279,0.7208492754863048,1.0,11.618178008189005,3.6959951145503394,3.6959951145503394,,,4.0,5.6305760681890105,mse,1.1293503240553384,MWUMBothKL,2.777616446879059,1020.0,2.777616446879059,32.0
0.2896553449326797,0.16738914853862585,1.0,11.618178008189005,3.6959951145503394,3.6959951145503394,,,4.0,5.2883021107443025,mse,1.0891754328057945,MWUMConcOnlyKL,2.619916386295255,1020.0,2.619916386295255,32.0
0.1111593836961196,nan,1.0,11.618178008189005,3.6959951145503394,3.6959951145503394,0.3176470588235294,0.0,4.0,12.077883506670807,mse,1.3142206198715984,RLRuleBandit,3.6811664738320906,1020.0,3.6811664738320906,32.0
0.5140348189720968,0.43988473621188606,1.0,11.618178008189005,3.6959951145503394,3.6959951145503394,0.30196078431372547,0.7233627450980392,4.0,5.573903851257121,mse,1.1057933467344154,RLKappaBandit,2.7181742121948833,1020.0,2.7181742121948833,32.0
0.055555555555555566,nan,9.0,40.93922498039816,5.198234971086232,5.198234971086232,,,8.0,44.06154261468706,mse,1.7360786318894441,Mean,6.001843143015821,1020.0,6.001843143015821,32.0
nan,nan,9.0,40.93922498039816,5.198234971086232,5.198234971086232,,,8.0,45.58067824619952,mse,1.6380673605395124,Median,5.693514316384822,1020.0,5.693514316384822,32.0
0.20793061804759153,nan,9.0,40.93922498039816,5.198234971086232,5.198234971086232,,,8.0,19.600832131201372,mse,1.3788823727483064,OGDVanilla,4.061107901484058,1020.0,4.061107901484058,32.0
0.984215406443218,nan,9.0,40.93922498039816,5.198234971086232,5.198234971086232,,,8.0,37.639526872794235,mse,1.5598219594430174,MWUMVanilla,5.243511519233581,1020.0,5.243511519233581,32.0
0.20388063633849327,0.10593988866640561,9.0,40.93922498039816,5.198234971086232,5.198234971086232,,,8.0,19.854662683747158,mse,1.3753539244908275,OGDBoth,4.0442588716871395,1020.0,4.0442588716871395,32.0
0.10458636410710598,1.8865327244854477,9.0,40.93922498039816,5.198234971086232,5.198234971086232,,,8.0,18.804173342213378,mse,1.443514746533466,OGDConcOnly,4.418744144640427,1020.0,4.418744144640427,32.0
0.24119338832842016,0.6865991295408944,9.0,40.93922498039816,5.198234971086232,5.198234971086232,,,8.0,30.77718779276963,mse,1.2869041521170608,MWUMBothKL,3.7470952387854246,1020.0,3.7470952387854246,32.0
0.3318180791772089,0.16776896901973365,9.0,40.93922498039816,5.198234971086232,5.198234971086232,,,8.0,29.043289231506304,mse,1.2494736818410686,MWUMConcOnlyKL,3.5786475170056224,1020.0,3.5786475170056224,32.0
0.28612717170755125,nan,9.0,40.93922498039816,5.198234971086232,5.198234971086232,0.2833333333333333,6.0,8.0,56.5697762178489,mse,1.5005535427146082,RLRuleBandit,5.0016234108739885,1020.0,5.0016234108739885,32.0
0.41324797398604146,1.1813701299047474,9.0,40.93922498039816,5.198234971086232,5.198234971086232,0.6186274509803922,1.6301372549019606,8.0,29.19731835944848,mse,1.2935889583096625,RLKappaBandit,3.729852445391982,1020.0,3.729852445391982,32.0
0.055555555555555566,nan,3.0,0.7520425364671242,0.9914639041361649,0.9914639041361649,,,1.0,0.7735317804972796,mse,0.6958487840075503,Mean,0.9810934418319361,1020.0,0.9810934418319361,33.0
nan,nan,3.0,0.7520425364671242,0.9914639041361649,0.9914639041361649,,,1.0,0.7774571732845734,mse,0.6824952424499928,Median,0.9710746424077157,1020.0,0.9710746424077157,33.0
0.06159503465028193,nan,3.0,0.7520425364671242,0.9914639041361649,0.9914639041361649,,,1.0,0.7570119082301998,mse,0.6903502706790764,OGDVanilla,0.968200111511182,1020.0,0.968200111511182,33.0
0.06901421405611595,nan,3.0,0.7520425364671242,0.9914639041361649,0.9914639041361649,,,1.0,0.7547975380167472,mse,0.6856375407821679,MWUMVanilla,0.9607403673070731,1020.0,0.9607403673070731,33.0
0.06111673993414322,0.09651848201109638,3.0,0.7520425364671242,0.9914639041361649,0.9914639041361649,,,1.0,0.7579410892409932,mse,0.6902077776435546,OGDBoth,0.9684078060129826,1020.0,0.9684078060129826,33.0
0.05741134447941055,5.3229000588368205,3.0,0.7520425364671242,0.9914639041361649,0.9914639041361649,,,1.0,0.7712257799836512,mse,0.691550635395305,OGDConcOnly,0.9859766317940257,1020.0,0.9859766317940257,33.0
0.06806283110698964,0.02423292792304087,3.0,0.7520425364671242,0.9914639041361649,0.9914639041361649,,,1.0,0.7558468789083019,mse,0.6855286140411269,MWUMBothKL,0.9608585101220094,1020.0,0.9608585101220094,33.0
0.05621731165925735,5.241878041569722,3.0,0.7520425364671242,0.9914639041361649,0.9914639041361649,,,1.0,0.7750867692713483,mse,0.689717502981325,MWUMConcOnlyKL,0.9782128693746097,1020.0,0.9782128693746097,33.0
0.05856746839450348,nan,3.0,0.7520425364671242,0.9914639041361649,0.9914639041361649,0.3519607843137255,1.0,1.0,0.7611958190046293,mse,0.686827762538125,RLRuleBandit,0.9673360895518595,1020.0,0.9673360895518595,33.0
0.4046724755605102,0.4386544269879183,3.0,0.7520425364671242,0.9914639041361649,0.9914639041361649,0.2235294117647059,0.6916666666666667,1.0,1.0784140146939205,mse,0.7265535080653202,RLKappaBandit,1.1342323180858873,1020.0,1.1342323180858873,33.0
0.055555555555555566,nan,9.0,7.8023502809541005,3.2780108093555045,3.2780108093555045,,,4.0,7.552821371962528,mse,1.316736597488998,Mean,3.3848773636998852,1020.0,3.3848773636998852,33.0
nan,nan,9.0,7.8023502809541005,3.2780108093555045,3.2780108093555045,,,4.0,7.295308007461346,mse,1.282669562314816,Median,3.3237375813648953,1020.0,3.3237375813648953,33.0
0.2159517465153642,nan,9.0,7.8023502809541005,3.2780108093555045,3.2780108093555045,,,4.0,5.403434865553828,mse,1.1557699688995207,OGDVanilla,2.7042510256410837,1020.0,2.7042510256410837,33.0
0.20520750693957412,nan,9.0,7.8023502809541005,3.2780108093555045,3.2780108093555045,,,4.0,7.705802851482624,mse,1.2651317663711752,MWUMVanilla,3.2793087379903105,1020.0,3.2793087379903105,33.0
0.14467732524542368,1.7727299030914576,9.0,7.8023502809541005,3.2780108093555045,3.2780108093555045,,,4.0,5.14592231441023,mse,1.1387616014854793,OGDBoth,2.6528289386437653,1020.0,2.6528289386437653,33.0
0.08753734646807007,1.7986111471163013,9.0,7.8023502809541005,3.2780108093555045,3.2780108093555045,,,4.0,4.799574611290712,mse,1.1576993031809724,OGDConcOnly,2.6826942976805044,1020.0,2.6826942976805044,33.0
0.17380698709771403,0.7422620517392177,9.0,7.8023502809541005,3.2780108093555045,3.2780108093555045,,,4.0,5.6767653349785,mse,1.1011209722844786,MWUMBothKL,2.465701647470471,1020.0,2.465701647470471,33.0
0.27478462926891795,0.17236140843566017,9.0,7.8023502809541005,3.2780108093555045,3.2780108093555045,,,4.0,4.652233336402922,mse,1.06286121485273,MWUMConcOnlyKL,2.3381455268929936,1020.0,2.3381455268929936,33.0
0.09666142815802499,nan,9.0,7.8023502809541005,3.2780108093555045,3.2780108093555045,0.3931372549019608,0.0,4.0,6.211720122485518,mse,1.2319925869596284,RLRuleBandit,3.0173090850315805,1020.0,3.0173090850315805,33.0
0.34679848623837417,2.5098356773946597,9.0,7.8023502809541005,3.2780108093555045,3.2780108093555045,0.6352941176470588,3.653686274509804,4.0,5.030164972728546,mse,1.1380356273167624,RLKappaBandit,2.609211519716413,1020.0,2.609211519716413,33.0
0.055555555555555566,nan,1.0,11.622766076559035,4.0610898895902094,4.0610898895902094,,,8.0,12.094393445661925,mse,1.5606824492790772,Mean,4.622775573622857,1020.0,4.622775573622857,33.0
nan,nan,1.0,11.622766076559035,4.0610898895902094,4.0610898895902094,,,8.0,11.41659697298401,mse,1.4823649477642844,Median,4.361438048936779,1020.0,4.361438048936779,33.0
0.17962413890911894,nan,1.0,11.622766076559035,4.0610898895902094,4.0610898895902094,,,8.0,7.346346497853451,mse,1.2951178464242408,OGDVanilla,3.4711430022267518,1020.0,3.4711430022267518,33.0
0.9873119624054812,nan,1.0,11.622766076559035,4.0610898895902094,4.0610898895902094,,,8.0,11.587330603696815,mse,1.4083699195176487,MWUMVanilla,4.107074752940521,1020.0,4.107074752940521,33.0
0.1764266798310051,0.10908680015477062,1.0,11.622766076559035,4.0610898895902094,4.0610898895902094,,,8.0,7.30391508531153,mse,1.2937341285143822,OGDBoth,3.4643803261243433,1020.0,3.4643803261243433,33.0
0.09896720916226641,1.9425720923859622,1.0,11.622766076559035,4.0610898895902094,4.0610898895902094,,,8.0,10.30231684575257,mse,1.36358766939309,OGDConcOnly,3.730182411383273,1020.0,3.730182411383273,33.0
0.21664614811567004,0.7069945062428906,1.0,11.622766076559035,4.0610898895902094,4.0610898895902094,,,8.0,4.9017485461740105,mse,1.1979982041601385,MWUMBothKL,2.9431720159682566,1020.0,2.9431720159682566,33.0
0.31351871597358477,0.1727525114726883,1.0,11.622766076559035,4.0610898895902094,4.0610898895902094,,,8.0,4.711184655554935,mse,1.1797195901193136,MWUMConcOnlyKL,2.913640705330109,1020.0,2.913640705330109,33.0
0.15006908256599802,nan,1.0,11.622766076559035,4.0610898895902094,4.0610898895902094,0.3686274509803922,3.0,8.0,12.10114388301135,mse,1.4452402664723984,RLRuleBandit,4.139205501378004,1020.0,4.139205501378004,33.0
0.6168482562674631,0.1772929529100657,1.0,11.622766076559035,4.0610898895902094,4.0610898895902094,0.1627450980392157,0.2466078431372549,8.0,4.967947715261785,mse,1.2030225777035326,RLKappaBandit,3.00883273746976,1020.0,3.00883273746976,33.0
0.055555555555555566,nan,9.0,0.8949402044007909,1.0874348414540673,1.0874348414540673,,,1.0,0.7681521265687107,mse,0.6970028270696816,Mean,1.0573022084502046,1020.0,1.0573022084502046,34.0
nan,nan,9.0,0.8949402044007909,1.0874348414540673,1.0874348414540673,,,1.0,0.8235171285162796,mse,0.6803780873828946,Median,1.0526601142374274,1020.0,1.0526601142374274,34.0
0.06123122004225102,nan,9.0,0.8949402044007909,1.0874348414540673,1.0874348414540673,,,1.0,0.8214558596741757,mse,0.6876506261420465,OGDVanilla,1.0488884693185516,1020.0,1.0488884693185516,34.0
0.06824508855238963,nan,9.0,0.8949402044007909,1.0874348414540673,1.0874348414540673,,,1.0,0.831857895514166,mse,0.6803528984460178,MWUMVanilla,1.0435857247216136,1020.0,1.0435857247216136,34.0
0.060845348391625295,0.09672219218976737,9.0,0.8949402044007909,1.0874348414540673,1.0874348414540673,,,1.0,0.8214369943684534,mse,0.6876851670735459,OGDBoth,1.049168535493076,1020.0,1.049168535493076,34.0
0.058054096527051235,5.334134590610024,9.0,0.8949402044007909,1.0874348414540673,1.0874348414540673,,,1.0,0.805570621706558,mse,0.6899466646320161,OGDConcOnly,1.0523001563436278,1020.0,1.0523001563436278,34.0
0.06727851199264508,0.02428407192580482,9.0,0.8949402044007909,1.0874348414540673,1.0874348414540673,,,1.0,0.8314401270093515,mse,0.680409147588307,MWUMBothKL,1.0432593018594232,1020.0,1.0432593018594232,34.0
0.05659956279301614,5.252941567953332,9.0,0.8949402044007909,1.0874348414540673,1.0874348414540673,,,1.0,0.8098004335346377,mse,0.6867235404900726,MWUMConcOnlyKL,1.0491590153757349,1020.0,1.0491590153757349,34.0
0.05685198229700958,nan,9.0,0.8949402044007909,1.0874348414540673,1.0874348414540673,0.3764705882352941,6.0,1.0,0.8179624695996537,mse,0.6882410755518944,RLRuleBandit,1.0522884049986378,1020.0,1.0522884049986378,34.0
0.2552166152732611,1.0692489745070932,9.0,0.8949402044007909,1.0874348414540673,1.0874348414540673,0.5450980392156862,1.5009117647058825,1.0,0.9394241262134337,mse,0.7026812372118049,RLKappaBandit,1.1441959029058308,1020.0,1.1441959029058308,34.0
0.055555555555555566,nan,1.0,5.137377889029984,3.586342138937849,3.586342138937849,,,4.0,4.936584070995254,mse,1.370575060217893,Mean,3.7306979924017103,1020.0,3.7306979924017103,34.0
nan,nan,1.0,5.137377889029984,3.586342138937849,3.586342138937849,,,4.0,4.391472202496225,mse,1.3289234750578707,Median,3.6436257806591104,1020.0,3.6436257806591104,34.0
0.24495234437471744,nan,1.0,5.137377889029984,3.586342138937849,3.586342138937849,,,4.0,3.523003919046036,mse,1.1509553514454713,OGDVanilla,2.8204293955245126,1020.0,2.8204293955245126,34.0
0.21432109223410936,nan,1.0,5.137377889029984,3.586342138937849,3.586342138937849,,,4.0,4.4409649547344126,mse,1.3121566473188435,MWUMVanilla,3.5794820338267974,1020.0,3.5794820338267974,34.0
0.15251526473778262,1.7764714317146604,1.0,5.137377889029984,3.586342138937849,3.586342138937849,,,4.0,3.390915254896747,mse,1.1541005273046432,OGDBoth,2.788693594551783,1020.0,2.788693594551783,34.0
0.091647013161138,1.8024073007953452,1.0,5.137377889029984,3.586342138937849,3.586342138937849,,,4.0,3.2571331502745373,mse,1.1870243623588945,OGDConcOnly,2.8312856080123856,1020.0,2.8312856080123856,34.0
0.18966817902995617,0.7438286708461367,1.0,5.137377889029984,3.586342138937849,3.586342138937849,,,4.0,3.5015271403031893,mse,1.1212126134252214,MWUMBothKL,2.698602738610345,1020.0,2.698602738610345,34.0
0.28610464820026266,0.17272519299433936,1.0,5.137377889029984,3.586342138937849,3.586342138937849,,,4.0,3.4944146227515973,mse,1.0886142593481165,MWUMConcOnlyKL,2.5878739485814157,1020.0,2.5878739485814157,34.0
0.11982886269038001,nan,1.0,5.137377889029984,3.586342138937849,3.586342138937849,0.6676470588235294,4.0,4.0,11.752000050628492,mse,1.235747891158531,RLRuleBandit,3.1964147209974585,1020.0,3.1964147209974585,34.0
0.25260923169207994,1.3883674849164218,1.0,5.137377889029984,3.586342138937849,3.586342138937849,0.8147058823529412,2.0578823529411765,4.0,3.64169443158568,mse,1.1257161864001912,RLKappaBandit,2.658535076505615,1020.0,2.658535076505615,34.0
0.055555555555555566,nan,9.0,9.68458728340523,4.62380236333096,4.62380236333096,,,8.0,15.062466798213775,mse,1.6120947625397308,Mean,5.307963504352549,1020.0,5.307963504352549,34.0
nan,nan,9.0,9.68458728340523,4.62380236333096,4.62380236333096,,,8.0,10.884412000883811,mse,1.5115160694856375,Median,4.94014466804548,1020.0,4.94014466804548,34.0
0.20014983863378527,nan,9.0,9.68458728340523,4.62380236333096,4.62380236333096,,,8.0,7.802110259951055,mse,1.3086429615208228,OGDVanilla,3.8415928264744634,1020.0,3.8415928264744634,34.0
0.99666495137966,nan,9.0,9.68458728340523,4.62380236333096,4.62380236333096,,,8.0,11.120424537377708,mse,1.4832142607194923,MWUMVanilla,4.692953520830597,1020.0,4.692953520830597,34.0
0.19330904353843428,0.10931703707534673,9.0,9.68458728340523,4.62380236333096,4.62380236333096,,,8.0,7.800277685096593,mse,1.3072396216968392,OGDBoth,3.830356387826682,1020.0,3.830356387826682,34.0
0.10053250088560661,1.9466720906045805,9.0,9.68458728340523,4.62380236333096,4.62380236333096,,,8.0,9.50254819132377,mse,1.4047897038059711,OGDConcOnly,4.136174466463318,1020.0,4.136174466463318,34.0
0.22055130747606497,0.708486689529017,9.0,9.68458728340523,4.62380236333096,4.62380236333096,,,8.0,7.415475151359187,mse,1.2622577336463596,MWUMBothKL,3.5776609038481704,1020.0,3.5776609038481704,34.0
0.31298280092462777,0.17311712149498182,9.0,9.68458728340523,4.62380236333096,4.62380236333096,,,8.0,8.987337055197592,mse,1.2666631162403768,MWUMConcOnlyKL,3.701412933626291,1020.0,3.701412933626291,34.0
0.11240221949681835,nan,9.0,9.68458728340523,4.62380236333096,4.62380236333096,0.7225490196078431,4.0,8.0,13.708108149703378,mse,1.4217034616833935,RLRuleBandit,4.310329302312811,1020.0,4.310329302312811,34.0
0.2557477428658445,1.8911443900213967,9.0,9.68458728340523,4.62380236333096,4.62380236333096,0.8225490196078431,2.924813725490196,8.0,7.306419004933233,mse,1.2922747214912902,RLKappaBandit,3.648265372018231,1020.0,3.648265372018231,34.0
0.055555555555555566,nan,13.0,0.6500046871491557,0.8228402115484188,0.8228402115484188,,,1.0,0.6037467297778802,mse,0.6223931391047343,Mean,0.7911869914663666,1020.0,0.7911869914663666,35.0
nan,nan,13.0,0.6500046871491557,0.8228402115484188,0.8228402115484188,,,1.0,0.6008454256176615,mse,0.6132769625706327,Median,0.7860200887427118,1020.0,0.7860200887427118,35.0
0.06028925258292114,nan,13.0,0.6500046871491557,0.8228402115484188,0.8228402115484188,,,1.0,0.6107074506125749,mse,0.6164530011145796,OGDVanilla,0.7782862898863505,1020.0,0.7782862898863505,35.0
0.06665669556039236,nan,13.0,0.6500046871491557,0.8228402115484188,0.8228402115484188,,,1.0,0.6111754893606384,mse,0.6123268551945923,MWUMVanilla,0.7761231621408957,1020.0,0.7761231621408957,35.0
0.05997950074104276,0.09143525116287912,13.0,0.6500046871491557,0.8228402115484188,0.8228402115484188,,,1.0,0.6109917728775449,mse,0.6163995212449569,OGDBoth,0.7784513843684228,1020.0,0.7784513843684228,35.0
0.05731110200826551,5.042561988115962,13.0,0.6500046871491557,0.8228402115484188,0.8228402115484188,,,1.0,0.6088805257724305,mse,0.6123670214900621,OGDConcOnly,0.7765031395484304,1020.0,0.7765031395484304,35.0
0.066108245322528,0.022956718878175637,13.0,0.6500046871491557,0.8228402115484188,0.8228402115484188,,,1.0,0.6113108819482699,mse,0.6123808306687089,MWUMBothKL,0.7760633918632361,1020.0,0.7760633918632361,35.0
0.05615219199748495,4.965807110945923,13.0,0.6500046871491557,0.8228402115484188,0.8228402115484188,,,1.0,0.6089919398003564,mse,0.6155536592143,MWUMConcOnlyKL,0.7840838608013101,1020.0,0.7840838608013101,35.0
0.05763221350586275,nan,13.0,0.6500046871491557,0.8228402115484188,0.8228402115484188,0.44901960784313727,4.0,1.0,0.5926224399666703,mse,0.6147666691001253,RLRuleBandit,0.7708748985722541,1020.0,0.7708748985722541,35.0
0.2788354566703444,0.2403485184377865,13.0,0.6500046871491557,0.8228402115484188,0.8228402115484188,0.403921568627451,0.36140196078431375,1.0,0.9529720224350926,mse,0.6312072250066015,RLKappaBandit,0.8778908075589784,1020.0,0.8778908075589784,35.0
0.055555555555555566,nan,9.0,11.671990645745359,2.782525068266203,2.782525068266203,,,4.0,9.178302594827816,mse,1.2135676041103494,Mean,2.810918233448446,1020.0,2.810918233448446,35.0
nan,nan,9.0,11.671990645745359,2.782525068266203,2.782525068266203,,,4.0,8.902419359898142,mse,1.1836285217487945,Median,2.809672431001315,1020.0,2.809672431001315,35.0
0.21517361883807587,nan,9.0,11.671990645745359,2.782525068266203,2.782525068266203,,,4.0,4.927557752748988,mse,1.008636787388617,OGDVanilla,2.034892646260381,1020.0,2.034892646260381,35.0
0.1820325217381116,nan,9.0,11.671990645745359,2.782525068266203,2.782525068266203,,,4.0,9.55837442073144,mse,1.163263855424614,MWUMVanilla,2.7458874768690027,1020.0,2.7458874768690027,35.0
0.14212679927018418,1.679366607054737,9.0,11.671990645745359,2.782525068266203,2.782525068266203,,,4.0,4.908977944734535,mse,1.0054141614230092,OGDBoth,2.0198599023528283,1020.0,2.0198599023528283,35.0
0.08999976298093977,1.7038847784498763,9.0,11.671990645745359,2.782525068266203,2.782525068266203,,,4.0,5.600229273923314,mse,1.0573587589502533,OGDConcOnly,2.1505339049216223,1020.0,2.1505339049216223,35.0
0.1779565169259722,0.703169814799207,9.0,11.671990645745359,2.782525068266203,2.782525068266203,,,4.0,4.815240362954734,mse,0.995103710532455,MWUMBothKL,1.973393946465674,1020.0,1.973393946465674,35.0
0.27043214608893545,0.16328380169628476,9.0,11.671990645745359,2.782525068266203,2.782525068266203,,,4.0,4.884091479914537,mse,0.9651234648968299,MWUMConcOnlyKL,1.8855593277208125,1020.0,1.8855593277208125,35.0
0.1209164343902903,nan,9.0,11.671990645745359,2.782525068266203,2.782525068266203,0.6421568627450981,6.0,4.0,5.25217293530441,mse,1.0883520235905013,RLRuleBandit,2.377895260675732,1020.0,2.377895260675732,35.0
0.3987777808574148,1.586509153451531,9.0,11.671990645745359,2.782525068266203,2.782525068266203,0.41274509803921566,2.5594803921568627,4.0,4.950429364922139,mse,1.0223715738287313,RLKappaBandit,2.047623763862641,1020.0,2.047623763862641,35.0
0.055555555555555566,nan,9.0,9.02390752486735,3.431973984435562,3.431973984435562,,,8.0,7.355095524815631,mse,1.4543872293582403,Mean,3.874012223176876,1020.0,3.874012223176876,35.0
nan,nan,9.0,9.02390752486735,3.431973984435562,3.431973984435562,,,8.0,9.216567067037568,mse,1.3949875973678825,Median,3.778525487531073,1020.0,3.778525487531073,35.0
0.176813064505412,nan,9.0,9.02390752486735,3.431973984435562,3.431973984435562,,,8.0,5.014218766002777,mse,1.1637566679025895,OGDVanilla,2.6396227795683056,1020.0,2.6396227795683056,35.0
0.9878629563361805,nan,9.0,9.02390752486735,3.431973984435562,3.431973984435562,,,8.0,9.471145097467863,mse,1.322168861303642,MWUMVanilla,3.501089884660231,1020.0,3.501089884660231,35.0
0.1742532528882565,0.10334164090594725,9.0,9.02390752486735,3.431973984435562,3.431973984435562,,,8.0,4.945498228848794,mse,1.1602280465229222,OGDBoth,2.6241301126305596,1020.0,2.6241301126305596,35.0
0.10010589044855069,1.8402638152125463,9.0,9.02390752486735,3.431973984435562,3.431973984435562,,,8.0,5.373897013144881,mse,1.2395295815619263,OGDConcOnly,2.8722114185614873,1020.0,2.8722114185614873,35.0
0.22036585640060513,0.6697596848867972,9.0,9.02390752486735,3.431973984435562,3.431973984435562,,,8.0,3.3189954699546593,mse,1.0811536590666029,MWUMBothKL,2.338417499311122,1020.0,2.338417499311122,35.0
0.3083127419150191,0.1636543067340569,9.0,9.02390752486735,3.431973984435562,3.431973984435562,,,8.0,3.3779744277441885,mse,1.0736934090216246,MWUMConcOnlyKL,2.3030126148758234,1020.0,2.3030126148758234,35.0
0.12141693768703188,nan,9.0,9.02390752486735,3.431973984435562,3.431973984435562,0.592156862745098,6.0,8.0,5.307718141124376,mse,1.1945126387087963,RLRuleBandit,2.678620166309583,1020.0,2.678620166309583,35.0
0.2620484818996362,0.6211386653169223,9.0,9.02390752486735,3.431973984435562,3.431973984435562,0.9970588235294118,1.000627450980392,8.0,3.381749640244988,mse,1.091668260856414,RLKappaBandit,2.3420470079759803,1020.0,2.3420470079759803,35.0
0.055555555555555566,nan,3.0,0.6572555589051309,0.8128057187764695,0.8128057187764695,,,1.0,0.641688523623038,mse,0.6252291262119534,Mean,0.7961174347243934,1020.0,0.7961174347243934,36.0
nan,nan,3.0,0.6572555589051309,0.8128057187764695,0.8128057187764695,,,1.0,0.6611116178210339,mse,0.6175876872766365,Median,0.7918684774523618,1020.0,0.7918684774523618,36.0
0.06010715967072475,nan,3.0,0.6572555589051309,0.8128057187764695,0.8128057187764695,,,1.0,0.659631467610699,mse,0.6187075622471179,OGDVanilla,0.7879517549410221,1020.0,0.7879517549410221,36.0
0.06462197395300819,nan,3.0,0.6572555589051309,0.8128057187764695,0.8128057187764695,,,1.0,0.6731080083647427,mse,0.6132776908500526,MWUMVanilla,0.7830117844430818,1020.0,0.7830117844430818,36.0
0.05977134734262451,0.09924259655016243,3.0,0.6572555589051309,0.8128057187764695,0.8128057187764695,,,1.0,0.6594997743379678,mse,0.6187201624020756,OGDBoth,0.7881531513400853,1020.0,0.7881531513400853,36.0
0.056748042883285416,5.473133844613487,3.0,0.6572555589051309,0.8128057187764695,0.8128057187764695,,,1.0,0.7001702535831956,mse,0.6214358984381128,OGDConcOnly,0.7996892575736889,1020.0,0.7996892575736889,36.0
0.06417444241137525,0.024916851143884602,3.0,0.6572555589051309,0.8128057187764695,0.8128057187764695,,,1.0,0.6737338953548915,mse,0.6131782816311493,MWUMBothKL,0.7831583688628176,1020.0,0.7831583688628176,36.0
0.05604680666361118,5.38982505762734,3.0,0.6572555589051309,0.8128057187764695,0.8128057187764695,,,1.0,0.6793044632072499,mse,0.6212408894459406,MWUMConcOnlyKL,0.7976094255544129,1020.0,0.7976094255544129,36.0
0.057034204297366976,nan,3.0,0.6572555589051309,0.8128057187764695,0.8128057187764695,0.3303921568627451,1.0,1.0,0.651487575250715,mse,0.6183039661857026,RLRuleBandit,0.7881813269468988,1020.0,0.7881813269468988,36.0
0.22933917605244464,1.4313360059792979,3.0,0.6572555589051309,0.8128057187764695,0.8128057187764695,0.542156862745098,2.1246568627450975,1.0,0.8276730430127609,mse,0.6491102737696098,RLKappaBandit,0.8835490720635623,1020.0,0.8835490720635623,36.0
0.055555555555555566,nan,9.0,2.492584780581541,2.4159294677730796,2.4159294677730796,,,4.0,2.519152430462081,mse,1.1649639341267968,Mean,2.4747928219377004,1020.0,2.4747928219377004,36.0
nan,nan,9.0,2.492584780581541,2.4159294677730796,2.4159294677730796,,,4.0,2.5538547056401186,mse,1.1382963591648372,Median,2.4419393991338794,1020.0,2.4419393991338794,36.0
0.21797243825032891,nan,9.0,2.492584780581541,2.4159294677730796,2.4159294677730796,,,4.0,1.687063233583464,mse,0.9924013650217199,OGDVanilla,1.8865765501372906,1020.0,1.8865765501372906,36.0
0.18698167971758933,nan,9.0,2.492584780581541,2.4159294677730796,2.4159294677730796,,,4.0,2.6574745375509674,mse,1.1338106040935991,MWUMVanilla,2.417036557367337,1020.0,2.417036557367337,36.0
0.12948260314094268,1.82276349781556,9.0,2.492584780581541,2.4159294677730796,2.4159294677730796,,,4.0,1.6569531528740815,mse,0.9938742264981367,OGDBoth,1.8782023373282208,1020.0,1.8782023373282208,36.0
0.07858847699181533,1.8493752154465126,9.0,2.492584780581541,2.4159294677730796,2.4159294677730796,,,4.0,1.7013654403402105,mse,1.0279246166653857,OGDConcOnly,1.9557714972109774,1020.0,1.9557714972109774,36.0
0.1517667694095665,0.7632116670906913,9.0,2.492584780581541,2.4159294677730796,2.4159294677730796,,,4.0,1.5748545978487796,mse,0.99255121151929,MWUMBothKL,1.836763811859494,1020.0,1.836763811859494,36.0
0.26002360548782166,0.1772261177587335,9.0,2.492584780581541,2.4159294677730796,2.4159294677730796,,,4.0,1.4629482030214251,mse,0.9616973069186603,MWUMConcOnlyKL,1.746880148345254,1020.0,1.746880148345254,36.0
0.14102586434558578,nan,9.0,2.492584780581541,2.4159294677730796,2.4159294677730796,0.9009803921568628,5.0,4.0,1.7172798184141163,mse,1.0191635783094848,RLRuleBandit,1.9498359949363915,1020.0,1.9498359949363915,36.0
0.24069033047690283,0.7393078533783817,9.0,2.492584780581541,2.4159294677730796,2.4159294677730796,0.8098039215686275,1.0179411764705881,4.0,1.5173595188640396,mse,0.980020435901643,RLKappaBandit,1.7931984741714262,1020.0,1.7931984741714262,36.0
0.055555555555555566,nan,9.0,4.124552432781671,2.8724417867220517,2.8724417867220517,,,8.0,5.799225753058409,mse,1.3264131140849957,Mean,3.2418631229534043,1020.0,3.2418631229534043,36.0
nan,nan,9.0,4.124552432781671,2.8724417867220517,2.8724417867220517,,,8.0,5.43117871248124,mse,1.265504900403784,Median,3.0757211410197507,1020.0,3.0757211410197507,36.0
0.14631040646939292,nan,9.0,4.124552432781671,2.8724417867220517,2.8724417867220517,,,8.0,4.49653934802589,mse,1.1516896423454586,OGDVanilla,2.5891107123743584,1020.0,2.5891107123743584,36.0
0.9938452141547534,nan,9.0,4.124552432781671,2.8724417867220517,2.8724417867220517,,,8.0,4.240294117738992,mse,1.2251700738843407,MWUMVanilla,2.887689579013674,1020.0,2.887689579013674,36.0
0.14326994709831808,0.11216564357272366,9.0,4.124552432781671,2.8724417867220517,2.8724417867220517,,,8.0,4.494496354673044,mse,1.149317672479335,OGDBoth,2.5809689867346695,1020.0,2.5809689867346695,36.0
0.08456526071179461,1.9973993220823358,9.0,4.124552432781671,2.8724417867220517,2.8724417867220517,,,8.0,4.731038183503005,mse,1.1652020807232264,OGDConcOnly,2.5645309028156897,1020.0,2.5645309028156897,36.0
0.1771113525058551,0.7269487285169458,9.0,4.124552432781671,2.8724417867220517,2.8724417867220517,,,8.0,4.152428824619725,mse,1.0791530847937751,MWUMBothKL,2.3262401337767704,1020.0,2.3262401337767704,36.0
0.27940702836549464,0.1776282593086532,9.0,4.124552432781671,2.8724417867220517,2.8724417867220517,,,8.0,4.405506735650436,mse,1.0583481576954126,MWUMConcOnlyKL,2.2939564204175005,1020.0,2.2939564204175005,36.0
0.7108067559777791,nan,9.0,4.124552432781671,2.8724417867220517,2.8724417867220517,0.7254901960784313,2.0,8.0,5.005240682610139,mse,1.2487573798650424,RLRuleBandit,2.94318619876705,1020.0,2.94318619876705,36.0
0.2880073772426108,2.555656769167365,9.0,4.124552432781671,2.8724417867220517,2.8724417867220517,0.7284313725490196,3.8172549019607844,8.0,5.066605567403725,mse,1.0990802961168642,RLKappaBandit,2.4231918553146827,1020.0,2.4231918553146827,36.0
0.055555555555555566,nan,1.0,1.2907608747185952,0.851483716968706,0.851483716968706,,,1.0,1.0240864193752162,mse,0.6114962651478133,Mean,0.8190624080070118,1020.0,0.8190624080070118,37.0
nan,nan,1.0,1.2907608747185952,0.851483716968706,0.851483716968706,,,1.0,1.1297237756702112,mse,0.5997046995055628,Median,0.8101098712980164,1020.0,0.8101098712980164,37.0
0.05840750516223546,nan,1.0,1.2907608747185952,0.851483716968706,0.851483716968706,,,1.0,1.1529294275274993,mse,0.6125922753796994,OGDVanilla,0.8183243063255186,1020.0,0.8183243063255186,37.0
0.06503360326307744,nan,1.0,1.2907608747185952,0.851483716968706,0.851483716968706,,,1.0,1.179122056393955,mse,0.6041063412553761,MWUMVanilla,0.8135968238854837,1020.0,0.8135968238854837,37.0
0.058221996117975267,0.09912239467234238,1.0,1.2907608747185952,0.851483716968706,0.851483716968706,,,1.0,1.1542334525296585,mse,0.6124680389552578,OGDBoth,0.8183122523561557,1020.0,0.8183122523561557,37.0
0.05693954674203187,5.466504760959552,1.0,1.2907608747185952,0.851483716968706,0.851483716968706,,,1.0,1.1579050203956196,mse,0.6056447071696173,OGDConcOnly,0.8051403247933214,1020.0,0.8051403247933214,37.0
0.06439168676616519,0.02488667295047489,1.0,1.2907608747185952,0.851483716968706,0.851483716968706,,,1.0,1.1804241264038189,mse,0.6042088582836793,MWUMBothKL,0.8135517706628898,1020.0,0.8135517706628898,37.0
0.056203903079315894,5.383296877959059,1.0,1.2907608747185952,0.851483716968706,0.851483716968706,,,1.0,1.1674746145381005,mse,0.6076143738038945,MWUMConcOnlyKL,0.8154705856758362,1020.0,0.8154705856758362,37.0
0.0574539907554462,nan,1.0,1.2907608747185952,0.851483716968706,0.851483716968706,0.39705882352941174,1.0,1.0,1.0593720056612845,mse,0.6088654703099393,RLRuleBandit,0.8145120509834738,1020.0,0.8145120509834738,37.0
0.12372661139429328,4.217842658533181,1.0,1.2907608747185952,0.851483716968706,0.851483716968706,0.8362745098039216,6.115186274509804,1.0,1.3044835025129031,mse,0.6122748710964757,RLKappaBandit,0.8516568719083445,1020.0,0.8516568719083445,37.0
0.055555555555555566,nan,9.0,4.597717846453532,2.594450591617056,2.594450591617056,,,4.0,5.920143369503514,mse,1.138867840382304,Mean,2.6479884350257827,1020.0,2.6479884350257827,37.0
nan,nan,9.0,4.597717846453532,2.594450591617056,2.594450591617056,,,4.0,6.099514065485649,mse,1.1107186167951435,Median,2.6246048127792876,1020.0,2.6246048127792876,37.0
0.19543865017166065,nan,9.0,4.597717846453532,2.594450591617056,2.594450591617056,,,4.0,4.87792726755556,mse,0.9729285121918899,OGDVanilla,1.9740451331714615,1020.0,1.9740451331714615,37.0
0.28066762016459773,nan,9.0,4.597717846453532,2.594450591617056,2.594450591617056,,,4.0,5.4842835465628585,mse,1.0955509851871534,MWUMVanilla,2.601301758981378,1020.0,2.601301758981378,37.0
0.12834030714909012,1.8205557595014485,9.0,4.597717846453532,2.594450591617056,2.594450591617056,,,4.0,4.88622416483304,mse,0.9660032448265158,OGDBoth,1.9644492857890596,1020.0,1.9644492857890596,37.0
0.08140845393499052,1.8471352448977085,9.0,4.597717846453532,2.594450591617056,2.594450591617056,,,4.0,4.9487151755407215,mse,0.9929751495208785,OGDConcOnly,2.0438835962055983,1020.0,2.0438835962055983,37.0
0.15215716924336453,0.7622872628232708,9.0,4.597717846453532,2.594450591617056,2.594450591617056,,,4.0,5.05178813772406,mse,0.93674059017023,MWUMBothKL,1.8810502279798496,1020.0,1.8810502279798496,37.0
0.2375945872261302,0.1770114618816416,9.0,4.597717846453532,2.594450591617056,2.594450591617056,,,4.0,4.907092303430985,mse,0.9069453377471614,MWUMConcOnlyKL,1.7738263052732983,1020.0,1.7738263052732983,37.0
0.1160675882837907,nan,9.0,4.597717846453532,2.594450591617056,2.594450591617056,0.503921568627451,0.0,4.0,6.536455027135218,mse,1.0774253580848738,RLRuleBandit,2.4268061564218897,1020.0,2.4268061564218897,37.0
0.5404510282062673,0.045321454187635286,9.0,4.597717846453532,2.594450591617056,2.594450591617056,0.10686274509803921,0.07136274509803922,4.0,4.8907556384674775,mse,0.9185707298992957,RLKappaBandit,1.8109475035010563,1020.0,1.8109475035010563,37.0
0.055555555555555566,nan,9.0,7.034233001750205,3.1657915423664633,3.1657915423664633,,,8.0,13.196332769105203,mse,1.3284545443441882,Mean,3.558822247696745,1020.0,3.558822247696745,37.0
nan,nan,9.0,7.034233001750205,3.1657915423664633,3.1657915423664633,,,8.0,11.96520587019235,mse,1.2620738009630756,Median,3.405514833765183,1020.0,3.405514833765183,37.0
0.1683223590661054,nan,9.0,7.034233001750205,3.1657915423664633,3.1657915423664633,,,8.0,7.7369584466810215,mse,1.0916989001,OGDVanilla,2.5497025537689506,1020.0,2.5497025537689506,37.0
0.9934202426122682,nan,9.0,7.034233001750205,3.1657915423664633,3.1657915423664633,,,8.0,9.400143425745316,mse,1.2296090209349073,MWUMVanilla,3.209073179951171,1020.0,3.209073179951171,37.0
0.1649612516005798,0.1120297892409602,9.0,7.034233001750205,3.1657915423664633,3.1657915423664633,,,8.0,7.713781282384621,mse,1.0877582494681148,OGDBoth,2.536297795025592,1020.0,2.536297795025592,37.0
0.08970217466252825,1.9949800640553093,9.0,7.034233001750205,3.1657915423664633,3.1657915423664633,,,8.0,7.372604777336712,mse,1.1396728637036506,OGDConcOnly,2.6823050004134714,1020.0,2.6823050004134714,37.0
0.19327558626437946,0.7260682460873771,9.0,7.034233001750205,3.1657915423664633,3.1657915423664633,,,8.0,6.422638942013657,mse,1.0262460939383782,MWUMBothKL,2.2387529824398436,1020.0,2.2387529824398436,37.0
0.27411094423975335,0.1774131163558679,9.0,7.034233001750205,3.1657915423664633,3.1657915423664633,,,8.0,6.248276877931245,mse,1.0011602760963352,MWUMConcOnlyKL,2.162861004392297,1020.0,2.162861004392297,37.0
0.12995955886369878,nan,9.0,7.034233001750205,3.1657915423664633,3.1657915423664633,0.35784313725490197,4.0,8.0,581.0746134060385,mse,1.1766539041606612,RLRuleBandit,3.124978687544684,1020.0,3.124978687544684,37.0
0.30146899159834795,1.2297315245713478,9.0,7.034233001750205,3.1657915423664633,3.1657915423664633,0.8754901960784314,1.769686274509804,8.0,7.026262220695357,mse,1.0307306489857482,RLKappaBandit,2.2794826792577223,1020.0,2.2794826792577223,37.0
0.055555555555555566,nan,1.0,0.6924544917949383,0.8689697726121349,0.8689697726121349,,,1.0,0.6041781342639194,mse,0.6344855390534323,Mean,0.8285574440059148,1020.0,0.8285574440059148,38.0
nan,nan,1.0,0.6924544917949383,0.8689697726121349,0.8689697726121349,,,1.0,0.6127753055094469,mse,0.6233707711781538,Median,0.8213123815015617,1020.0,0.8213123815015617,38.0
0.06145338130294235,nan,1.0,0.6924544917949383,0.8689697726121349,0.8689697726121349,,,1.0,0.6020107606248991,mse,0.6315653436608103,OGDVanilla,0.8210470765069962,1020.0,0.8210470765069962,38.0
0.06548622252308167,nan,1.0,0.6924544917949383,0.8689697726121349,0.8689697726121349,,,1.0,0.6020608026929378,mse,0.6279518112328193,MWUMVanilla,0.8187506310361933,1020.0,0.8187506310361933,38.0
0.060990533579191056,0.10066814350694997,1.0,0.6924544917949383,0.8689697726121349,0.8689697726121349,,,1.0,0.6023372135536647,mse,0.6313248464898373,OGDBoth,0.8210999582650036,1020.0,0.8210999582650036,38.0
0.056782985730730366,5.551752167392977,1.0,0.6924544917949383,0.8689697726121349,0.8689697726121349,,,1.0,0.6086234337345228,mse,0.626011867194124,OGDConcOnly,0.8213817822943286,1020.0,0.8213817822943286,38.0
0.06494985131929305,0.025274752638909246,1.0,0.6924544917949383,0.8689697726121349,0.8689697726121349,,,1.0,0.6023716435433212,mse,0.6276726073195436,MWUMBothKL,0.8186571341680161,1020.0,0.8186571341680161,38.0
0.05602382624288996,5.46724669885504,1.0,0.6924544917949383,0.8689697726121349,0.8689697726121349,,,1.0,0.6097248067766647,mse,0.6268230199644431,MWUMConcOnlyKL,0.8249703211161316,1020.0,0.8249703211161316,38.0
0.05886533475635768,nan,1.0,0.6924544917949383,0.8689697726121349,0.8689697726121349,0.30196078431372547,4.0,1.0,0.608548976417946,mse,0.6268368629668521,RLRuleBandit,0.8272257476886189,1020.0,0.8272257476886189,38.0
0.28510277169929926,0.6393681236769186,1.0,0.6924544917949383,0.8689697726121349,0.8689697726121349,0.2852941176470588,0.7911666666666667,1.0,0.7571385253356375,mse,0.6610755685898757,RLKappaBandit,0.942896623767619,1020.0,0.942896623767619,38.0
0.055555555555555566,nan,9.0,3.6611586826153233,2.7106102770783616,2.7106102770783616,,,4.0,3.439018293288344,mse,1.144681144053641,Mean,2.6774725412198364,1020.0,2.6774725412198364,38.0
nan,nan,9.0,3.6611586826153233,2.7106102770783616,2.7106102770783616,,,4.0,3.8469372921070057,mse,1.1169649369866268,Median,2.684700900770091,1020.0,2.684700900770091,38.0
0.2131524814966915,nan,9.0,3.6611586826153233,2.7106102770783616,2.7106102770783616,,,4.0,2.045476935202466,mse,0.9616109379472748,OGDVanilla,1.9699927400266755,1020.0,1.9699927400266755,38.0
0.30110274068109427,nan,9.0,3.6611586826153233,2.7106102770783616,2.7106102770783616,,,4.0,3.802435038701873,mse,1.112931711103581,MWUMVanilla,2.711618854104224,1020.0,2.711618854104224,38.0
0.13244191636590935,1.8489464052055473,9.0,3.6611586826153233,2.7106102770783616,2.7106102770783616,,,4.0,2.053467056793103,mse,0.960267936316678,OGDBoth,1.969201305382201,1020.0,1.969201305382201,38.0
0.08277851086648451,1.875940384452621,9.0,3.6611586826153233,2.7106102770783616,2.7106102770783616,,,4.0,2.2535560564666683,mse,0.9925610348885874,OGDConcOnly,2.0478524643167333,1020.0,2.0478524643167333,38.0
0.1513602948731396,0.7741747378360212,9.0,3.6611586826153233,2.7106102770783616,2.7106102770783616,,,4.0,1.8617332792193562,mse,0.941963312614997,MWUMBothKL,1.8848174971447633,1020.0,1.8848174971447633,38.0
0.23920963011565372,0.17977185196767054,9.0,3.6611586826153233,2.7106102770783616,2.7106102770783616,,,4.0,1.7199516955688248,mse,0.9190549434639769,MWUMConcOnlyKL,1.7868074111352537,1020.0,1.7868074111352537,38.0
0.11983404160542366,nan,9.0,3.6611586826153233,2.7106102770783616,2.7106102770783616,0.6254901960784314,3.0,4.0,2.043474776845137,mse,0.9853068198700627,RLRuleBandit,2.0611272449202676,1020.0,2.0611272449202676,38.0
0.34354940600770395,0.33448541694860345,9.0,3.6611586826153233,2.7106102770783616,2.7106102770783616,0.753921568627451,0.44293137254901965,4.0,1.7613181010555063,mse,0.921304884699623,RLKappaBandit,1.8118449125533862,1020.0,1.8118449125533862,38.0
0.055555555555555566,nan,9.0,8.97776400187831,3.146473398988555,3.146473398988555,,,8.0,7.686038502817936,mse,1.3424929590008159,Mean,3.4976781914659787,1020.0,3.4976781914659787,38.0
nan,nan,9.0,8.97776400187831,3.146473398988555,3.146473398988555,,,8.0,8.726739759595043,mse,1.2920350981846986,Median,3.4797451108314736,1020.0,3.4797451108314736,38.0
0.1648034306930662,nan,9.0,8.97776400187831,3.146473398988555,3.146473398988555,,,8.0,4.877868621399771,mse,1.0943814152287528,OGDVanilla,2.572449031701463,1020.0,2.572449031701463,38.0
0.9929987566857778,nan,9.0,8.97776400187831,3.146473398988555,3.146473398988555,,,8.0,9.491886673454394,mse,1.209806096548415,MWUMVanilla,3.2212007664159463,1020.0,3.2212007664159463,38.0
0.16038321442708406,0.11377682247212229,9.0,8.97776400187831,3.146473398988555,3.146473398988555,,,8.0,5.103384523916185,mse,1.0929666230736164,OGDBoth,2.572947874010754,1020.0,2.572947874010754,38.0
0.09383843724218834,2.026090770008587,9.0,8.97776400187831,3.146473398988555,3.146473398988555,,,8.0,13.677852142491142,mse,1.1731811056585848,OGDConcOnly,2.8106581473068517,1020.0,2.8106581473068517,38.0
0.18081084699946287,0.7373909035539742,9.0,8.97776400187831,3.146473398988555,3.146473398988555,,,8.0,4.291747125027804,mse,1.052765712854424,MWUMBothKL,2.4789838268627373,1020.0,2.4789838268627373,38.0
0.27026130151778693,0.1801797700435895,9.0,8.97776400187831,3.146473398988555,3.146473398988555,,,8.0,4.91499038162485,mse,1.0334210577472793,MWUMConcOnlyKL,2.4320728041531603,1020.0,2.4320728041531603,38.0
0.13177240348787714,nan,9.0,8.97776400187831,3.146473398988555,3.146473398988555,0.6833333333333333,1.0,8.0,6.826219213715178,mse,1.162200025713848,RLRuleBandit,2.852433742310767,1020.0,2.852433742310767,38.0
0.2619594449170818,2.0568605970717746,9.0,8.97776400187831,3.146473398988555,3.146473398988555,0.7176470588235294,3.0193431372549018,8.0,4.685771138688639,mse,1.0771296185352728,RLKappaBandit,2.536918539647225,1020.0,2.536918539647225,38.0
0.055555555555555566,nan,9.0,0.5615521610878994,0.8374436779214799,0.8374436779214799,,,1.0,0.5657953148678798,mse,0.6324636124511003,Mean,0.8415417850892078,1020.0,0.8415417850892078,39.0
nan,nan,9.0,0.5615521610878994,0.8374436779214799,0.8374436779214799,,,1.0,0.5633376444038578,mse,0.6149545563386769,Median,0.8223573535368214,1020.0,0.8223573535368214,39.0
0.05986330735925926,nan,9.0,0.5615521610878994,0.8374436779214799,0.8374436779214799,,,1.0,0.5510706479295119,mse,0.6180101465412209,OGDVanilla,0.8239121397888196,1020.0,0.8239121397888196,39.0
0.0693028499905163,nan,9.0,0.5615521610878994,0.8374436779214799,0.8374436779214799,,,1.0,0.5517253134415292,mse,0.61506919804535,MWUMVanilla,0.8179309467406244,1020.0,0.8179309467406244,39.0
0.05966260459297746,0.10093654676950138,9.0,0.5615521610878994,0.8374436779214799,0.8374436779214799,,,1.0,0.55124648935573,mse,0.6180879016198981,OGDBoth,0.8240643760997712,1020.0,0.8240643760997712,39.0
0.05680623264360297,5.566554495881608,9.0,0.5615521610878994,0.8374436779214799,0.8374436779214799,,,1.0,0.5428394282090222,mse,0.621067406746612,OGDConcOnly,0.8233905814112037,1020.0,0.8233905814112037,39.0
0.06831921688930781,0.025342138654136082,9.0,0.5615521610878994,0.8374436779214799,0.8374436779214799,,,1.0,0.5515760444385204,mse,0.6148818867136682,MWUMBothKL,0.8178096569797403,1020.0,0.8178096569797403,39.0
0.056066649889669126,5.481823715065316,9.0,0.5615521610878994,0.8374436779214799,0.8374436779214799,,,1.0,0.5509811738219934,mse,0.6209897333326357,MWUMConcOnlyKL,0.8252845409482473,1020.0,0.8252845409482473,39.0
0.0582933380186247,nan,9.0,0.5615521610878994,0.8374436779214799,0.8374436779214799,0.49607843137254903,3.0,1.0,0.5538419283612983,mse,0.619916563141666,RLRuleBandit,0.8254546065995986,1020.0,0.8254546065995986,39.0
0.14865089763442071,1.5843178239536249,9.0,0.5615521610878994,0.8374436779214799,0.8374436779214799,0.8235294117647058,2.240872549019608,1.0,0.5601135638220365,mse,0.6402549860445567,RLKappaBandit,0.875692208195745,1020.0,0.875692208195745,39.0
0.055555555555555566,nan,9.0,3.989888369466437,2.900142430369005,2.900142430369005,,,4.0,4.4917912328780885,mse,1.267148725943771,Mean,3.0215505371524793,1020.0,3.0215505371524793,39.0
nan,nan,9.0,3.989888369466437,2.900142430369005,2.900142430369005,,,4.0,4.409387239513166,mse,1.2385727687785646,Median,2.976881032183622,1020.0,2.976881032183622,39.0
0.21843980931065532,nan,9.0,3.989888369466437,2.900142430369005,2.900142430369005,,,4.0,3.544146795073687,mse,1.0609308395297086,OGDVanilla,2.3123582227564734,1020.0,2.3123582227564734,39.0
0.3171208789479484,nan,9.0,3.989888369466437,2.900142430369005,2.900142430369005,,,4.0,4.265072584032031,mse,1.226096125361554,MWUMVanilla,2.924483994765791,1020.0,2.924483994765791,39.0
0.1400986968957037,1.8538761465466473,9.0,3.989888369466437,2.900142430369005,2.900142430369005,,,4.0,3.4677253735648415,mse,1.0565601597400487,OGDBoth,2.2867820451664302,1020.0,2.2867820451664302,39.0
0.08556749715129865,1.880942098354447,9.0,3.989888369466437,2.900142430369005,2.900142430369005,,,4.0,3.555856864427244,mse,1.1036301023524504,OGDConcOnly,2.3915734544684284,1020.0,2.3915734544684284,39.0
0.1689678611384953,0.7762388746514507,9.0,3.989888369466437,2.900142430369005,2.900142430369005,,,4.0,3.611074881138241,mse,1.041037333797791,MWUMBothKL,2.2161201371690864,1020.0,2.2161201371690864,39.0
0.2681928244333392,0.18025116509307415,9.0,3.989888369466437,2.900142430369005,2.900142430369005,,,4.0,4.062274129617675,mse,1.0198650989684548,MWUMConcOnlyKL,2.152287412082738,1020.0,2.152287412082738,39.0
0.11258777929827407,nan,9.0,3.989888369466437,2.900142430369005,2.900142430369005,0.2284313725490196,3.0,4.0,4.529011890562475,mse,1.2224013378580565,RLRuleBandit,2.932440118180089,1020.0,2.932440118180089,39.0
0.4288250367161991,0.46106095718296247,9.0,3.989888369466437,2.900142430369005,2.900142430369005,0.6470588235294118,0.6529313725490196,4.0,4.270359933104237,mse,1.0296671816235736,RLKappaBandit,2.173676532412187,1020.0,2.173676532412187,39.0
0.055555555555555566,nan,9.0,12.374117676251073,4.199913631305675,4.199913631305675,,,8.0,10.871569360509891,mse,1.5389383511693815,Mean,4.523145697216471,1020.0,4.523145697216471,39.0
nan,nan,9.0,12.374117676251073,4.199913631305675,4.199913631305675,,,8.0,11.024895012837025,mse,1.496889740292728,Median,4.427089603161392,1020.0,4.427089603161392,39.0
0.17181258590861076,nan,9.0,12.374117676251073,4.199913631305675,4.199913631305675,,,8.0,7.529242235866537,mse,1.2678117916405423,OGDVanilla,3.2223049448056265,1020.0,3.2223049448056265,39.0
0.980746272603666,nan,9.0,12.374117676251073,4.199913631305675,4.199913631305675,,,8.0,12.098639598522784,mse,1.4387367256382602,MWUMVanilla,4.22384001367312,1020.0,4.22384001367312,39.0
0.16826544456534948,0.11408017668370654,9.0,12.374117676251073,4.199913631305675,4.199913631305675,,,8.0,7.571623553864789,mse,1.2650734540903792,OGDBoth,3.2107952371117308,1020.0,3.2107952371117308,39.0
0.09898773931873922,2.0314928216169634,9.0,12.374117676251073,4.199913631305675,4.199913631305675,,,8.0,7.677377755753199,mse,1.341141419895847,OGDConcOnly,3.4389967446507517,1020.0,3.4389967446507517,39.0
0.2166568348297873,0.7393569656571737,9.0,12.374117676251073,4.199913631305675,4.199913631305675,,,8.0,6.9230521402539456,mse,1.184640271781034,MWUMBothKL,2.8886710230805863,1020.0,2.8886710230805863,39.0
0.3156186682569098,0.18066017077850124,9.0,12.374117676251073,4.199913631305675,4.199913631305675,,,8.0,8.921765170373517,mse,1.165810096687504,MWUMConcOnlyKL,2.8601199047624974,1020.0,2.8601199047624974,39.0
0.19214253256824823,nan,9.0,12.374117676251073,4.199913631305675,4.199913631305675,0.4676470588235294,5.0,8.0,7.792011102745751,mse,1.2833485258288397,RLRuleBandit,3.3700115546358274,1020.0,3.3700115546358274,39.0
0.21292810364179574,3.378370135232908,9.0,12.374117676251073,4.199913631305675,4.199913631305675,0.7784313725490196,5.030529411764706,8.0,7.578938727772617,mse,1.2523447528031957,RLKappaBandit,3.167212091689976,1020.0,3.167212091689976,39.0
0.055555555555555566,nan,9.0,0.6654368141767836,0.8591588798504937,0.8591588798504937,,,1.0,0.6612382593465769,mse,0.6401872946095091,Mean,0.8533095420765624,1020.0,0.8533095420765624,40.0
nan,nan,9.0,0.6654368141767836,0.8591588798504937,0.8591588798504937,,,1.0,0.6522104438045719,mse,0.6242511563165256,Median,0.8354503411784074,1020.0,0.8354503411784074,40.0
0.06001644205219345,nan,9.0,0.6654368141767836,0.8591588798504937,0.8591588798504937,,,1.0,0.6428717725046679,mse,0.6258326841075214,OGDVanilla,0.8294985726416828,1020.0,0.8294985726416828,40.0
0.06417495432689937,nan,9.0,0.6654368141767836,0.8591588798504937,0.8591588798504937,,,1.0,0.6446151963666226,mse,0.6213195311968265,MWUMVanilla,0.8261015301363711,1020.0,0.8261015301363711,40.0
0.059752012705027405,0.09651427265396686,9.0,0.6654368141767836,0.8591588798504937,0.8591588798504937,,,1.0,0.6432247240427765,mse,0.6258591695909459,OGDBoth,0.8297118939567523,1020.0,0.8297118939567523,40.0
0.05674232612181368,5.322667914538854,9.0,0.6654368141767836,0.8591588798504937,0.8591588798504937,,,1.0,0.6589465417240001,mse,0.6268217271112678,OGDConcOnly,0.8380810836944813,1020.0,0.8380810836944813,40.0
0.06373228189553065,0.02423187111098528,9.0,0.6654368141767836,0.8591588798504937,0.8591588798504937,,,1.0,0.6442123183662919,mse,0.6212524057617186,MWUMBothKL,0.8258198967052482,1020.0,0.8258198967052482,40.0
0.056072064386082705,5.241649430834782,9.0,0.6654368141767836,0.8591588798504937,0.8591588798504937,,,1.0,0.6526603524131344,mse,0.6274721571613167,MWUMConcOnlyKL,0.8363367609262334,1020.0,0.8363367609262334,40.0
0.056747507342109774,nan,9.0,0.6654368141767836,0.8591588798504937,0.8591588798504937,0.3588235294117647,4.0,1.0,0.6603532351842386,mse,0.6317121959952011,RLRuleBandit,0.8452318414335969,1020.0,0.8452318414335969,40.0
0.21453501379905493,0.6844138246436785,9.0,0.6654368141767836,0.8591588798504937,0.8591588798504937,0.6990196078431372,0.9651274509803922,1.0,0.6937730130046464,mse,0.6398370267706889,RLKappaBandit,0.8930263729447921,1020.0,0.8930263729447921,40.0
0.055555555555555566,nan,9.0,9.05337664910943,2.985708479047053,2.985708479047053,,,4.0,6.784203806970458,mse,1.2578573569737355,Mean,3.0733198885265076,1020.0,3.0733198885265076,40.0
nan,nan,9.0,9.05337664910943,2.985708479047053,2.985708479047053,,,4.0,8.254448625908797,mse,1.2324382417523834,Median,3.069062765836961,1020.0,3.069062765836961,40.0
0.2424118729129264,nan,9.0,9.05337664910943,2.985708479047053,2.985708479047053,,,4.0,3.8272813656891396,mse,1.0490874418793512,OGDVanilla,2.2776232351100347,1020.0,2.2776232351100347,40.0
0.2469830164695954,nan,9.0,9.05337664910943,2.985708479047053,2.985708479047053,,,4.0,9.676929645039365,mse,1.2152237060649382,MWUMVanilla,3.0296511468664526,1020.0,3.0296511468664526,40.0
0.14001248345505762,1.7726525901643955,9.0,9.05337664910943,2.985708479047053,2.985708479047053,,,4.0,3.8008971111424543,mse,1.0501533764398079,OGDBoth,2.2689184534624,1020.0,2.2689184534624,40.0
0.08284227792140891,1.7985327054465825,9.0,9.05337664910943,2.985708479047053,2.985708479047053,,,4.0,4.210645700200129,mse,1.0949714796603573,OGDConcOnly,2.394373396614585,1020.0,2.394373396614585,40.0
0.16725651752401752,0.7422296799679591,9.0,9.05337664910943,2.985708479047053,2.985708479047053,,,4.0,3.5235200587994004,mse,1.0223674642332619,MWUMBothKL,2.159554366568913,1020.0,2.159554366568913,40.0
0.26647749006645605,0.17235389138798157,9.0,9.05337664910943,2.985708479047053,2.985708479047053,,,4.0,3.3316685040422565,mse,0.9965511723082734,MWUMConcOnlyKL,2.0792565361505218,1020.0,2.0792565361505218,40.0
0.10707831210305115,nan,9.0,9.05337664910943,2.985708479047053,2.985708479047053,0.7029411764705882,6.0,4.0,6.558844072471451,mse,1.1351856543609489,RLRuleBandit,2.6723577455983287,1020.0,2.6723577455983287,40.0
0.373981339145104,1.3903962815423305,9.0,9.05337664910943,2.985708479047053,2.985708479047053,0.3607843137254902,1.9393431372549021,4.0,3.6946999727095733,mse,1.023227311171744,RLKappaBandit,2.175791339515249,1020.0,2.175791339515249,40.0
0.055555555555555566,nan,9.0,88.71835877710282,4.354266719626198,4.354266719626198,,,8.0,53.62518012254061,mse,1.569363799584533,Mean,4.741567703743507,1020.0,4.741567703743507,40.0
nan,nan,9.0,88.71835877710282,4.354266719626198,4.354266719626198,,,8.0,64.51537597913622,mse,1.5011944909277897,Median,4.6284241781888555,1020.0,4.6284241781888555,40.0
0.18614920400199314,nan,9.0,88.71835877710282,4.354266719626198,4.354266719626198,,,8.0,10.915630061630523,mse,1.2763697264954517,OGDVanilla,3.3012918335855517,1020.0,3.3012918335855517,40.0
0.9903488982670767,nan,9.0,88.71835877710282,4.354266719626198,4.354266719626198,,,8.0,56.51059158626696,mse,1.4456654921996004,MWUMVanilla,4.362828734802085,1020.0,4.362828734802085,40.0
0.18200192947673913,0.1090820426633707,9.0,88.71835877710282,4.354266719626198,4.354266719626198,,,8.0,10.930312171950016,mse,1.2732309076321364,OGDBoth,3.2919420147301914,1020.0,3.2919420147301914,40.0
0.100635535947161,1.9424873722367522,9.0,88.71835877710282,4.354266719626198,4.354266719626198,,,8.0,14.54774959586029,mse,1.3593918284667301,OGDConcOnly,3.6217713788011348,1020.0,3.6217713788011348,40.0
0.21249996761826717,0.706963672573238,9.0,88.71835877710282,4.354266719626198,4.354266719626198,,,8.0,8.398753103447861,mse,1.1742228813094073,MWUMBothKL,2.9147515002665663,1020.0,2.9147515002665663,40.0
0.31820579496443496,0.1727449773680753,9.0,88.71835877710282,4.354266719626198,4.354266719626198,,,8.0,7.652975704213599,mse,1.183409945471727,MWUMConcOnlyKL,2.9623709577921633,1020.0,2.9623709577921633,40.0
0.18555863841887796,nan,9.0,88.71835877710282,4.354266719626198,4.354266719626198,0.3686274509803922,5.0,8.0,72.66354850654493,mse,1.3325541974272126,RLRuleBandit,3.885573568262904,1020.0,3.885573568262904,40.0
0.2322150941229025,2.401804319878668,9.0,88.71835877710282,4.354266719626198,4.354266719626198,0.8029411764705883,3.35471568627451,8.0,8.90581562824903,mse,1.2561059981685427,RLKappaBandit,3.1559514081617124,1020.0,3.1559514081617124,40.0
0.055555555555555566,nan,1.0,0.608691877750616,0.9429964434722337,0.9429964434722337,,,1.0,0.6401757188821806,mse,0.6639074421916936,Mean,0.9277828630813598,1020.0,0.9277828630813598,41.0
nan,nan,1.0,0.608691877750616,0.9429964434722337,0.9429964434722337,,,1.0,0.6370891498683934,mse,0.6494161958691685,Median,0.9158193043941981,1020.0,0.9158193043941981,41.0
0.06184199019366296,nan,1.0,0.608691877750616,0.9429964434722337,0.9429964434722337,,,1.0,0.6283999086086252,mse,0.6582952926399855,OGDVanilla,0.9155077889459179,1020.0,0.9155077889459179,41.0
0.06578182415002704,nan,1.0,0.608691877750616,0.9429964434722337,0.9429964434722337,,,1.0,0.6318765620828768,mse,0.6515335585211949,MWUMVanilla,0.9116227983026797,1020.0,0.9116227983026797,41.0
0.06134869660300676,0.09706208754680971,1.0,0.608691877750616,0.9429964434722337,0.9429964434722337,,,1.0,0.6289523022606746,mse,0.6582078818946507,OGDBoth,0.9157320614970965,1020.0,0.9157320614970965,41.0
0.05702438179924386,5.352879678426297,1.0,0.608691877750616,0.9429964434722337,0.9429964434722337,,,1.0,0.6345540312932112,mse,0.656948723778857,OGDConcOnly,0.9193055879647196,1020.0,0.9193055879647196,41.0
0.0652542524507508,0.02436940693063098,1.0,0.608691877750616,0.9429964434722337,0.9429964434722337,,,1.0,0.6330799504011809,mse,0.6514296281925407,MWUMBothKL,0.9118177142842364,1020.0,0.9118177142842364,41.0
0.05613701447956671,5.271401329143658,1.0,0.608691877750616,0.9429964434722337,0.9429964434722337,,,1.0,0.641288712781841,mse,0.6571853854578238,MWUMConcOnlyKL,0.921268320459274,1020.0,0.921268320459274,41.0
0.05872717012784225,nan,1.0,0.608691877750616,0.9429964434722337,0.9429964434722337,0.32941176470588235,4.0,1.0,0.6404615529573762,mse,0.6568003981965451,RLRuleBandit,0.9209960735787934,1020.0,0.9209960735787934,41.0
0.2620105807722585,1.2641730123299562,1.0,0.608691877750616,0.9429964434722337,0.9429964434722337,0.47058823529411764,1.9070784313725493,1.0,0.7639442491703912,mse,0.6716205309999137,RLKappaBandit,1.007064379407036,1020.0,1.007064379407036,41.0
0.055555555555555566,nan,9.0,7.622914506403618,3.241926202582533,3.241926202582533,,,4.0,6.549594430792316,mse,1.3308895081232992,Mean,3.225623052170262,1020.0,3.225623052170262,41.0
nan,nan,9.0,7.622914506403618,3.241926202582533,3.241926202582533,,,4.0,6.252110573757535,mse,1.3023201932751456,Median,3.2020151568726973,1020.0,3.2020151568726973,41.0
0.2497323710487765,nan,9.0,7.622914506403618,3.241926202582533,3.241926202582533,,,4.0,4.5074564839383005,mse,1.1335000008872065,OGDVanilla,2.43302478313842,1020.0,2.43302478313842,41.0
0.22578410513129604,nan,9.0,7.622914506403618,3.241926202582533,3.241926202582533,,,4.0,6.392834921744147,mse,1.2990559136369504,MWUMVanilla,3.211749557201732,1020.0,3.211749557201732,41.0
0.14500544293049353,1.7827142626599006,9.0,7.622914506403618,3.241926202582533,3.241926202582533,,,4.0,4.231447755525106,mse,1.1240466138336762,OGDBoth,2.4089310293692576,1020.0,2.4089310293692576,41.0
0.0863803231201411,1.8087412749666132,9.0,7.622914506403618,3.241926202582533,3.241926202582533,,,4.0,3.754246834739249,mse,1.1460874056250838,OGDConcOnly,2.4568158559578737,1020.0,2.4568158559578737,41.0
0.17675428516986497,0.7464426126931746,9.0,7.622914506403618,3.241926202582533,3.241926202582533,,,4.0,3.7247001564060622,mse,1.1016285573226696,MWUMBothKL,2.352263928142662,1020.0,2.352263928142662,41.0
0.2804495167839337,0.17333217632362335,9.0,7.622914506403618,3.241926202582533,3.241926202582533,,,4.0,3.3736775069789977,mse,1.0545679994515182,MWUMConcOnlyKL,2.211800625716002,1020.0,2.211800625716002,41.0
0.10291593914053822,nan,9.0,7.622914506403618,3.241926202582533,3.241926202582533,0.5666666666666667,4.0,4.0,10.064196229729898,mse,1.2226814164156838,RLRuleBandit,2.8915255732278387,1020.0,2.8915255732278387,41.0
0.34525634711797537,1.3667059399407802,9.0,7.622914506403618,3.241926202582533,3.241926202582533,0.403921568627451,1.7670784313725492,4.0,3.6238180997826617,mse,1.1010261027194572,RLKappaBandit,2.354858702819547,1020.0,2.354858702819547,41.0
0.055555555555555566,nan,1.0,49.37842164809318,4.206500193225553,4.206500193225553,,,8.0,25.92018422217778,mse,1.5946683362512761,Mean,4.764163493500429,1020.0,4.764163493500429,41.0
nan,nan,1.0,49.37842164809318,4.206500193225553,4.206500193225553,,,8.0,21.405460499484356,mse,1.4967321705311192,Median,4.449000895540386,1020.0,4.449000895540386,41.0
0.1851889017445487,nan,1.0,49.37842164809318,4.206500193225553,4.206500193225553,,,8.0,6.886726737993456,mse,1.2890455225198958,OGDVanilla,3.304565361150363,1020.0,3.304565361150363,41.0
0.9765636080952401,nan,1.0,49.37842164809318,4.206500193225553,4.206500193225553,,,8.0,35.53893893643968,mse,1.4091994048028256,MWUMVanilla,4.270108296667099,1020.0,4.270108296667099,41.0
0.18153143782142564,0.10970119294244231,1.0,49.37842164809318,4.206500193225553,4.206500193225553,,,8.0,6.8572145856922395,mse,1.2868178939530366,OGDBoth,3.297798836101271,1020.0,3.297798836101271,41.0
0.096904719918518,1.95351303673443,1.0,49.37842164809318,4.206500193225553,4.206500193225553,,,8.0,7.021496070213143,mse,1.3393233539669842,OGDConcOnly,3.4195089073873244,1020.0,3.4195089073873244,41.0
0.2246733984851054,0.7109764334098553,1.0,49.37842164809318,4.206500193225553,4.206500193225553,,,8.0,5.173476140730536,mse,1.202500287557546,MWUMBothKL,2.9652960428172963,1020.0,2.9652960428172963,41.0
0.32025155302704766,0.17372548213025887,1.0,49.37842164809318,4.206500193225553,4.206500193225553,,,8.0,5.0689821756791815,mse,1.1882912997952404,MWUMConcOnlyKL,2.9156193724567006,1020.0,2.9156193724567006,41.0
0.16990319070454377,nan,1.0,49.37842164809318,4.206500193225553,4.206500193225553,0.3509803921568627,1.0,8.0,104.8095284495233,mse,1.418328775019979,RLRuleBandit,4.085636800261998,1020.0,4.085636800261998,41.0
0.6179745532713391,0.4154434862911967,1.0,49.37842164809318,4.206500193225553,4.206500193225553,0.26666666666666666,0.5078137254901961,8.0,5.798892485114587,mse,1.2202999052763481,RLKappaBandit,3.067013777301707,1020.0,3.067013777301707,41.0
0.055555555555555566,nan,9.0,0.6000542295594781,0.8420045414109847,0.8420045414109847,,,1.0,0.5659908337784082,mse,0.6162995545129639,Mean,0.8416745147164764,1020.0,0.8416745147164764,42.0
nan,nan,9.0,0.6000542295594781,0.8420045414109847,0.8420045414109847,,,1.0,0.5489176202294438,mse,0.5960712917333668,Median,0.8220377648084677,1020.0,0.8220377648084677,42.0
0.06140667263105788,nan,9.0,0.6000542295594781,0.8420045414109847,0.8420045414109847,,,1.0,0.5647299246326384,mse,0.5989431895494561,OGDVanilla,0.8231486144197004,1020.0,0.8231486144197004,42.0
0.06773038128986701,nan,9.0,0.6000542295594781,0.8420045414109847,0.8420045414109847,,,1.0,0.5469006783601001,mse,0.5909805320665087,MWUMVanilla,0.8147719553240775,1020.0,0.8147719553240775,42.0
0.060931182020795574,0.09899803293423479,9.0,0.6000542295594781,0.8420045414109847,0.8420045414109847,,,1.0,0.5648531075030733,mse,0.5991223161369492,OGDBoth,0.8234547296596708,1020.0,0.8234547296596708,42.0
0.057017536367547056,5.459646262737934,9.0,0.6000542295594781,0.8420045414109847,0.8420045414109847,,,1.0,0.5616289110099758,mse,0.6052056830617862,OGDConcOnly,0.8320173015334414,1020.0,0.8320173015334414,42.0
0.06689591374576154,0.02485545037181436,9.0,0.6000542295594781,0.8420045414109847,0.8420045414109847,,,1.0,0.5473827134544308,mse,0.5911289030804773,MWUMBothKL,0.8147452990782914,1020.0,0.8147452990782914,42.0
0.05622571989752624,5.3765427757357855,9.0,0.6000542295594781,0.8420045414109847,0.8420045414109847,,,1.0,0.5627260153185082,mse,0.6066699343797821,MWUMConcOnlyKL,0.8351596082803282,1020.0,0.8351596082803282,42.0
0.05972982759091842,nan,9.0,0.6000542295594781,0.8420045414109847,0.8420045414109847,0.41274509803921566,1.0,1.0,0.5519615646625885,mse,0.5977651657049701,RLRuleBandit,0.8193499358497573,1020.0,0.8193499358497573,42.0
0.25143175096122045,1.208451583342488,9.0,0.6000542295594781,0.8420045414109847,0.8420045414109847,0.29705882352941176,1.7007647058823532,1.0,0.6712713414455562,mse,0.6300260316412511,RLKappaBandit,0.9742848998612295,1020.0,0.9742848998612295,42.0
0.055555555555555566,nan,9.0,6.599829819713,3.0448243922423464,3.0448243922423464,,,4.0,5.194793289080439,mse,1.2744988817917604,Mean,3.1870217733244064,1020.0,3.1870217733244064,42.0
nan,nan,9.0,6.599829819713,3.0448243922423464,3.0448243922423464,,,4.0,5.464811994811326,mse,1.2377928705681231,Median,3.123977429661258,1020.0,3.123977429661258,42.0
0.20360126050959787,nan,9.0,6.599829819713,3.0448243922423464,3.0448243922423464,,,4.0,3.508711672766585,mse,1.114348941571542,OGDVanilla,2.5059834955351827,1020.0,2.5059834955351827,42.0
0.31493462543135536,nan,9.0,6.599829819713,3.0448243922423464,3.0448243922423464,,,4.0,5.930031092301757,mse,1.2147506567196487,MWUMVanilla,3.0796450074281982,1020.0,3.0796450074281982,42.0
0.13413103071259955,1.8182716173648281,9.0,6.599829819713,3.0448243922423464,3.0448243922423464,,,4.0,3.4362643872596292,mse,1.1023469867619957,OGDBoth,2.4738165987273666,1020.0,2.4738165987273666,42.0
0.08323735488542262,1.8448177550563591,9.0,6.599829819713,3.0448243922423464,3.0448243922423464,,,4.0,3.4400130335214145,mse,1.1229842729684316,OGDConcOnly,2.5039350964475355,1020.0,2.5039350964475355,42.0
0.15955051378428928,0.7613308674366479,9.0,6.599829819713,3.0448243922423464,3.0448243922423464,,,4.0,3.002824789896939,mse,1.0678069854519654,MWUMBothKL,2.364200759826647,1020.0,2.364200759826647,42.0
0.2597559817911484,0.17678937734806943,9.0,6.599829819713,3.0448243922423464,3.0448243922423464,,,4.0,2.8689915068265166,mse,1.02513373892173,MWUMConcOnlyKL,2.221576330553759,1020.0,2.221576330553759,42.0
0.14465944158363891,nan,9.0,6.599829819713,3.0448243922423464,3.0448243922423464,0.5088235294117647,5.0,4.0,3.382408260583939,mse,1.1598695201445992,RLRuleBandit,2.7845056810653435,1020.0,2.7845056810653435,42.0
0.4445492074245943,2.324299275551664,9.0,6.599829819713,3.0448243922423464,3.0448243922423464,0.4745098039215686,3.5262941176470584,4.0,3.3735053381744065,mse,1.0830416640167986,RLKappaBandit,2.406263417918878,1020.0,2.406263417918878,42.0
0.055555555555555566,nan,9.0,54.2469683817969,4.103556519683798,4.103556519683798,,,8.0,37.69367958063572,mse,1.5853074765014354,Mean,4.842382495766294,1020.0,4.842382495766294,42.0
nan,nan,9.0,54.2469683817969,4.103556519683798,4.103556519683798,,,8.0,44.25449295013102,mse,1.4985445329867086,Median,4.588937891864804,1020.0,4.588937891864804,42.0
0.17252555946714945,nan,9.0,54.2469683817969,4.103556519683798,4.103556519683798,,,8.0,39.73401850092115,mse,1.3340290048635879,OGDVanilla,3.57229960515937,1020.0,3.57229960515937,42.0
0.9871403965100529,nan,9.0,54.2469683817969,4.103556519683798,4.103556519683798,,,8.0,53.27459694567371,mse,1.4090061274268544,MWUMVanilla,4.1523583195505545,1020.0,4.1523583195505545,42.0
0.16749572785246433,0.111889233360021,9.0,54.2469683817969,4.103556519683798,4.103556519683798,,,8.0,39.71875636491025,mse,1.331604334523191,OGDBoth,3.5602687086959945,1020.0,3.5602687086959945,42.0
0.09781120109498857,1.9924770820834121,9.0,54.2469683817969,4.103556519683798,4.103556519683798,,,8.0,34.8288841927663,mse,1.3991423712528919,OGDConcOnly,3.760228999630103,1020.0,3.760228999630103,42.0
0.21493497791090466,0.7251572925540365,9.0,54.2469683817969,4.103556519683798,4.103556519683798,,,8.0,28.07678062974599,mse,1.2575278030732526,MWUMBothKL,3.2589735016615076,1020.0,3.2589735016615076,42.0
0.3227569794275456,0.1771905278902365,9.0,54.2469683817969,4.103556519683798,4.103556519683798,,,8.0,27.076945473281985,mse,1.2421822542615686,MWUMConcOnlyKL,3.2444442540033966,1020.0,3.2444442540033966,42.0
0.2041991641759457,nan,9.0,54.2469683817969,4.103556519683798,4.103556519683798,0.31176470588235294,4.0,8.0,41.23173981034652,mse,1.3982537473638348,RLRuleBandit,3.99637833686605,1020.0,3.99637833686605,42.0
0.33645659643317893,1.8314186027728698,9.0,54.2469683817969,4.103556519683798,4.103556519683798,0.75,2.4415980392156866,8.0,27.090885699700962,mse,1.279845057864828,RLKappaBandit,3.39011952072798,1020.0,3.39011952072798,42.0
0.055555555555555566,nan,1.0,0.7726644068800567,0.7603522549311147,0.7603522549311147,,,1.0,0.8007654571572334,mse,0.5623554599812638,Mean,0.7262466188637422,1020.0,0.7262466188637422,43.0
nan,nan,1.0,0.7726644068800567,0.7603522549311147,0.7603522549311147,,,1.0,0.8908730632204963,mse,0.5576721523823254,Median,0.73238768346236,1020.0,0.73238768346236,43.0
0.05798673245754067,nan,1.0,0.7726644068800567,0.7603522549311147,0.7603522549311147,,,1.0,0.8897023873990983,mse,0.5610856682067945,OGDVanilla,0.7276491978736711,1020.0,0.7276491978736711,43.0
0.06487773148519464,nan,1.0,0.7726644068800567,0.7603522549311147,0.7603522549311147,,,1.0,0.9273801313165878,mse,0.5575473884523129,MWUMVanilla,0.7270550133067165,1020.0,0.7270550133067165,43.0
0.05780549959797629,0.09611437100711319,1.0,0.7726644068800567,0.7603522549311147,0.7603522549311147,,,1.0,0.8889625138061362,mse,0.561010611973224,OGDBoth,0.7276472119682555,1020.0,0.7276472119682555,43.0
0.05663221204159991,5.3006135047541045,1.0,0.7726644068800567,0.7603522549311147,0.7603522549311147,,,1.0,0.8696298868113439,mse,0.5633182547817764,OGDConcOnly,0.7372316408042949,1020.0,0.7372316408042949,43.0
0.06439278793373687,0.024131470772301038,1.0,0.7726644068800567,0.7603522549311147,0.7603522549311147,,,1.0,0.9285245080127034,mse,0.557607409345326,MWUMBothKL,0.7270372402902227,1020.0,0.7270372402902227,43.0
0.05598250608758861,5.219930720215216,1.0,0.7726644068800567,0.7603522549311147,0.7603522549311147,,,1.0,0.8839703994238088,mse,0.560502433544083,MWUMConcOnlyKL,0.7308609409214141,1020.0,0.7308609409214141,43.0
0.057832422997070296,nan,1.0,0.7726644068800567,0.7603522549311147,0.7603522549311147,0.3088235294117647,3.0,1.0,0.8941911332940187,mse,0.5568347905506212,RLRuleBandit,0.7186060288858049,1020.0,0.7186060288858049,43.0
0.2049555291783272,0.5830898531125335,1.0,0.7726644068800567,0.7603522549311147,0.7603522549311147,0.3431372549019608,0.8046862745098039,1.0,1.08837945205624,mse,0.5982944409891348,RLKappaBandit,0.8474219883171692,1020.0,0.8474219883171692,43.0
0.055555555555555566,nan,9.0,4.958525051993281,2.246687801541421,2.246687801541421,,,4.0,7.086807510362571,mse,1.0549370131177653,Mean,2.3021290111027892,1020.0,2.3021290111027892,43.0
nan,nan,9.0,4.958525051993281,2.246687801541421,2.246687801541421,,,4.0,7.279676644676594,mse,1.0238714611731292,Median,2.2791771457879006,1020.0,2.2791771457879006,43.0
0.19913141361315823,nan,9.0,4.958525051993281,2.246687801541421,2.246687801541421,,,4.0,4.206503052024938,mse,0.9157707867517807,OGDVanilla,1.8623084495824422,1020.0,1.8623084495824422,43.0
0.27870999460430673,nan,9.0,4.958525051993281,2.246687801541421,2.246687801541421,,,4.0,6.47797968952503,mse,1.0073465950160039,MWUMVanilla,2.244498900211081,1020.0,2.244498900211081,43.0
0.12062147948006992,1.7653076284745548,9.0,4.958525051993281,2.246687801541421,2.246687801541421,,,4.0,4.0791270369632375,mse,0.9199081741775419,OGDBoth,1.859799006182697,1020.0,1.859799006182697,43.0
0.077700534278641,1.7910805097936038,9.0,4.958525051993281,2.246687801541421,2.246687801541421,,,4.0,3.9224037767425446,mse,0.9463327401157472,OGDConcOnly,1.897792313222084,1020.0,1.897792313222084,43.0
0.1344354666769193,0.7391542638795894,9.0,4.958525051993281,2.246687801541421,2.246687801541421,,,4.0,3.8840456857149186,mse,0.9001356772961114,MWUMBothKL,1.7243650241419248,1020.0,1.7243650241419248,43.0
0.21621697657009786,0.171639749144011,9.0,4.958525051993281,2.246687801541421,2.246687801541421,,,4.0,3.331720697030234,mse,0.8727018534418711,MWUMConcOnlyKL,1.6414924197993725,1020.0,1.6414924197993725,43.0
0.13199715460483413,nan,9.0,4.958525051993281,2.246687801541421,2.246687801541421,0.43333333333333335,3.0,4.0,6.033744007390024,mse,0.9797720304671353,RLRuleBandit,2.0953442664469915,1020.0,2.0953442664469915,43.0
0.18972473967948053,1.4803548890132894,9.0,4.958525051993281,2.246687801541421,2.246687801541421,0.9970588235294118,2.218274509803922,4.0,3.7452387181797304,mse,0.8972015375385028,RLKappaBandit,1.709254035607148,1020.0,1.709254035607148,43.0
0.055555555555555566,nan,9.0,9.772011643816326,2.832186440645875,2.832186440645875,,,8.0,14.41482490510511,mse,1.2776716805894448,Mean,3.334720052941822,1020.0,3.334720052941822,43.0
nan,nan,9.0,9.772011643816326,2.832186440645875,2.832186440645875,,,8.0,13.93280521579007,mse,1.1983230696480696,Median,3.1132579921684527,1020.0,3.1132579921684527,43.0
0.17397548403551769,nan,9.0,9.772011643816326,2.832186440645875,2.832186440645875,,,8.0,8.193583743042575,mse,1.0338516408430687,OGDVanilla,2.3242036791004885,1020.0,2.3242036791004885,43.0
0.9946340040708451,nan,9.0,9.772011643816326,2.832186440645875,2.832186440645875,,,8.0,9.917323658764865,mse,1.1390473148531752,MWUMVanilla,2.900949856432932,1020.0,2.900949856432932,43.0
0.16561188912023145,0.10863006660451298,9.0,9.772011643816326,2.832186440645875,2.832186440645875,,,8.0,8.162188522646561,mse,1.0316338242497638,OGDBoth,2.3165647362420203,1020.0,2.3165647362420203,43.0
0.08670080214054018,1.934438702060232,9.0,9.772011643816326,2.832186440645875,2.832186440645875,,,8.0,8.83970430335314,mse,1.0662297524356117,OGDConcOnly,2.3808549314934915,1020.0,2.3808549314934915,43.0
0.17191198680821743,0.7040343807851567,9.0,9.772011643816326,2.832186440645875,2.832186440645875,,,8.0,7.752240447032745,mse,0.9737346153445334,MWUMBothKL,2.0882396323352586,1020.0,2.0882396323352586,43.0
0.2514212436314901,0.172029214663797,9.0,9.772011643816326,2.832186440645875,2.832186440645875,,,8.0,8.908277951349644,mse,0.9505431194788208,MWUMConcOnlyKL,2.000649953482267,1020.0,2.000649953482267,43.0
0.16985496695606966,nan,9.0,9.772011643816326,2.832186440645875,2.832186440645875,0.7764705882352941,5.0,8.0,10.3192259112822,mse,1.0477726225744333,RLRuleBandit,2.473357396738729,1020.0,2.473357396738729,43.0
0.25022534555749776,2.598983256737762,9.0,9.772011643816326,2.832186440645875,2.832186440645875,0.7235294117647059,4.038647058823529,8.0,8.889590511376293,mse,1.0158113742245767,RLKappaBandit,2.200477776742015,1020.0,2.200477776742015,43.0
0.055555555555555566,nan,2.0,0.6271267038010488,1.0871767055518604,0.6271267038010488,,,1.0,0.7071582105390617,linex,0.6891118624843299,Mean,1.0065535053603296,1020.0,0.7071582105390617,4.0
nan,nan,2.0,0.6271267038010488,1.0871767055518604,0.6271267038010488,,,1.0,0.7163473239812221,linex,0.6680778701612725,Median,0.9864999609922985,1020.0,0.7163473239812221,4.0
0.1467913937809731,nan,2.0,0.6271267038010488,1.0871767055518604,0.6271267038010488,,,1.0,0.6929085568199178,linex,0.7222988651503889,OGDVanilla,1.0518516856557132,1020.0,0.6929085568199178,4.0
0.05964517599110697,nan,2.0,0.6271267038010488,1.0871767055518604,0.6271267038010488,,,1.0,0.707097632581045,linex,0.6744913823407269,MWUMVanilla,0.9875112371725193,1020.0,0.707097632581045,4.0
0.14628729028896062,0.0016794995568658758,2.0,0.6271267038010488,1.0871767055518604,0.6271267038010488,,,1.0,0.6928728592302409,linex,0.722171091072172,OGDBoth,1.0516287565090734,1020.0,0.6928728592302409,4.0
0.05914082276716845,5.333987280076643,2.0,0.6271267038010488,1.0871767055518604,0.6271267038010488,,,1.0,0.6856312400449153,linex,0.6831775967375244,OGDConcOnly,1.000389521414401,1020.0,0.6856312400449153,4.0
0.0566838018085285,5.0652625525301875,2.0,0.6271267038010488,1.0871767055518604,0.6271267038010488,,,1.0,0.7045712642534894,linex,0.678764504346781,MWUMBothKL,0.9923581596212004,1020.0,0.7045712642534894,4.0
0.05661574545881322,5.2527964996936545,2.0,0.6271267038010488,1.0871767055518604,0.6271267038010488,,,1.0,0.6875097353783131,linex,0.6817708111255233,MWUMConcOnlyKL,1.000892161408801,1020.0,0.6875097353783131,4.0
0.06612408834318168,nan,2.0,0.6271267038010488,1.0871767055518604,0.6271267038010488,0.4068627450980392,5.0,1.0,0.7187773932870002,linex,0.697147503082181,RLRuleBandit,1.020918495583104,1020.0,0.7187773932870002,4.0
0.2887071878689294,0.6820191651458731,2.0,0.6271267038010488,1.0871767055518604,0.6271267038010488,0.28627450980392155,1.0151960784313725,1.0,0.8427282679760033,linex,0.6989235263786802,RLKappaBandit,1.0702115907445284,1020.0,0.8427282679760033,4.0
0.055555555555555566,nan,2.0,9.035272052180881,4.367916445132218,9.035272052180881,,,4.0,10.841789099790153,linex,1.459951779566515,Mean,4.056342968157746,1020.0,10.841789099790153,4.0
nan,nan,2.0,9.035272052180881,4.367916445132218,9.035272052180881,,,4.0,10.582700344006598,linex,1.4267419971592272,Median,4.035733680146344,1020.0,10.582700344006598,4.0
0.2833149813132219,nan,2.0,9.035272052180881,4.367916445132218,9.035272052180881,,,4.0,4.077261150226218,linex,1.2699380250013679,OGDVanilla,3.288508460458834,1020.0,4.077261150226218,4.0
0.9461713471686372,nan,2.0,9.035272052180881,4.367916445132218,9.035272052180881,,,4.0,7.709406024978983,linex,1.593627090312498,MWUMVanilla,4.781503385688734,1020.0,7.709406024978983,4.0
0.13042690595331186,3.39408064739266,2.0,9.035272052180881,4.367916445132218,9.035272052180881,,,4.0,4.322515447286272,linex,1.2763931829388788,OGDBoth,3.282750715720185,1020.0,4.322515447286272,4.0
0.07389678225447138,5.264488584663058,2.0,9.035272052180881,4.367916445132218,9.035272052180881,,,4.0,5.390010341363202,linex,1.3358196568016312,OGDConcOnly,3.4152034540704586,1020.0,5.390010341363202,4.0
0.1106381883142108,2.3096898897653593,2.0,9.035272052180881,4.367916445132218,9.035272052180881,,,4.0,4.547516957059003,linex,1.2909830646202511,MWUMBothKL,3.2492794720474514,1020.0,4.547516957059003,4.0
0.11038812033212414,1.0672336516175032,2.0,9.035272052180881,4.367916445132218,9.035272052180881,,,4.0,4.437956515495073,linex,1.271465644964128,MWUMConcOnlyKL,3.1614612185311874,1020.0,4.437956515495073,4.0
0.3024622793333305,nan,2.0,9.035272052180881,4.367916445132218,9.035272052180881,0.5127450980392156,1.0,4.0,6.4657814127431825,linex,1.3484154283391128,RLRuleBandit,3.610231088879381,1020.0,6.4657814127431825,4.0
0.34957927900294977,1.3797541573688414,2.0,9.035272052180881,4.367916445132218,9.035272052180881,0.5254901960784314,2.266421568627451,4.0,4.168219601563589,linex,1.1871321709238867,RLKappaBandit,2.852630537503182,1020.0,4.168219601563589,4.0
0.055555555555555566,nan,15.0,14.264747961772592,6.174720982364715,14.264747961772592,,,8.0,63.70051845397832,linex,1.882626452614361,Mean,6.395069658592602,1020.0,63.70051845397832,4.0
nan,nan,15.0,14.264747961772592,6.174720982364715,14.264747961772592,,,8.0,56.251078046986436,linex,1.770816920370937,Median,5.947166099432818,1020.0,56.251078046986436,4.0
0.3278535482133805,nan,15.0,14.264747961772592,6.174720982364715,14.264747961772592,,,8.0,13.410167984734853,linex,1.725332244788288,OGDVanilla,6.015028008489545,1020.0,13.410167984734853,4.0
0.9206263109441044,nan,15.0,14.264747961772592,6.174720982364715,14.264747961772592,,,8.0,14.37040769062171,linex,1.8365052575957868,MWUMVanilla,6.144973234132053,1020.0,14.37040769062171,4.0
0.25522530157903295,1.0023182274683695,15.0,14.264747961772592,6.174720982364715,14.264747961772592,,,8.0,13.166905504391474,linex,1.6958752513348794,OGDBoth,5.8335044921614045,1020.0,13.166905504391474,4.0
0.09897349178294647,3.2682328264467384,15.0,14.264747961772592,6.174720982364715,14.264747961772592,,,8.0,10.540947046186718,linex,1.6028934834564956,OGDConcOnly,4.691779030288281,1020.0,10.540947046186718,4.0
0.1400141761937712,2.3608239142658163,15.0,14.264747961772592,6.174720982364715,14.264747961772592,,,8.0,10.17632371790244,linex,1.5668860142447334,MWUMBothKL,4.590902257810329,1020.0,10.17632371790244,4.0
0.15758993009192082,0.6432803137843692,15.0,14.264747961772592,6.174720982364715,14.264747961772592,,,8.0,9.151319509041619,linex,1.4833092926719507,MWUMConcOnlyKL,4.178493965812123,1020.0,9.151319509041619,4.0
0.15243373466562954,nan,15.0,14.264747961772592,6.174720982364715,14.264747961772592,0.7215686274509804,4.0,8.0,27.37503908777181,linex,1.682775029612195,RLRuleBandit,5.251641085928191,1020.0,27.37503908777181,4.0
0.19239847648649416,3.0786506024402587,15.0,14.264747961772592,6.174720982364715,14.264747961772592,0.9088235294117647,4.687294117647059,8.0,9.500036141780338,linex,1.5524714305320493,RLKappaBandit,4.480734878688471,1020.0,9.500036141780338,4.0
0.055555555555555566,nan,9.0,0.8225127450531503,1.0373833108472492,0.8225127450531503,,,1.0,0.975886648465916,linex,0.6921041037102512,Mean,0.9764259020072102,1020.0,0.975886648465916,5.0
nan,nan,9.0,0.8225127450531503,1.0373833108472492,0.8225127450531503,,,1.0,0.9332404800595288,linex,0.6783503008545254,Median,0.9597688807815133,1020.0,0.9332404800595288,5.0
0.15489399020358813,nan,9.0,0.8225127450531503,1.0373833108472492,0.8225127450531503,,,1.0,0.8770165842213609,linex,0.6999477087814993,OGDVanilla,0.996041587470136,1020.0,0.8770165842213609,5.0
0.05944862981706799,nan,9.0,0.8225127450531503,1.0373833108472492,0.8225127450531503,,,1.0,0.9245707044133022,linex,0.680950823200128,MWUMVanilla,0.9612526950916178,1020.0,0.9245707044133022,5.0
0.15442131873063825,0.001686748098491684,9.0,0.8225127450531503,1.0373833108472492,0.8225127450531503,,,1.0,0.8769637319026239,linex,0.6999275016862148,OGDBoth,0.9959401717726394,1020.0,0.8769637319026239,5.0
0.058063981043165874,5.357021913255109,9.0,0.8225127450531503,1.0373833108472492,0.8225127450531503,,,1.0,0.9628567672285717,linex,0.6917344506756188,OGDConcOnly,0.980130382093459,1020.0,0.9628567672285717,5.0
0.05779139265712002,5.087136707372192,9.0,0.8225127450531503,1.0373833108472492,0.8225127450531503,,,1.0,0.9355901678425337,linex,0.6826903503501226,MWUMBothKL,0.9637509220659093,1020.0,0.9355901678425337,5.0
0.057107589568914846,5.275480513326927,9.0,0.8225127450531503,1.0373833108472492,0.8225127450531503,,,1.0,0.9536946554310505,linex,0.6922114001632494,MWUMConcOnlyKL,0.983476055403011,1020.0,0.9536946554310505,5.0
0.06836243182687836,nan,9.0,0.8225127450531503,1.0373833108472492,0.8225127450531503,0.346078431372549,1.0,1.0,0.9649865520453554,linex,0.693013732193615,RLRuleBandit,0.9812515873364251,1020.0,0.9649865520453554,5.0
0.20737329881700092,1.505123479389113,9.0,0.8225127450531503,1.0373833108472492,0.8225127450531503,0.46372549019607845,2.3710490196078435,1.0,1.010529348267786,linex,0.7054999880338175,RLKappaBandit,1.042233299150907,1020.0,1.010529348267786,5.0
0.055555555555555566,nan,9.0,9.791876833870576,3.6007288356324607,9.791876833870576,,,4.0,10.733752776544943,linex,1.385801732925426,Mean,3.63245368518103,1020.0,10.733752776544943,5.0
nan,nan,9.0,9.791876833870576,3.6007288356324607,9.791876833870576,,,4.0,11.428661559974673,linex,1.3697976276529098,Median,3.664021809301019,1020.0,11.428661559974673,5.0
0.2610305761636565,nan,9.0,9.791876833870576,3.6007288356324607,9.791876833870576,,,4.0,7.3163197747449455,linex,1.2546408527337718,OGDVanilla,3.134306259473482,1020.0,7.3163197747449455,5.0
0.9846284224634078,nan,9.0,9.791876833870576,3.6007288356324607,9.791876833870576,,,4.0,8.521069074817742,linex,1.5278248373062842,MWUMVanilla,4.273702915211746,1020.0,8.521069074817742,5.0
0.11971703719593244,3.408737861631889,9.0,9.791876833870576,3.6007288356324607,9.791876833870576,,,4.0,7.063296692937244,linex,1.251981686647876,OGDBoth,3.0962015830792904,1020.0,7.063296692937244,5.0
0.07203824030311988,5.287223090156304,9.0,9.791876833870576,3.6007288356324607,9.791876833870576,,,4.0,7.134709405829995,linex,1.2926570513964335,OGDConcOnly,3.177057735881452,1020.0,7.134709405829995,5.0
0.09912751997787757,2.3196642004475687,9.0,9.791876833870576,3.6007288356324607,9.791876833870576,,,4.0,7.042107345955868,linex,1.2669208637239042,MWUMBothKL,3.144530792712535,1020.0,7.042107345955868,5.0
0.09874983475050747,1.0718424584938753,9.0,9.791876833870576,3.6007288356324607,9.791876833870576,,,4.0,6.996828584230397,linex,1.2459016752365843,MWUMConcOnlyKL,3.0084163656317546,1020.0,6.996828584230397,5.0
0.2725563772861121,nan,9.0,9.791876833870576,3.6007288356324607,9.791876833870576,0.4176470588235294,4.0,4.0,9.183260354384261,linex,1.3580149632593557,RLRuleBandit,3.541542236456564,1020.0,9.183260354384261,5.0
0.31903323816782453,1.1522680399668979,9.0,9.791876833870576,3.6007288356324607,9.791876833870576,0.6127450980392157,1.7132156862745096,4.0,7.7450391194072,linex,1.1561177408286873,RLKappaBandit,2.718494084828833,1020.0,7.7450391194072,5.0
0.055555555555555566,nan,9.0,10.446412278552357,4.543664324804753,10.446412278552357,,,8.0,18.269856441468935,linex,1.7248266165367752,Mean,5.253546783988662,1020.0,18.269856441468935,5.0
nan,nan,9.0,10.446412278552357,4.543664324804753,10.446412278552357,,,8.0,18.466134359053637,linex,1.6592649945332827,Median,5.036344094711835,1020.0,18.466134359053637,5.0
0.23558078845670702,nan,9.0,10.446412278552357,4.543664324804753,10.446412278552357,,,8.0,9.062033329651657,linex,1.578869879564809,OGDVanilla,4.580728122976573,1020.0,9.062033329651657,5.0
0.9223569322070675,nan,9.0,10.446412278552357,4.543664324804753,10.446412278552357,,,8.0,10.49373950628471,linex,1.5950779466123133,MWUMVanilla,4.5960130834580335,1020.0,10.49373950628471,5.0
0.19078396846053292,1.0066466993561638,9.0,10.446412278552357,4.543664324804753,10.446412278552357,,,8.0,8.953486983448645,linex,1.565865448529395,OGDBoth,4.529720480964769,1020.0,8.953486983448645,5.0
0.08845119360274523,3.2823465712731146,9.0,10.446412278552357,4.543664324804753,10.446412278552357,,,8.0,9.206517859440087,linex,1.4966812028523833,OGDConcOnly,4.072996452542252,1020.0,9.206517859440087,5.0
0.12316275285711467,2.371019045444267,9.0,10.446412278552357,4.543664324804753,10.446412278552357,,,8.0,8.348413230805319,linex,1.4544011004440796,MWUMBothKL,3.894768472362749,1020.0,8.348413230805319,5.0
0.1420534500804536,0.6460582930003387,9.0,10.446412278552357,4.543664324804753,10.446412278552357,,,8.0,8.407970552766205,linex,1.3806775212655717,MWUMConcOnlyKL,3.5917770386001715,1020.0,8.407970552766205,5.0
0.17380132144982588,nan,9.0,10.446412278552357,4.543664324804753,10.446412278552357,0.7313725490196078,3.0,8.0,11.166302919812116,linex,1.5562419038939241,RLRuleBandit,4.491806665480441,1020.0,11.166302919812116,5.0
0.4011542645617274,0.6308259376680783,9.0,10.446412278552357,4.543664324804753,10.446412278552357,0.39705882352941174,0.9551078431372549,8.0,9.324385237833164,linex,1.2888710548536708,RLKappaBandit,3.357494045842771,1020.0,9.324385237833164,5.0
0.055555555555555566,nan,1.0,0.7065571170337549,0.9145367946030954,0.7065571170337549,,,1.0,0.7903439647251354,linex,0.6429531847149005,Mean,0.8615416916041848,1020.0,0.7903439647251354,6.0
nan,nan,1.0,0.7065571170337549,0.9145367946030954,0.7065571170337549,,,1.0,0.8626227027047803,linex,0.6273073329503215,Median,0.8539701994010088,1020.0,0.8626227027047803,6.0
0.1549562256000861,nan,1.0,0.7065571170337549,0.9145367946030954,0.7065571170337549,,,1.0,0.9485193300437017,linex,0.6923140302767746,OGDVanilla,0.9704094561143161,1020.0,0.9485193300437017,6.0
0.057217947501909706,nan,1.0,0.7065571170337549,0.9145367946030954,0.7065571170337549,,,1.0,0.8215435826475385,linex,0.6355087627325182,MWUMVanilla,0.853752954214892,1020.0,0.8215435826475385,6.0
0.15460636592000873,0.0016079430673508993,1.0,0.7065571170337549,0.9145367946030954,0.7065571170337549,,,1.0,0.9482390464863997,linex,0.6923794311383351,OGDBoth,0.9704916339136946,1020.0,0.9482390464863997,6.0
0.059729036171186474,5.106592919582432,1.0,0.7065571170337549,0.9145367946030954,0.7065571170337549,,,1.0,0.8392706101970288,linex,0.6420082447191358,OGDConcOnly,0.8787215428657524,1020.0,0.8392706101970288,6.0
0.05593718916324822,4.849324255917815,1.0,0.7065571170337549,0.9145367946030954,0.7065571170337549,,,1.0,0.8074460338825993,linex,0.6378960951486935,MWUMBothKL,0.856543169350488,1020.0,0.8074460338825993,6.0
0.05767900004027772,5.028863401492558,1.0,0.7065571170337549,0.9145367946030954,0.7065571170337549,,,1.0,0.8183400568178245,linex,0.6420427902610564,MWUMConcOnlyKL,0.8741789538201832,1020.0,0.8183400568178245,6.0
0.08766555967802908,nan,1.0,0.7065571170337549,0.9145367946030954,0.7065571170337549,0.3480392156862745,2.0,1.0,0.8087573281337997,linex,0.6440263144056726,RLRuleBandit,0.8689875422286288,1020.0,0.8087573281337997,6.0
0.2033919541274101,0.8163641950504662,1.0,0.7065571170337549,0.9145367946030954,0.7065571170337549,0.5784313725490197,1.1667745098039217,1.0,1.0476753034889097,linex,0.6462012887327433,RLKappaBandit,0.9543053264695529,1020.0,1.0476753034889097,6.0
0.055555555555555566,nan,17.0,5.102646778130371,3.5384686792143856,5.102646778130371,,,4.0,22.530687032832144,linex,1.1821892315218077,Mean,2.8747808965326644,1020.0,22.530687032832144,6.0
nan,nan,17.0,5.102646778130371,3.5384686792143856,5.102646778130371,,,4.0,18.833659631215284,linex,1.142222741645373,Median,2.7917918197665923,1020.0,18.833659631215284,6.0
0.24599889943549408,nan,17.0,5.102646778130371,3.5384686792143856,5.102646778130371,,,4.0,2.7146490538315224,linex,1.0870751802403047,OGDVanilla,2.457787903645942,1020.0,2.7146490538315224,6.0
0.9635557460499885,nan,17.0,5.102646778130371,3.5384686792143856,5.102646778130371,,,4.0,18.169061915522548,linex,1.1564102958031772,MWUMVanilla,2.875172666866293,1020.0,18.169061915522548,6.0
0.10986531825038716,3.249386879849977,17.0,5.102646778130371,3.5384686792143856,5.102646778130371,,,4.0,2.8113282951803664,linex,1.0769405775677499,OGDBoth,2.40579887418544,1020.0,2.8113282951803664,6.0
0.06775433338701625,5.040057038576109,17.0,5.102646778130371,3.5384686792143856,5.102646778130371,,,4.0,3.2239418894445557,linex,1.1099529353652822,OGDConcOnly,2.4901915580787914,1020.0,3.2239418894445557,6.0
0.09255149996758659,2.211225026818387,17.0,5.102646778130371,3.5384686792143856,5.102646778130371,,,4.0,2.829221630521168,linex,1.0900956498447016,MWUMBothKL,2.4327422325340544,1020.0,2.829221630521168,6.0
0.09271795716070623,1.0217362180714957,17.0,5.102646778130371,3.5384686792143856,5.102646778130371,,,4.0,2.676889649514534,linex,1.0688690748874126,MWUMConcOnlyKL,2.328176947542055,1020.0,2.676889649514534,6.0
0.16854101161517,nan,17.0,5.102646778130371,3.5384686792143856,5.102646778130371,0.3215686274509804,0.0,4.0,3.758222734776988,linex,1.1217586320001594,RLRuleBandit,2.5678899787891907,1020.0,3.758222734776988,6.0
0.17474841537020208,0.7976106451034001,17.0,5.102646778130371,3.5384686792143856,5.102646778130371,0.8245098039215686,1.244843137254902,4.0,2.5922348669814905,linex,1.0129416856019535,RLKappaBandit,2.111591368432033,1020.0,2.5922348669814905,6.0
0.055555555555555566,nan,9.0,5.58419377110435,3.5716313004831837,5.58419377110435,,,8.0,25.113318325197508,linex,1.429661676179852,Mean,3.9993221732894066,1020.0,25.113318325197508,6.0
nan,nan,9.0,5.58419377110435,3.5716313004831837,5.58419377110435,,,8.0,15.035298242070123,linex,1.3593851068447695,Median,3.735541363393251,1020.0,15.035298242070123,6.0
0.2818899111838091,nan,9.0,5.58419377110435,3.5716313004831837,5.58419377110435,,,8.0,6.107160032948917,linex,1.3331435220437888,OGDVanilla,3.4963465290511277,1020.0,6.107160032948917,6.0
0.8367589990652607,nan,9.0,5.58419377110435,3.5716313004831837,5.58419377110435,,,8.0,8.3617837283459,linex,1.3178465511664337,MWUMVanilla,3.6349117855683555,1020.0,8.3617837283459,6.0
0.1990647388042851,0.95958821786864,9.0,5.58419377110435,3.5716313004831837,5.58419377110435,,,8.0,5.756610166847342,linex,1.3122532141804284,OGDBoth,3.3837390854911575,1020.0,5.756610166847342,6.0
0.08054284327615065,3.1289041054679125,9.0,5.58419377110435,3.5716313004831837,5.58419377110435,,,8.0,4.826890406119793,linex,1.2529547867130753,OGDConcOnly,3.081113798068982,1020.0,4.826890406119793,6.0
0.10647602311345178,2.2601791452991744,9.0,5.58419377110435,3.5716313004831837,5.58419377110435,,,8.0,4.170184197329535,linex,1.2336896205466064,MWUMBothKL,2.9863514889045653,1020.0,4.170184197329535,6.0
0.11675716157032846,0.6158565296768763,9.0,5.58419377110435,3.5716313004831837,5.58419377110435,,,8.0,3.9390945175167142,linex,1.1712202246823082,MWUMConcOnlyKL,2.7366968865159365,1020.0,3.9390945175167142,6.0
0.10261796515853674,nan,9.0,5.58419377110435,3.5716313004831837,5.58419377110435,0.296078431372549,0.0,8.0,31.717307157138265,linex,1.342037558619726,RLRuleBandit,3.5929806315031163,1020.0,31.717307157138265,6.0
0.20227517333668246,2.1995137068587236,9.0,5.58419377110435,3.5716313004831837,5.58419377110435,0.8686274509803922,3.688225490196078,8.0,3.927386430111279,linex,1.1616216765223297,RLKappaBandit,2.691236826097436,1020.0,3.927386430111279,6.0
0.055555555555555566,nan,7.0,0.6394051162497534,0.8026856948448214,0.6394051162497534,,,1.0,0.7402458008629073,linex,0.5967456867551533,Mean,0.7563528013407654,1020.0,0.7402458008629073,7.0
nan,nan,7.0,0.6394051162497534,0.8026856948448214,0.6394051162497534,,,1.0,0.745024767960675,linex,0.5837635450326196,Median,0.7398027110816986,1020.0,0.745024767960675,7.0
0.11046764812691226,nan,7.0,0.6394051162497534,0.8026856948448214,0.6394051162497534,,,1.0,0.783758151044887,linex,0.6063594382891003,OGDVanilla,0.7800649286701654,1020.0,0.783758151044887,7.0
0.0582969344782579,nan,7.0,0.6394051162497534,0.8026856948448214,0.6394051162497534,,,1.0,0.7552460802554049,linex,0.5859150481002973,MWUMVanilla,0.7380452450025734,1020.0,0.7552460802554049,7.0
0.1101561423873765,0.001611110847849342,7.0,0.6394051162497534,0.8026856948448214,0.6394051162497534,,,1.0,0.7837710667033382,linex,0.6063315970330199,OGDBoth,0.7800565152731619,1020.0,0.7837710667033382,7.0
0.05815392009356722,5.11665958754661,7.0,0.6394051162497534,0.8026856948448214,0.6394051162497534,,,1.0,0.8039387938113381,linex,0.5967059789207192,OGDConcOnly,0.7769243112224357,1020.0,0.8039387938113381,7.0
0.05607719916018012,4.858883767983208,7.0,0.6394051162497534,0.8026856948448214,0.6394051162497534,,,1.0,0.744116508894228,linex,0.591446941329899,MWUMBothKL,0.7475888841855324,1020.0,0.744116508894228,7.0
0.056884868546399105,5.038776840598438,7.0,0.6394051162497534,0.8026856948448214,0.6394051162497534,,,1.0,0.7885026917819065,linex,0.5945631169988513,MWUMConcOnlyKL,0.7702162780701504,1020.0,0.7885026917819065,7.0
0.06231127475520757,nan,7.0,0.6394051162497534,0.8026856948448214,0.6394051162497534,0.2411764705882353,4.0,1.0,0.7370723326170099,linex,0.6010676518268439,RLRuleBandit,0.758316692410362,1020.0,0.7370723326170099,7.0
0.16653962582072498,1.409114420911042,7.0,0.6394051162497534,0.8026856948448214,0.6394051162497534,0.6764705882352942,2.1520588235294116,1.0,0.9495592754655964,linex,0.601752173741206,RLKappaBandit,0.8267489156612138,1020.0,0.9495592754655964,7.0
0.055555555555555566,nan,1.0,4.104512558066959,2.9080910428739366,4.104512558066959,,,4.0,4.4130941251000575,linex,1.2394125823130944,Mean,2.9055975280873714,1020.0,4.4130941251000575,7.0
nan,nan,1.0,4.104512558066959,2.9080910428739366,4.104512558066959,,,4.0,4.335466989957784,linex,1.2210032104944541,Median,2.905578398798121,1020.0,4.335466989957784,7.0
0.26858247063581514,nan,1.0,4.104512558066959,2.9080910428739366,4.104512558066959,,,4.0,2.345333055649182,linex,1.0905866236646984,OGDVanilla,2.380793809836063,1020.0,2.345333055649182,7.0
0.9656814319943234,nan,1.0,4.104512558066959,2.9080910428739366,4.104512558066959,,,4.0,4.254920362459658,linex,1.3588689967895957,MWUMVanilla,3.440287635181798,1020.0,4.254920362459658,7.0
0.11605381147608973,3.255792421795575,1.0,4.104512558066959,2.9080910428739366,4.104512558066959,,,4.0,2.361247367968788,linex,1.1085492943964816,OGDBoth,2.4087839458016735,1020.0,2.361247367968788,7.0
0.06795524565226636,5.0499925437937145,1.0,4.104512558066959,2.9080910428739366,4.104512558066959,,,4.0,2.748903330489861,linex,1.165362550018407,OGDConcOnly,2.553359427142823,1020.0,2.748903330489861,7.0
0.09346628261106273,2.21558403149762,1.0,4.104512558066959,2.9080910428739366,4.104512558066959,,,4.0,2.550278293770074,linex,1.1418136825046172,MWUMBothKL,2.4844759923970217,1020.0,2.550278293770074,7.0
0.09415793737635053,1.0237503733730364,1.0,4.104512558066959,2.9080910428739366,4.104512558066959,,,4.0,2.440800751798421,linex,1.12257079460422,MWUMConcOnlyKL,2.404325108045807,1020.0,2.440800751798421,7.0
0.34306772490809057,nan,1.0,4.104512558066959,2.9080910428739366,4.104512558066959,0.23823529411764705,1.0,4.0,3.945322811616632,linex,1.2217450286205236,RLRuleBandit,2.822671201620829,1020.0,3.945322811616632,7.0
0.426464823038744,0.3296671992573572,1.0,4.104512558066959,2.9080910428739366,4.104512558066959,0.24411764705882352,0.45358823529411774,4.0,2.605784634751436,linex,1.0032337181690851,RLKappaBandit,2.049074838632171,1020.0,2.605784634751436,7.0
0.055555555555555566,nan,1.0,5.44862708436599,3.7922348834436503,5.44862708436599,,,8.0,8.372679630997853,linex,1.5153965552334825,Mean,4.298962189296678,1020.0,8.372679630997853,7.0
nan,nan,1.0,5.44862708436599,3.7922348834436503,5.44862708436599,,,8.0,7.767086811224645,linex,1.468221539860222,Median,4.154057985573341,1020.0,7.767086811224645,7.0
0.25258130762142095,nan,1.0,5.44862708436599,3.7922348834436503,5.44862708436599,,,8.0,4.310413169941346,linex,1.3926335830357903,OGDVanilla,3.7889192373584755,1020.0,4.310413169941346,7.0
0.9326927961042707,nan,1.0,5.44862708436599,3.7922348834436503,5.44862708436599,,,8.0,5.684072964091932,linex,1.4484281207731016,MWUMVanilla,3.884088977366791,1020.0,5.684072964091932,7.0
0.18394635211673058,0.961479860290254,1.0,5.44862708436599,3.7922348834436503,5.44862708436599,,,8.0,4.237886392635492,linex,1.3792078113290926,OGDBoth,3.745605945672653,1020.0,4.237886392635492,7.0
0.08297483312710595,3.13507213869846,1.0,5.44862708436599,3.7922348834436503,5.44862708436599,,,8.0,4.221871946625959,linex,1.3278646434848909,OGDConcOnly,3.381392616038095,1020.0,4.221871946625959,7.0
0.11548663624551364,2.2646346536473874,1.0,5.44862708436599,3.7922348834436503,5.44862708436599,,,8.0,3.9542583359414145,linex,1.2989126859801354,MWUMBothKL,3.258154700808872,1020.0,3.9542583359414145,7.0
0.13808126515259547,0.6170705709060933,1.0,5.44862708436599,3.7922348834436503,5.44862708436599,,,8.0,3.8618240636319667,linex,1.2349907731837364,MWUMConcOnlyKL,2.9712804552766663,1020.0,3.8618240636319667,7.0
0.1209896552233547,nan,1.0,5.44862708436599,3.7922348834436503,5.44862708436599,0.4568627450980392,0.0,8.0,6.85865707138541,linex,1.4527219013152808,RLRuleBandit,4.018692777888014,1020.0,6.85865707138541,7.0
0.29671849380681703,2.2639888884212493,1.0,5.44862708436599,3.7922348834436503,5.44862708436599,0.7147058823529412,3.7983235294117645,8.0,4.433490169615014,linex,1.206040945961588,RLKappaBandit,2.865521663511245,1020.0,4.433490169615014,7.0
0.055555555555555566,nan,9.0,0.5845456804144077,0.8714893639509798,0.5845456804144077,,,1.0,0.6611798165489464,linex,0.6420643996953845,Mean,0.8324843871472845,1020.0,0.6611798165489464,8.0
nan,nan,9.0,0.5845456804144077,0.8714893639509798,0.5845456804144077,,,1.0,0.7090081808144535,linex,0.6297085146447498,Median,0.8237846841963438,1020.0,0.7090081808144535,8.0
0.12751432983456668,nan,9.0,0.5845456804144077,0.8714893639509798,0.5845456804144077,,,1.0,0.6799040860339486,linex,0.7052811167093463,OGDVanilla,0.9779105222498811,1020.0,0.6799040860339486,8.0
0.0570484399217869,nan,9.0,0.5845456804144077,0.8714893639509798,0.5845456804144077,,,1.0,0.6719203191754822,linex,0.635837975211288,MWUMVanilla,0.8254521625085447,1020.0,0.6719203191754822,8.0
0.12725173919258684,0.0017154386830718468,9.0,0.5845456804144077,0.8714893639509798,0.5845456804144077,,,1.0,0.6796207303781433,linex,0.7051808433750025,OGDBoth,0.9776336947348521,1020.0,0.6796207303781433,8.0
0.0592962679221515,5.448195714220371,9.0,0.5845456804144077,0.8714893639509798,0.5845456804144077,,,1.0,0.6780262761272128,linex,0.6400228283657698,OGDConcOnly,0.8366735891938282,1020.0,0.6780262761272128,8.0
0.05571461194665309,5.173717197905575,9.0,0.5845456804144077,0.8714893639509798,0.5845456804144077,,,1.0,0.6675054259226827,linex,0.6395080621937455,MWUMBothKL,0.8298169758983359,1020.0,0.6675054259226827,8.0
0.05705508082133757,5.365266520686774,9.0,0.5845456804144077,0.8714893639509798,0.5845456804144077,,,1.0,0.6698757534121237,linex,0.6398573389880162,MWUMConcOnlyKL,0.8338134182249369,1020.0,0.6698757534121237,8.0
0.0661423825400032,nan,9.0,0.5845456804144077,0.8714893639509798,0.5845456804144077,0.4107843137254902,4.0,1.0,0.6560960890876424,linex,0.641016805025874,RLRuleBandit,0.8355066199651204,1020.0,0.6560960890876424,8.0
0.17899258937808973,0.8053539295258366,9.0,0.5845456804144077,0.8714893639509798,0.5845456804144077,0.36176470588235293,1.1784215686274508,1.0,0.896408514124176,linex,0.6495916062372178,RLKappaBandit,0.9142356885450413,1020.0,0.896408514124176,8.0
0.055555555555555566,nan,9.0,3.7378450467902518,2.800024678538736,3.7378450467902518,,,4.0,4.259047966256452,linex,1.2251160068871865,Mean,2.8582392931470633,1020.0,4.259047966256452,8.0
nan,nan,9.0,3.7378450467902518,2.800024678538736,3.7378450467902518,,,4.0,4.510923326557958,linex,1.203689059154618,Median,2.8341119232165743,1020.0,4.510923326557958,8.0
0.23140244469007437,nan,9.0,3.7378450467902518,2.800024678538736,3.7378450467902518,,,4.0,1.9548545958483283,linex,1.1053991211128682,OGDVanilla,2.45015775653356,1020.0,1.9548545958483283,8.0
0.974628610278181,nan,9.0,3.7378450467902518,2.800024678538736,3.7378450467902518,,,4.0,3.163271927189833,linex,1.2028242690886692,MWUMVanilla,2.8364438304407256,1020.0,3.163271927189833,8.0
0.10718901690328561,3.46675284816972,9.0,3.7378450467902518,2.800024678538736,3.7378450467902518,,,4.0,2.0338759377360587,linex,1.1098815525043713,OGDBoth,2.409452766914475,1020.0,2.0338759377360587,8.0
0.06660677229654427,5.377208950266402,9.0,3.7378450467902518,2.800024678538736,3.7378450467902518,,,4.0,2.432082674246876,linex,1.1480976822731872,OGDConcOnly,2.513267409613185,1020.0,2.432082674246876,8.0
0.08859859208185836,2.3591437011567673,9.0,3.7378450467902518,2.800024678538736,3.7378450467902518,,,4.0,2.1835116596214434,linex,1.1151060342095978,MWUMBothKL,2.4100583212096254,1020.0,2.1835116596214434,8.0
0.09054868807610927,1.0900846609017907,9.0,3.7378450467902518,2.800024678538736,3.7378450467902518,,,4.0,2.1512941654351563,linex,1.1027321223352302,MWUMConcOnlyKL,2.3723629701141022,1020.0,2.1512941654351563,8.0
0.07319502041137657,nan,9.0,3.7378450467902518,2.800024678538736,3.7378450467902518,0.7862745098039216,4.0,4.0,3.3485635366919695,linex,1.172121638332422,RLRuleBandit,2.6535065148017996,1020.0,3.3485635366919695,8.0
0.5020200397000947,0.5597963901598626,9.0,3.7378450467902518,2.800024678538736,3.7378450467902518,0.21274509803921568,0.856186274509804,4.0,2.476896835590625,linex,1.0437089660673966,RLKappaBandit,2.183655806074472,1020.0,2.476896835590625,8.0
0.055555555555555566,nan,15.0,5.1070989145193275,4.064042461821021,5.1070989145193275,,,8.0,14.161945525063729,linex,1.432855690414156,Mean,3.8849654840021137,1020.0,14.161945525063729,8.0
nan,nan,15.0,5.1070989145193275,4.064042461821021,5.1070989145193275,,,8.0,13.3382601094767,linex,1.3780274916695834,Median,3.732427917171647,1020.0,13.3382601094767,8.0
0.2070125670429702,nan,15.0,5.1070989145193275,4.064042461821021,5.1070989145193275,,,8.0,3.0830467135550266,linex,1.3117385576349765,OGDVanilla,3.270048073605744,1020.0,3.0830467135550266,8.0
0.9300277482797572,nan,15.0,5.1070989145193275,4.064042461821021,5.1070989145193275,,,8.0,5.993516568776896,linex,1.4176794255242813,MWUMVanilla,3.7785163895903224,1020.0,5.993516568776896,8.0
0.15230144741346496,1.0237793027418516,15.0,5.1070989145193275,4.064042461821021,5.1070989145193275,,,8.0,2.9912044492515713,linex,1.3070702085623638,OGDBoth,3.248948864257426,1020.0,2.9912044492515713,8.0
0.07983848211527757,3.3382104416332203,15.0,5.1070989145193275,4.064042461821021,5.1070989145193275,,,8.0,3.192821459086056,linex,1.2718724076335473,OGDConcOnly,3.1145619774593793,1020.0,3.192821459086056,8.0
0.10013118908961298,2.4113725797800174,15.0,5.1070989145193275,4.064042461821021,5.1070989145193275,,,8.0,2.767490611904387,linex,1.2455996930983841,MWUMBothKL,3.011809934819784,1020.0,2.767490611904387,8.0
0.1183888012009952,0.6570538631125293,15.0,5.1070989145193275,4.064042461821021,5.1070989145193275,,,8.0,2.6851261231299812,linex,1.192456251553654,MWUMConcOnlyKL,2.8162043732823436,1020.0,2.6851261231299812,8.0
0.3454348943973095,nan,15.0,5.1070989145193275,4.064042461821021,5.1070989145193275,0.5588235294117647,3.0,8.0,5.113236983545693,linex,1.343452660977537,RLRuleBandit,3.4965731803704383,1020.0,5.113236983545693,8.0
0.4735824075204954,0.3106944913099533,15.0,5.1070989145193275,4.064042461821021,5.1070989145193275,0.2019607843137255,0.5104803921568628,8.0,2.9129572942216293,linex,1.1417170236582113,RLKappaBandit,2.715175535939042,1020.0,2.9129572942216293,8.0
0.055555555555555566,nan,13.0,0.4273844340798851,0.7624754225973522,0.4273844340798851,,,1.0,0.45647573737193214,linex,0.5346364930463663,Mean,0.6315944170440676,1020.0,0.45647573737193214,9.0
nan,nan,13.0,0.4273844340798851,0.7624754225973522,0.4273844340798851,,,1.0,0.4782550455785603,linex,0.5254173814204885,Median,0.6254757132734858,1020.0,0.4782550455785603,9.0
0.09779102860901183,nan,13.0,0.4273844340798851,0.7624754225973522,0.4273844340798851,,,1.0,0.4263460727572642,linex,0.562342243877522,OGDVanilla,0.678640286818257,1020.0,0.4263460727572642,9.0
0.05615454324968737,nan,13.0,0.4273844340798851,0.7624754225973522,0.4273844340798851,,,1.0,0.46123135021538775,linex,0.5324248246646722,MWUMVanilla,0.6288280880012865,1020.0,0.46123135021538775,9.0
0.09753836988314128,0.0017051697158560926,13.0,0.4273844340798851,0.7624754225973522,0.4273844340798851,,,1.0,0.4263765670015595,linex,0.5622784563847164,OGDBoth,0.6785050494634093,1020.0,0.4263765670015595,9.0
0.05728755762918748,5.415562681929516,13.0,0.4273844340798851,0.7624754225973522,0.4273844340798851,,,1.0,0.46739313073073396,linex,0.5374094348640264,OGDConcOnly,0.6386169435051944,1020.0,0.46739313073073396,9.0
0.05561624781948965,5.142728208597008,13.0,0.4273844340798851,0.7624754225973522,0.4273844340798851,,,1.0,0.45733497681697854,linex,0.5341534467422269,MWUMBothKL,0.6310058981149587,1020.0,0.45733497681697854,9.0
0.05624527074992686,5.333130209088257,13.0,0.4273844340798851,0.7624754225973522,0.4273844340798851,,,1.0,0.459870788510523,linex,0.535545397261147,MWUMConcOnlyKL,0.6343089883077838,1020.0,0.459870788510523,9.0
0.05678695921380586,nan,13.0,0.4273844340798851,0.7624754225973522,0.4273844340798851,0.4019607843137255,5.0,1.0,0.45763217590759964,linex,0.5404442888170067,RLRuleBandit,0.6450333465188328,1020.0,0.45763217590759964,9.0
0.11109541099736714,1.3272312737205967,13.0,0.4273844340798851,0.7624754225973522,0.4273844340798851,0.7598039215686274,1.7701176470588236,1.0,0.5337768729263419,linex,0.5507361997021587,RLKappaBandit,0.689631144436008,1020.0,0.5337768729263419,9.0
0.055555555555555566,nan,17.0,1.8393824863578991,2.2828367190607897,1.8393824863578991,,,4.0,2.2223115871247234,linex,0.9759723828156052,Mean,2.046292584054465,1020.0,2.2223115871247234,9.0
nan,nan,17.0,1.8393824863578991,2.2828367190607897,1.8393824863578991,,,4.0,2.145079233347747,linex,0.9582217859930477,Median,2.029340333330518,1020.0,2.145079233347747,9.0
0.22197054503854177,nan,17.0,1.8393824863578991,2.2828367190607897,1.8393824863578991,,,4.0,1.29283359309454,linex,0.8822684800533889,OGDVanilla,1.781764028618658,1020.0,1.29283359309454,9.0
0.9811996725801634,nan,17.0,1.8393824863578991,2.2828367190607897,1.8393824863578991,,,4.0,1.9177374757732772,linex,1.0490314645620122,MWUMVanilla,2.2290492460996094,1020.0,1.9177374757732772,9.0
0.09232126237887708,3.445988057089397,17.0,1.8393824863578991,2.2828367190607897,1.8393824863578991,,,4.0,1.2619532489290364,linex,0.8777934916374752,OGDBoth,1.728669900723635,1020.0,1.2619532489290364,9.0
0.06178583984648858,5.345001107140371,17.0,1.8393824863578991,2.2828367190607897,1.8393824863578991,,,4.0,1.4968866795078415,linex,0.9250108208476657,OGDConcOnly,1.8317134100409929,1020.0,1.4968866795078415,9.0
0.07467199682422762,2.3450131526019145,17.0,1.8393824863578991,2.2828367190607897,1.8393824863578991,,,4.0,1.3534010316021787,linex,0.9013969523091494,MWUMBothKL,1.764171997169731,1020.0,1.3534010316021787,9.0
0.07576299138425965,1.0835553907174684,17.0,1.8393824863578991,2.2828367190607897,1.8393824863578991,,,4.0,1.3287824780293558,linex,0.8915648781363391,MWUMConcOnlyKL,1.7313382338696983,1020.0,1.3287824780293558,9.0
0.09723929304964977,nan,17.0,1.8393824863578991,2.2828367190607897,1.8393824863578991,0.788235294117647,4.0,4.0,1.656996287985027,linex,0.9388566199185631,RLRuleBandit,1.9230947205796431,1020.0,1.656996287985027,9.0
0.16897184230067117,0.5524934562146999,17.0,1.8393824863578991,2.2828367190607897,1.8393824863578991,0.9029411764705882,0.8320980392156863,4.0,1.2274999504009598,linex,0.8272452442412678,RLKappaBandit,1.527645020855611,1020.0,1.2274999504009598,9.0
0.055555555555555566,nan,17.0,2.4291647083901013,2.726987852997738,2.4291647083901013,,,8.0,4.032250477956927,linex,1.1673500795623206,Mean,2.7571947115868243,1020.0,4.032250477956927,9.0
nan,nan,17.0,2.4291647083901013,2.726987852997738,2.4291647083901013,,,8.0,3.6859692646347013,linex,1.1086573281808245,Median,2.616784752919612,1020.0,3.6859692646347013,9.0
0.19192975910294072,nan,17.0,2.4291647083901013,2.726987852997738,2.4291647083901013,,,8.0,1.8479494128718876,linex,1.0534350791777374,OGDVanilla,2.3312578800973016,1020.0,1.8479494128718876,9.0
0.8692426926432099,nan,17.0,2.4291647083901013,2.726987852997738,2.4291647083901013,,,8.0,2.547593490775728,linex,1.1698200430950139,MWUMVanilla,2.6893149832161707,1020.0,2.547593490775728,9.0
0.1345768707440906,1.0176471815228996,17.0,2.4291647083901013,2.726987852997738,2.4291647083901013,,,8.0,1.8361794855371527,linex,1.0457938123621966,OGDBoth,2.3115428955317303,1020.0,1.8361794855371527,9.0
0.07082508661849664,3.318215580543157,17.0,2.4291647083901013,2.726987852997738,2.4291647083901013,,,8.0,2.006853092916122,linex,1.0478930823199823,OGDConcOnly,2.2177888950914864,1020.0,2.006853092916122,9.0
0.08850722202568055,2.3969291960986636,17.0,2.4291647083901013,2.726987852997738,2.4291647083901013,,,8.0,1.8119219645395748,linex,1.022640078636842,MWUMBothKL,2.1650132850871286,1020.0,1.8119219645395748,9.0
0.10394308304157047,0.6531183159407689,17.0,2.4291647083901013,2.726987852997738,2.4291647083901013,,,8.0,1.8331333929399805,linex,0.9805505285217159,MWUMConcOnlyKL,1.9993605814735678,1020.0,1.8331333929399805,9.0
0.08541497325738381,nan,17.0,2.4291647083901013,2.726987852997738,2.4291647083901013,0.9254901960784314,5.0,8.0,2.221612206762064,linex,1.0396506782835688,RLRuleBandit,2.246656047661208,1020.0,2.221612206762064,9.0
0.592891021209801,0.0896076450494142,17.0,2.4291647083901013,2.726987852997738,2.4291647083901013,0.03431372549019608,0.11323529411764702,8.0,2.5822016734689703,linex,0.9094806698713186,RLKappaBandit,1.7722660715066876,1020.0,2.5822016734689703,9.0
0.055555555555555566,nan,6.0,0.7010928745174129,0.9716979210500841,0.7010928745174129,,,1.0,0.7473650207981212,linex,0.6593903193186139,Mean,0.9170281992042029,1020.0,0.7473650207981212,10.0
nan,nan,6.0,0.7010928745174129,0.9716979210500841,0.7010928745174129,,,1.0,0.7362284819404392,linex,0.6451217204069439,Median,0.9064347161120924,1020.0,0.7362284819404392,10.0
0.10558959772829762,nan,6.0,0.7010928745174129,0.9716979210500841,0.7010928745174129,,,1.0,0.700153812904476,linex,0.6751820463935209,OGDVanilla,0.9529779089315052,1020.0,0.700153812904476,10.0
0.06096407496415074,nan,6.0,0.7010928745174129,0.9716979210500841,0.7010928745174129,,,1.0,0.7324141213711761,linex,0.643941842121069,MWUMVanilla,0.9010280877646377,1020.0,0.7324141213711761,10.0
0.1053567066209202,0.0016775553338648026,6.0,0.7010928745174129,0.9716979210500841,0.7010928745174129,,,1.0,0.7001278778306314,linex,0.675083285283669,OGDBoth,0.9527939263450983,1020.0,0.7001278778306314,10.0
0.05804827221721617,5.327808869858592,6.0,0.7010928745174129,0.9716979210500841,0.7010928745174129,,,1.0,0.7316673273790586,linex,0.6509076548484477,OGDConcOnly,0.9131113483061645,1020.0,0.7316673273790586,10.0
0.05768723919173541,5.059395408880015,6.0,0.7010928745174129,0.9716979210500841,0.7010928745174129,,,1.0,0.7366786559988553,linex,0.6471091536336631,MWUMBothKL,0.9045982833289288,1020.0,0.7366786559988553,10.0
0.056666645137452794,5.2467121335771045,6.0,0.7010928745174129,0.9716979210500841,0.7010928745174129,,,1.0,0.7186450509199588,linex,0.6492963872548152,MWUMConcOnlyKL,0.9089907840540876,1020.0,0.7186450509199588,10.0
0.06914083711264452,nan,6.0,0.7010928745174129,0.9716979210500841,0.7010928745174129,0.49019607843137253,3.0,1.0,0.7174465109539196,linex,0.6538423257026362,RLRuleBandit,0.911468642278826,1020.0,0.7174465109539196,10.0
0.27083790729063334,0.701811824257033,6.0,0.7010928745174129,0.9716979210500841,0.7010928745174129,0.44901960784313727,0.9570784313725491,1.0,0.8483203835761048,linex,0.6705039071155922,RLKappaBandit,1.035761513633826,1020.0,0.8483203835761048,10.0
0.055555555555555566,nan,9.0,6.106400101641406,3.1781595843028727,6.106400101641406,,,4.0,6.812663399447195,linex,1.3161563049852198,Mean,3.315501680667355,1020.0,6.812663399447195,10.0
nan,nan,9.0,6.106400101641406,3.1781595843028727,6.106400101641406,,,4.0,7.034508398803686,linex,1.2846308993606015,Median,3.2777881808773377,1020.0,7.034508398803686,10.0
0.2700551652148007,nan,9.0,6.106400101641406,3.1781595843028727,6.106400101641406,,,4.0,3.338947384048286,linex,1.1814721099839192,OGDVanilla,2.8415744109256984,1020.0,3.338947384048286,10.0
0.9915276031509127,nan,9.0,6.106400101641406,3.1781595843028727,6.106400101641406,,,4.0,7.13800654016641,linex,1.4477359385054676,MWUMVanilla,3.893816616295122,1020.0,7.13800654016641,10.0
0.1220517467881318,3.3901492506336064,9.0,6.106400101641406,3.1781595843028727,6.106400101641406,,,4.0,3.438473099853786,linex,1.1781437168320357,OGDBoth,2.817851933973891,1020.0,3.438473099853786,10.0
0.07212756334023653,5.258390675486316,9.0,6.106400101641406,3.1781595843028727,6.106400101641406,,,4.0,3.657292485925109,linex,1.2212499979623948,OGDConcOnly,2.855200253870459,1020.0,3.657292485925109,10.0
0.1001237551089292,2.307014553780648,9.0,6.106400101641406,3.1781595843028727,6.106400101641406,,,4.0,3.354462516013637,linex,1.1930272307489818,MWUMBothKL,2.842055852778704,1020.0,3.354462516013637,10.0
0.10220623324803517,1.0659974652507664,9.0,6.106400101641406,3.1781595843028727,6.106400101641406,,,4.0,3.2270142531681527,linex,1.1690536428143667,MWUMConcOnlyKL,2.6886739611090564,1020.0,3.2270142531681527,10.0
0.0993863998611341,nan,9.0,6.106400101641406,3.1781595843028727,6.106400101641406,0.5666666666666667,0.0,4.0,6.943093391756828,linex,1.2701433780910778,RLRuleBandit,3.228780368695194,1020.0,6.943093391756828,10.0
0.3063235270639153,0.5221652832042504,9.0,6.106400101641406,3.1781595843028727,6.106400101641406,0.4725490196078431,0.7971470588235294,4.0,3.2487104037303918,linex,1.0556859243601175,RLKappaBandit,2.320613227859049,1020.0,3.2487104037303918,10.0
0.055555555555555566,nan,6.0,17.390938126998286,4.86294813505975,17.390938126998286,,,8.0,26.68990798321887,linex,1.6211290648507146,Mean,4.95119951742892,1020.0,26.68990798321887,10.0
nan,nan,6.0,17.390938126998286,4.86294813505975,17.390938126998286,,,8.0,20.630417105271384,linex,1.5416750553564011,Median,4.639720891404004,1020.0,20.630417105271384,10.0
0.2745308395607973,nan,6.0,17.390938126998286,4.86294813505975,17.390938126998286,,,8.0,11.453398025169868,linex,1.4933971753016801,OGDVanilla,4.323268288467765,1020.0,11.453398025169868,10.0
0.9936012180614738,nan,6.0,17.390938126998286,4.86294813505975,17.390938126998286,,,8.0,16.70243023683946,linex,1.6752627034770204,MWUMVanilla,5.139653111316142,1020.0,16.70243023683946,10.0
0.20469647230386895,1.0011572332935157,6.0,17.390938126998286,4.86294813505975,17.390938126998286,,,8.0,11.339477815015133,linex,1.472368164989582,OGDBoth,4.238425923107333,1020.0,11.339477815015133,10.0
0.09912974926108864,3.2644472004906127,6.0,17.390938126998286,4.86294813505975,17.390938126998286,,,8.0,10.771104912042361,linex,1.4318124705051885,OGDConcOnly,3.9053617072465214,1020.0,10.771104912042361,10.0
0.13214491226608346,2.3580893492237225,6.0,17.390938126998286,4.86294813505975,17.390938126998286,,,8.0,10.044670707324821,linex,1.3925773102722714,MWUMBothKL,3.754441297686306,1020.0,10.044670707324821,10.0
0.14366664557939968,0.6425351968536805,6.0,17.390938126998286,4.86294813505975,17.390938126998286,,,8.0,10.571455623516162,linex,1.3356755907239435,MWUMConcOnlyKL,3.5413279885704103,1020.0,10.571455623516162,10.0
0.09790360553225597,nan,6.0,17.390938126998286,4.86294813505975,17.390938126998286,0.9745098039215686,4.0,8.0,12.698117923926786,linex,1.4317050140775724,RLRuleBandit,3.9273970874642616,1020.0,12.698117923926786,10.0
0.19038708269631802,1.5122514658969428,6.0,17.390938126998286,4.86294813505975,17.390938126998286,0.9950980392156863,2.1499803921568628,8.0,10.946159665165156,linex,1.3240397941775217,RLKappaBandit,3.4960796383695723,1020.0,10.946159665165156,10.0
0.055555555555555566,nan,1.0,0.5797833221252154,0.8925881068748303,0.5797833221252154,,,1.0,0.6811843732281001,linex,0.6432311296529283,Mean,0.8714009903137705,1020.0,0.6811843732281001,11.0
nan,nan,1.0,0.5797833221252154,0.8925881068748303,0.5797833221252154,,,1.0,0.6658897054564985,linex,0.6315386179860146,Median,0.8593629170010406,1020.0,0.6658897054564985,11.0
0.11725371446856477,nan,1.0,0.5797833221252154,0.8925881068748303,0.5797833221252154,,,1.0,0.6354597264728831,linex,0.6527586456746345,OGDVanilla,0.8884636786297628,1020.0,0.6354597264728831,11.0
0.05821324854752941,nan,1.0,0.5797833221252154,0.8925881068748303,0.5797833221252154,,,1.0,0.6540981953467718,linex,0.6371194447251554,MWUMVanilla,0.8550559730411343,1020.0,0.6540981953467718,11.0
0.11688967126226865,0.0016340169914187952,1.0,0.5797833221252154,0.8925881068748303,0.5797833221252154,,,1.0,0.6354610321630224,linex,0.652724801002976,OGDBoth,0.8883589326698549,1020.0,0.6354610321630224,11.0
0.05733199617113239,5.189451418220112,1.0,0.5797833221252154,0.8925881068748303,0.5797833221252154,,,1.0,0.6696383333198743,linex,0.6415268920442984,OGDConcOnly,0.8721746185955783,1020.0,0.6696383333198743,11.0
0.056131235735609575,4.928008366714549,1.0,0.5797833221252154,0.8925881068748303,0.5797833221252154,,,1.0,0.670241171221232,linex,0.6400327413232394,MWUMBothKL,0.8636866681378171,1020.0,0.670241171221232,11.0
0.05626823884244557,5.110460677132554,1.0,0.5797833221252154,0.8925881068748303,0.5797833221252154,,,1.0,0.6596540314915407,linex,0.6407962420341913,MWUMConcOnlyKL,0.8701824664909379,1020.0,0.6596540314915407,11.0
0.06282392442733124,nan,1.0,0.5797833221252154,0.8925881068748303,0.5797833221252154,0.46078431372549017,6.0,1.0,0.6618330653407433,linex,0.6444156196445254,RLRuleBandit,0.8677403406377547,1020.0,0.6618330653407433,11.0
0.24328906560850042,0.8611520232510617,1.0,0.5797833221252154,0.8925881068748303,0.5797833221252154,0.36470588235294116,1.3784411764705884,1.0,0.6831336697040761,linex,0.6541142347765765,RLKappaBandit,0.9382163816131238,1020.0,0.6831336697040761,11.0
0.055555555555555566,nan,1.0,2.483662440018238,2.4604595070662696,2.483662440018238,,,4.0,5.496508968974371,linex,1.1464441572297113,Mean,2.534697666732,1020.0,5.496508968974371,11.0
nan,nan,1.0,2.483662440018238,2.4604595070662696,2.483662440018238,,,4.0,4.531440595155256,linex,1.1094811171159609,Median,2.4617741679981666,1020.0,4.531440595155256,11.0
0.2919903682932039,nan,1.0,2.483662440018238,2.4604595070662696,2.483662440018238,,,4.0,2.530283569353334,linex,1.0210105047546219,OGDVanilla,2.1649778539062527,1020.0,2.530283569353334,11.0
0.9956263312371784,nan,1.0,2.483662440018238,2.4604595070662696,2.483662440018238,,,4.0,2.771122213960372,linex,1.115519046429947,MWUMVanilla,2.4783705906643005,1020.0,2.771122213960372,11.0
0.10519826896724264,3.3021107394688327,1.0,2.483662440018238,2.4604595070662696,2.483662440018238,,,4.0,2.5226406661783796,linex,1.0244321762364714,OGDBoth,2.1023767852070927,1020.0,2.5226406661783796,11.0
0.06499130689671398,5.121835939843852,1.0,2.483662440018238,2.4604595070662696,2.483662440018238,,,4.0,2.8582667910495743,linex,1.0838598914858764,OGDConcOnly,2.260082601855591,1020.0,2.8582667910495743,11.0
0.08740717819064046,2.247103888082225,1.0,2.483662440018238,2.4604595070662696,2.483662440018238,,,4.0,2.5479139244024975,linex,1.044847294712051,MWUMBothKL,2.132445061623061,1020.0,2.5479139244024975,11.0
0.08817563804074145,1.0383146812633552,1.0,2.483662440018238,2.4604595070662696,2.483662440018238,,,4.0,2.5409612999238003,linex,1.0399524422324125,MWUMConcOnlyKL,2.1161733490956482,1020.0,2.5409612999238003,11.0
0.31744064539855077,nan,1.0,2.483662440018238,2.4604595070662696,2.483662440018238,0.3480392156862745,0.0,4.0,4.323764915653368,linex,1.0956420842231052,RLRuleBandit,2.404778783031415,1020.0,4.323764915653368,11.0
0.3653143816824984,0.29796237280160476,1.0,2.483662440018238,2.4604595070662696,2.483662440018238,0.28921568627450983,0.5358039215686274,4.0,2.7646387501655503,linex,0.9472450808355615,RLKappaBandit,1.876584120622429,1020.0,2.7646387501655503,11.0
0.055555555555555566,nan,1.0,2.744266322978241,2.748019423264145,2.744266322978241,,,8.0,4.452512381084569,linex,1.322671959986815,Mean,3.1689469446922094,1020.0,4.452512381084569,11.0
nan,nan,1.0,2.744266322978241,2.748019423264145,2.744266322978241,,,8.0,3.9223005011066925,linex,1.237274944786663,Median,2.9200207031063763,1020.0,3.9223005011066925,11.0
0.22258746579180386,nan,1.0,2.744266322978241,2.748019423264145,2.744266322978241,,,8.0,2.5267635125256716,linex,1.21718577630144,OGDVanilla,2.818935603876888,1020.0,2.5267635125256716,11.0
0.9882974241893024,nan,1.0,2.744266322978241,2.748019423264145,2.744266322978241,,,8.0,2.816232545167896,linex,1.2071336181486214,MWUMVanilla,2.8448212911926554,1020.0,2.816232545167896,11.0
0.14745524841792423,0.9751582805320778,1.0,2.744266322978241,2.748019423264145,2.744266322978241,,,8.0,2.507321974316948,linex,1.2146166167556511,OGDBoth,2.8036280605333843,1020.0,2.507321974316948,11.0
0.07457448122515128,3.1796730366424724,1.0,2.744266322978241,2.748019423264145,2.744266322978241,,,8.0,2.535289107986366,linex,1.187060218531386,OGDConcOnly,2.6126748160168036,1020.0,2.535289107986366,11.0
0.0960654183204822,2.2968523259101086,1.0,2.744266322978241,2.748019423264145,2.744266322978241,,,8.0,2.289603137079956,linex,1.163932402761305,MWUMBothKL,2.5473729811194077,1020.0,2.289603137079956,11.0
0.11422299888894986,0.6258492734422546,1.0,2.744266322978241,2.748019423264145,2.744266322978241,,,8.0,2.2121192708227717,linex,1.1183980736175374,MWUMConcOnlyKL,2.3999859817692952,1020.0,2.2121192708227717,11.0
0.08404341973991408,nan,1.0,2.744266322978241,2.748019423264145,2.744266322978241,0.7696078431372549,6.0,8.0,2.653324565861482,linex,1.2038394823006522,RLRuleBandit,2.694774167712893,1020.0,2.653324565861482,11.0
0.2521967854124242,3.0124686958746287,1.0,2.744266322978241,2.748019423264145,2.744266322978241,0.6460784313725491,4.457921568627451,8.0,2.816887249321562,linex,1.1409296321303222,RLKappaBandit,2.491943877119872,1020.0,2.816887249321562,11.0
0.055555555555555566,nan,1.0,0.7657463730284393,1.0369287097560436,0.7657463730284393,,,1.0,0.8812566974264292,linex,0.696575368168013,Mean,1.0275021753310445,1020.0,0.8812566974264292,12.0
nan,nan,1.0,0.7657463730284393,1.0369287097560436,0.7657463730284393,,,1.0,0.8837618218021118,linex,0.6827216561315078,Median,1.0149712984549033,1020.0,0.8837618218021118,12.0
0.14866367760148036,nan,1.0,0.7657463730284393,1.0369287097560436,0.7657463730284393,,,1.0,0.9020863757173279,linex,0.7319132612891495,OGDVanilla,1.1266251860329406,1020.0,0.9020863757173279,12.0
0.06091044525680092,nan,1.0,0.7657463730284393,1.0369287097560436,0.7657463730284393,,,1.0,0.9013471730044744,linex,0.6836866461340563,MWUMVanilla,1.0110251576933798,1020.0,0.9013471730044744,12.0
0.14829552545339728,0.0016697874970846864,1.0,0.7657463730284393,1.0369287097560436,0.7657463730284393,,,1.0,0.9018227824741172,linex,0.731832625377264,OGDBoth,1.1263917266957242,1020.0,0.9018227824741172,12.0
0.05940255430820768,5.3031240049496144,1.0,0.7657463730284393,1.0369287097560436,0.7657463730284393,,,1.0,0.928366770256377,linex,0.6975832599152776,OGDConcOnly,1.038960585780603,1020.0,0.928366770256377,12.0
0.05712884155698589,5.035954160517628,1.0,0.7657463730284393,1.0369287097560436,0.7657463730284393,,,1.0,0.8856669633761588,linex,0.6887815317243627,MWUMBothKL,1.0178813738234045,1020.0,0.8856669633761588,12.0
0.05710515905533073,5.222403007063459,1.0,0.7657463730284393,1.0369287097560436,0.7657463730284393,,,1.0,0.897263992024052,linex,0.6951757514025912,MWUMConcOnlyKL,1.0319359754325275,1020.0,0.897263992024052,12.0
0.08864302423626888,nan,1.0,0.7657463730284393,1.0369287097560436,0.7657463730284393,0.3029411764705882,3.0,1.0,0.8982443827733966,linex,0.715360352368217,RLRuleBandit,1.075809162538126,1020.0,0.8982443827733966,12.0
0.17353292586417945,1.9378494164043043,1.0,0.7657463730284393,1.0369287097560436,0.7657463730284393,0.5852941176470589,2.678980392156863,1.0,1.16950020647332,linex,0.715056354459006,RLKappaBandit,1.1370598730135566,1020.0,1.16950020647332,12.0
0.055555555555555566,nan,4.0,11.0147557697233,4.128110011049161,11.0147557697233,,,4.0,11.376642423352036,linex,1.2808608237326036,Mean,3.374748252760855,1020.0,11.376642423352036,12.0
nan,nan,4.0,11.0147557697233,4.128110011049161,11.0147557697233,,,4.0,11.804231909007632,linex,1.25484751451235,Median,3.335471639651349,1020.0,11.804231909007632,12.0
0.2853391793702569,nan,4.0,11.0147557697233,4.128110011049161,11.0147557697233,,,4.0,4.490384814148391,linex,1.1617652809850225,OGDVanilla,2.8195840053517607,1020.0,4.490384814148391,12.0
0.998753744394651,nan,4.0,11.0147557697233,4.128110011049161,11.0147557697233,,,4.0,8.257907327125077,linex,1.3556885465882786,MWUMVanilla,3.8711151417823912,1020.0,8.257907327125077,12.0
0.1264703047465098,3.374441974089019,4.0,11.0147557697233,4.128110011049161,11.0147557697233,,,4.0,4.674276625644555,linex,1.1546026917614787,OGDBoth,2.791196456990144,1020.0,4.674276625644555,12.0
0.07219518177474765,5.234027439808753,4.0,11.0147557697233,4.128110011049161,11.0147557697233,,,4.0,5.297594427082284,linex,1.190851175604298,OGDConcOnly,2.894980937035176,1020.0,5.297594427082284,12.0
0.10449438775283573,2.2963256702267882,4.0,11.0147557697233,4.128110011049161,11.0147557697233,,,4.0,4.704467760046132,linex,1.156280264940876,MWUMBothKL,2.7697294873381906,1020.0,4.704467760046132,12.0
0.10413878171036049,1.0610584773253513,4.0,11.0147557697233,4.128110011049161,11.0147557697233,,,4.0,4.643819688613974,linex,1.1476262628089988,MWUMConcOnlyKL,2.727268704254499,1020.0,4.643819688613974,12.0
0.09309402408963025,nan,4.0,11.0147557697233,4.128110011049161,11.0147557697233,0.7931372549019607,5.0,4.0,8.154471228373811,linex,1.1822766525290032,RLRuleBandit,2.9180701319327285,1020.0,8.154471228373811,12.0
0.10596685986230446,2.8451503636562046,4.0,11.0147557697233,4.128110011049161,11.0147557697233,0.9970588235294118,4.209254901960785,4.0,4.7441187897749995,linex,1.148289746339838,RLKappaBandit,2.7473361540011623,1020.0,4.7441187897749995,12.0
0.055555555555555566,nan,15.0,23.80312814714266,5.6050070036149435,23.80312814714266,,,8.0,47.828850132833466,linex,1.534118297735599,Mean,4.6897546000753705,1020.0,47.828850132833466,12.0
nan,nan,15.0,23.80312814714266,5.6050070036149435,23.80312814714266,,,8.0,46.971561057214466,linex,1.4673817180012387,Median,4.516069389948734,1020.0,46.971561057214466,12.0
0.2749304400441887,nan,15.0,23.80312814714266,5.6050070036149435,23.80312814714266,,,8.0,32.74297063138991,linex,1.4809488648838633,OGDVanilla,5.100096099879747,1020.0,32.74297063138991,12.0
0.9984740515765762,nan,15.0,23.80312814714266,5.6050070036149435,23.80312814714266,,,8.0,41.15970856917193,linex,1.7845834085756964,MWUMVanilla,6.230616542473206,1020.0,41.15970856917193,12.0
0.20742991145194875,0.9965186639277838,15.0,23.80312814714266,5.6050070036149435,23.80312814714266,,,8.0,32.566796020940906,linex,1.4557005584915699,OGDBoth,4.89785126805205,1020.0,32.566796020940906,12.0
0.08879133184177478,3.249322328229805,15.0,23.80312814714266,5.6050070036149435,23.80312814714266,,,8.0,33.02424753334116,linex,1.362625010515593,OGDConcOnly,3.801367309310728,1020.0,33.02424753334116,12.0
0.1217838091683465,2.3471638252998335,15.0,23.80312814714266,5.6050070036149435,23.80312814714266,,,8.0,31.907557441698785,linex,1.333542041617505,MWUMBothKL,3.7914221068900904,1020.0,31.907557441698785,12.0
0.13565749535115137,0.6395581995151575,15.0,23.80312814714266,5.6050070036149435,23.80312814714266,,,8.0,31.740626558164998,linex,1.2619666297591516,MWUMConcOnlyKL,3.40259259188941,1020.0,31.740626558164998,12.0
0.10288969976995728,nan,15.0,23.80312814714266,5.6050070036149435,23.80312814714266,0.6019607843137255,5.0,8.0,94.3462252119761,linex,1.3967242163117979,RLRuleBandit,4.1103640344202255,1020.0,94.3462252119761,12.0
0.11899647903472989,3.268338495828358,15.0,23.80312814714266,5.6050070036149435,23.80312814714266,0.9970588235294118,4.804549019607842,8.0,32.322206575186115,linex,1.3195515434421052,RLKappaBandit,3.59752510122288,1020.0,32.322206575186115,12.0
0.055555555555555566,nan,0.0,0.4283663452665822,0.7880254993004615,0.4283663452665822,,,1.0,0.5163046825994345,linex,0.5814625463586331,Mean,0.7399647639378946,1020.0,0.5163046825994345,13.0
nan,nan,0.0,0.4283663452665822,0.7880254993004615,0.4283663452665822,,,1.0,0.49230258062623183,linex,0.5698913106389718,Median,0.7290181269288967,1020.0,0.49230258062623183,13.0
0.11320035863200943,nan,0.0,0.4283663452665822,0.7880254993004615,0.4283663452665822,,,1.0,0.46479024176034667,linex,0.5909296158652367,OGDVanilla,0.7572552256286286,1020.0,0.46479024176034667,13.0
0.059911591092024805,nan,0.0,0.4283663452665822,0.7880254993004615,0.4283663452665822,,,1.0,0.5051179563641671,linex,0.5695307381022912,MWUMVanilla,0.7264882267478232,1020.0,0.5051179563641671,13.0
0.11284552053588874,0.0016299884655792418,0.0,0.4283663452665822,0.7880254993004615,0.4283663452665822,,,1.0,0.4648391272746361,linex,0.590890919021236,OGDBoth,0.7571813542792615,1020.0,0.4648391272746361,13.0
0.05685414186322888,5.176649447871526,0.0,0.4283663452665822,0.7880254993004615,0.4283663452665822,,,1.0,0.507414214134004,linex,0.5765140584968678,OGDConcOnly,0.7383205766622031,1020.0,0.507414214134004,13.0
0.056744421200205834,4.915851356029026,0.0,0.4283663452665822,0.7880254993004615,0.4283663452665822,,,1.0,0.5107862072679564,linex,0.5745537718002458,MWUMBothKL,0.732946624779906,1020.0,0.5107862072679564,13.0
0.05619724135246443,5.09785357079532,0.0,0.4283663452665822,0.7880254993004615,0.4283663452665822,,,1.0,0.49984648808101306,linex,0.5749458239527254,MWUMConcOnlyKL,0.7351884842540047,1020.0,0.49984648808101306,13.0
0.06028453132482731,nan,0.0,0.4283663452665822,0.7880254993004615,0.4283663452665822,0.35490196078431374,3.0,1.0,0.5084282792355517,linex,0.580133850542285,RLRuleBandit,0.7452527243920353,1020.0,0.5084282792355517,13.0
0.2730638657386064,0.21506381256394652,0.0,0.4283663452665822,0.7880254993004615,0.4283663452665822,0.19411764705882353,0.29229411764705876,1.0,0.7186089965522413,linex,0.5934300171009123,RLKappaBandit,0.7868818998640986,1020.0,0.7186089965522413,13.0
0.055555555555555566,nan,6.0,3.4658409336224563,2.6412574488668055,3.4658409336224563,,,4.0,4.6212158436584,linex,1.1372403417320935,Mean,2.496387783000881,1020.0,4.6212158436584,13.0
nan,nan,6.0,3.4658409336224563,2.6412574488668055,3.4658409336224563,,,4.0,4.219915692519713,linex,1.1127882513505303,Median,2.4639939964264377,1020.0,4.219915692519713,13.0
0.23412868935429892,nan,6.0,3.4658409336224563,2.6412574488668055,3.4658409336224563,,,4.0,3.22722143965274,linex,1.0209452036546023,OGDVanilla,2.124024412240459,1020.0,3.22722143965274,13.0
0.9894484806768346,nan,6.0,3.4658409336224563,2.6412574488668055,3.4658409336224563,,,4.0,3.835452327759648,linex,1.153741465317022,MWUMVanilla,2.631060309821643,1020.0,3.835452327759648,13.0
0.10178204367493883,3.2939646917054626,6.0,3.4658409336224563,2.6412574488668055,3.4658409336224563,,,4.0,3.231831342404719,linex,1.029959182979156,OGDBoth,2.144901669364584,1020.0,3.231831342404719,13.0
0.06480636277822284,5.109200771618713,6.0,3.4658409336224563,2.6412574488668055,3.4658409336224563,,,4.0,3.250203229568828,linex,1.074232255161789,OGDConcOnly,2.242151787478396,1020.0,3.250203229568828,13.0
0.08212789156781214,2.2415604601226,6.0,3.4658409336224563,2.6412574488668055,3.4658409336224563,,,4.0,3.225034250372782,linex,1.0457295743767974,MWUMBothKL,2.1680164580781867,1020.0,3.225034250372782,13.0
0.0837683023263165,1.0357532422112747,6.0,3.4658409336224563,2.6412574488668055,3.4658409336224563,,,4.0,3.1646892445216546,linex,1.03812850586729,MWUMConcOnlyKL,2.1406919142316005,1020.0,3.1646892445216546,13.0
0.17372314937157815,nan,6.0,3.4658409336224563,2.6412574488668055,3.4658409336224563,0.4852941176470588,3.0,4.0,4.395074680896924,linex,1.110789677145529,RLRuleBandit,2.4608231661545417,1020.0,4.395074680896924,13.0
0.4366261166455998,0.3006139705081493,6.0,3.4658409336224563,2.6412574488668055,3.4658409336224563,0.42254901960784313,0.44197058823529406,4.0,3.2424253726941874,linex,0.9215832900909419,RLKappaBandit,1.8176166789364723,1020.0,3.2424253726941874,13.0
0.055555555555555566,nan,0.0,6.579801043500032,3.1295197965160058,6.579801043500032,,,8.0,10.947265150857385,linex,1.3653341297091386,Mean,3.487304251733427,1020.0,10.947265150857385,13.0
nan,nan,0.0,6.579801043500032,3.1295197965160058,6.579801043500032,,,8.0,7.84682132166579,linex,1.302555689110896,Median,3.3237227196707915,1020.0,7.84682132166579,13.0
0.2519974501312702,nan,0.0,6.579801043500032,3.1295197965160058,6.579801043500032,,,8.0,4.893447528301794,linex,1.211555050839183,OGDVanilla,2.9595905196130334,1020.0,4.893447528301794,13.0
0.9800969428655789,nan,0.0,6.579801043500032,3.1295197965160058,6.579801043500032,,,8.0,7.393004747706929,linex,1.2674866601038592,MWUMVanilla,3.236452748858634,1020.0,7.393004747706929,13.0
0.16642244746167442,0.9727526434058902,0.0,6.579801043500032,3.1295197965160058,6.579801043500032,,,8.0,4.880084978812497,linex,1.2027446646076438,OGDBoth,2.9226223346764084,1020.0,4.880084978812497,13.0
0.07870239125105895,3.171829033164107,0.0,6.579801043500032,3.1295197965160058,6.579801043500032,,,8.0,5.104354642567471,linex,1.2142135069388214,OGDConcOnly,2.848791456495896,1020.0,5.104354642567471,13.0
0.09620617881439524,2.291186172425691,0.0,6.579801043500032,3.1295197965160058,6.579801043500032,,,8.0,4.688821432278077,linex,1.1829384339744027,MWUMBothKL,2.7399814005632788,1020.0,4.688821432278077,13.0
0.11354286428530255,0.6243053544539949,0.0,6.579801043500032,3.1295197965160058,6.579801043500032,,,8.0,4.72603342199006,linex,1.1391819756025865,MWUMConcOnlyKL,2.576868556615293,1020.0,4.72603342199006,13.0
0.1247536992786309,nan,0.0,6.579801043500032,3.1295197965160058,6.579801043500032,0.3558823529411765,4.0,8.0,8.036683374165573,linex,1.2828844954448841,RLRuleBandit,3.187933105095792,1020.0,8.036683374165573,13.0
0.36130844202897666,1.0045504591196812,0.0,6.579801043500032,3.1295197965160058,6.579801043500032,0.5872549019607843,1.7173039215686277,8.0,5.170406201834164,linex,1.0688242225606703,RLKappaBandit,2.3688739384568915,1020.0,5.170406201834164,13.0
0.055555555555555566,nan,5.0,1.5039782868133242,1.0883029209526731,1.5039782868133242,,,1.0,2.4258446191172127,linex,0.6949922596269005,Mean,1.000434025735585,1020.0,2.4258446191172127,14.0
nan,nan,5.0,1.5039782868133242,1.0883029209526731,1.5039782868133242,,,1.0,2.3961182654776763,linex,0.6756922026152032,Median,0.973118858880773,1020.0,2.3961182654776763,14.0
0.34838380444738926,nan,5.0,1.5039782868133242,1.0883029209526731,1.5039782868133242,,,1.0,36.05362866169606,linex,0.7531211505337069,OGDVanilla,1.2186809220504748,1020.0,36.05362866169606,14.0
0.10630156622464437,nan,5.0,1.5039782868133242,1.0883029209526731,1.5039782868133242,,,1.0,2.490760273084681,linex,0.711865535855997,MWUMVanilla,1.0101673083059481,1020.0,2.490760273084681,14.0
0.34779269380978345,0.0017256080283438245,5.0,1.5039782868133242,1.0883029209526731,1.5039782868133242,,,1.0,36.05370437735608,linex,0.7530441254437055,OGDBoth,1.2185202602136198,1020.0,36.05370437735608,14.0
0.059674838658933076,5.480512164907659,5.0,1.5039782868133242,1.0883029209526731,1.5039782868133242,,,1.0,35.90392973423576,linex,0.6975651065294292,OGDConcOnly,1.0992808326450663,1020.0,35.90392973423576,14.0
0.06632709802751122,5.204405554902664,5.0,1.5039782868133242,1.0883029209526731,1.5039782868133242,,,1.0,2.4906420181689177,linex,0.6876030236567051,MWUMBothKL,0.9883643678286014,1020.0,2.4906420181689177,14.0
0.05730844696511416,5.397091069499416,5.0,1.5039782868133242,1.0883029209526731,1.5039782868133242,,,1.0,35.85837868467608,linex,0.6920995544417172,MWUMConcOnlyKL,1.076757271947122,1020.0,35.85837868467608,14.0
0.05817787124583388,nan,5.0,1.5039782868133242,1.0883029209526731,1.5039782868133242,0.492156862745098,5.0,1.0,32.99532584838261,linex,0.6984583365313333,RLRuleBandit,1.087944072639262,1020.0,32.99532584838261,14.0
0.14145668864865432,2.433467873544504,5.0,1.5039782868133242,1.0883029209526731,1.5039782868133242,0.696078431372549,3.4064803921568627,1.0,36.038854799085556,linex,0.7033576431104986,RLKappaBandit,1.1440454286338304,1020.0,36.038854799085556,14.0
0.055555555555555566,nan,5.0,34.99786250140119,4.44500610620808,34.99786250140119,,,4.0,192.8482065969709,linex,1.314589578647631,Mean,3.5294035879436687,1020.0,192.8482065969709,14.0
nan,nan,5.0,34.99786250140119,4.44500610620808,34.99786250140119,,,4.0,174.27390118321367,linex,1.2814604942456638,Median,3.475488720332613,1020.0,174.27390118321367,14.0
0.24748053800027026,nan,5.0,34.99786250140119,4.44500610620808,34.99786250140119,,,4.0,69.73192488455732,linex,1.153198140631449,OGDVanilla,3.14828300833275,1020.0,69.73192488455732,14.0
0.9863129252748799,nan,5.0,34.99786250140119,4.44500610620808,34.99786250140119,,,4.0,64.9219778402372,linex,1.3783586975384585,MWUMVanilla,3.813440845337496,1020.0,64.9219778402372,14.0
0.11631154450233819,3.487316194566651,5.0,34.99786250140119,4.44500610620808,34.99786250140119,,,4.0,49.583964296116406,linex,1.153701371015415,OGDBoth,2.9830158530968056,1020.0,49.583964296116406,14.0
0.07133346233293117,5.409104336660452,5.0,34.99786250140119,4.44500610620808,34.99786250140119,,,4.0,47.00216560165658,linex,1.225468766596844,OGDConcOnly,3.098272722552706,1020.0,47.00216560165658,14.0
0.09828295687721576,2.373137165554656,5.0,34.99786250140119,4.44500610620808,34.99786250140119,,,4.0,46.04629273125656,linex,1.1656422847985575,MWUMBothKL,2.892635660731937,1020.0,46.04629273125656,14.0
0.0977919755564312,1.0965505889238938,5.0,34.99786250140119,4.44500610620808,34.99786250140119,,,4.0,46.02331094006227,linex,1.1507635719880744,MWUMConcOnlyKL,2.806203764135443,1020.0,46.02331094006227,14.0
0.1226469161708231,nan,5.0,34.99786250140119,4.44500610620808,34.99786250140119,0.49411764705882355,3.0,4.0,171.9321688544606,linex,1.2691598017760022,RLRuleBandit,3.5833441498024214,1020.0,171.9321688544606,14.0
0.2767741181087835,1.3872217672244005,5.0,34.99786250140119,4.44500610620808,34.99786250140119,0.6911764705882353,1.9860392156862747,4.0,50.74563860936891,linex,1.0845925259292424,RLKappaBandit,2.5895468605912844,1020.0,50.74563860936891,14.0
0.055555555555555566,nan,1.0,240.37042799514683,4.170621040563257,240.37042799514683,,,8.0,1606.8995082921917,linex,1.5819871607875473,Mean,5.133111454449264,1020.0,1606.8995082921917,14.0
nan,nan,1.0,240.37042799514683,4.170621040563257,240.37042799514683,,,8.0,747.8473305370107,linex,1.5150628564862674,Median,4.957558692770874,1020.0,747.8473305370107,14.0
0.20220482297320877,nan,1.0,240.37042799514683,4.170621040563257,240.37042799514683,,,8.0,237.5744251446492,linex,1.550578674287757,OGDVanilla,5.931442961249368,1020.0,237.5744251446492,14.0
0.9857264446552946,nan,1.0,240.37042799514683,4.170621040563257,240.37042799514683,,,8.0,240.91242043760562,linex,1.6976415704194447,MWUMVanilla,5.60354635288421,1020.0,240.91242043760562,14.0
0.16388415470738654,1.0298519346448411,1.0,240.37042799514683,4.170621040563257,240.37042799514683,,,8.0,237.87215759274702,linex,1.5192602616235809,OGDBoth,5.705389750603954,1020.0,237.87215759274702,14.0
0.08882739051325998,3.3580113273326253,1.0,240.37042799514683,4.170621040563257,240.37042799514683,,,8.0,238.61232116266302,linex,1.4241515309107737,OGDConcOnly,4.517835948351234,1020.0,238.61232116266302,14.0
0.12338241074975972,2.425675844408812,1.0,240.37042799514683,4.170621040563257,240.37042799514683,,,8.0,235.4385480218045,linex,1.4175655853067703,MWUMBothKL,5.13765136662768,1020.0,235.4385480218045,14.0
0.1411739892493123,0.6609512305091636,1.0,240.37042799514683,4.170621040563257,240.37042799514683,,,8.0,240.21722723541177,linex,1.3132106994031845,MWUMConcOnlyKL,3.9742336053885476,1020.0,240.21722723541177,14.0
0.2984165951669046,nan,1.0,240.37042799514683,4.170621040563257,240.37042799514683,0.47941176470588237,5.0,8.0,21249.4381455558,linex,1.4918001631943418,RLRuleBandit,4.971347735775006,1020.0,21249.4381455558,14.0
0.3966614682535938,0.18135495966639198,1.0,240.37042799514683,4.170621040563257,240.37042799514683,0.2774509803921569,0.25798039215686275,8.0,241.79023097326117,linex,1.216887031574309,RLKappaBandit,3.697336637811952,1020.0,241.79023097326117,14.0
0.055555555555555566,nan,9.0,0.7822117107714647,1.1162027885971504,0.7822117107714647,,,1.0,0.9370642282662139,linex,0.6848154613841028,Mean,1.0403280979948968,1020.0,0.9370642282662139,15.0
nan,nan,9.0,0.7822117107714647,1.1162027885971504,0.7822117107714647,,,1.0,0.9486728988335128,linex,0.6687204922710732,Median,1.026072355490158,1020.0,0.9486728988335128,15.0
0.24608991547691475,nan,9.0,0.7822117107714647,1.1162027885971504,0.7822117107714647,,,1.0,1.7510980748316984,linex,0.7743929934309584,OGDVanilla,1.2901351922683653,1020.0,1.7510980748316984,15.0
0.05876804935671198,nan,9.0,0.7822117107714647,1.1162027885971504,0.7822117107714647,,,1.0,0.9112773786205772,linex,0.6740479430474189,MWUMVanilla,1.0216484431248376,1020.0,0.9112773786205772,15.0
0.24614037059260455,0.001675420033211643,9.0,0.7822117107714647,1.1162027885971504,0.7822117107714647,,,1.0,1.7522701317858884,linex,0.7744680630415917,OGDBoth,1.2902485349343042,1020.0,1.7522701317858884,15.0
0.06018143024347486,5.321023247341622,9.0,0.7822117107714647,1.1162027885971504,0.7822117107714647,,,1.0,0.9527066941474265,linex,0.6827838496949941,OGDConcOnly,1.0455905472049656,1020.0,0.9527066941474265,15.0
0.05727390555260032,5.052951644115646,9.0,0.7822117107714647,1.1162027885971504,0.7822117107714647,,,1.0,0.9152503664963341,linex,0.6767146857942122,MWUMBothKL,1.027838930995233,1020.0,0.9152503664963341,15.0
0.057520876587272195,5.240029797787661,9.0,0.7822117107714647,1.1162027885971504,0.7822117107714647,,,1.0,0.9292713120804532,linex,0.6815077162037368,MWUMConcOnlyKL,1.0442299291295558,1020.0,0.9292713120804532,15.0
0.0639784633791542,nan,9.0,0.7822117107714647,1.1162027885971504,0.7822117107714647,0.44607843137254904,2.0,1.0,0.9801372968212052,linex,0.6808833802757335,RLRuleBandit,1.0472438724002826,1020.0,0.9801372968212052,15.0
0.2127856244030611,0.8538467575294586,9.0,0.7822117107714647,1.1162027885971504,0.7822117107714647,0.6274509803921569,1.1910980392156862,1.0,1.286765416430433,linex,0.6962383825107618,RLKappaBandit,1.1290816859979116,1020.0,1.286765416430433,15.0
0.055555555555555566,nan,9.0,14.102733246250656,3.6326431487233357,14.102733246250656,,,4.0,35.31908294316635,linex,1.3664741939579925,Mean,3.8129529852102837,1020.0,35.31908294316635,15.0
nan,nan,9.0,14.102733246250656,3.6326431487233357,14.102733246250656,,,4.0,33.88476183084497,linex,1.3363303174873893,Median,3.811314662054307,1020.0,33.88476183084497,15.0
0.27899778369250827,nan,9.0,14.102733246250656,3.6326431487233357,14.102733246250656,,,4.0,35.231068953212436,linex,1.1985820019273983,OGDVanilla,3.1973863552969304,1020.0,35.231068953212436,15.0
0.9848009782469105,nan,9.0,14.102733246250656,3.6326431487233357,14.102733246250656,,,4.0,41.52020426495644,linex,1.3877417889076675,MWUMVanilla,3.9350391147552024,1020.0,41.52020426495644,15.0
0.12908984329993287,3.385831477382903,9.0,14.102733246250656,3.6326431487233357,14.102733246250656,,,4.0,35.53616834626642,linex,1.2086811251591891,OGDBoth,3.151983018800352,1020.0,35.53616834626642,15.0
0.07446045236873827,5.251693465628799,9.0,14.102733246250656,3.6326431487233357,14.102733246250656,,,4.0,36.884592999013485,linex,1.269654926613732,OGDConcOnly,3.3102665042992854,1020.0,36.884592999013485,15.0
0.10963648650831773,2.304076286579601,9.0,14.102733246250656,3.6326431487233357,14.102733246250656,,,4.0,35.918990304191,linex,1.226572539429881,MWUMBothKL,3.155003478753116,1020.0,35.918990304191,15.0
0.10878045566561645,1.0646397868595208,9.0,14.102733246250656,3.6326431487233357,14.102733246250656,,,4.0,35.86251358125504,linex,1.2083787442101726,MWUMConcOnlyKL,3.0692688776437054,1020.0,35.86251358125504,15.0
0.24848605240031063,nan,9.0,14.102733246250656,3.6326431487233357,14.102733246250656,0.5950980392156863,1.0,4.0,34.42261980822962,linex,1.3370476949279797,RLRuleBandit,3.8582658178563323,1020.0,34.42261980822962,15.0
0.20691443562177103,1.9828988345994425,9.0,14.102733246250656,3.6326431487233357,14.102733246250656,0.8549019607843137,2.805343137254902,4.0,35.91622286198918,linex,1.148820705950557,RLKappaBandit,2.871132565230581,1020.0,35.91622286198918,15.0
0.055555555555555566,nan,9.0,14.606824013046896,4.4542368913434105,14.606824013046896,,,8.0,23.23580836746852,linex,1.628555388173339,Mean,5.295808492609096,1020.0,23.23580836746852,15.0
nan,nan,9.0,14.606824013046896,4.4542368913434105,14.606824013046896,,,8.0,22.060056144251696,linex,1.5421795780140986,Median,5.025727967336503,1020.0,22.060056144251696,15.0
0.3046731215252903,nan,9.0,14.606824013046896,4.4542368913434105,14.606824013046896,,,8.0,9.586756603743318,linex,1.6194197834407729,OGDVanilla,5.7824149805365455,1020.0,9.586756603743318,15.0
0.9701242817507442,nan,9.0,14.606824013046896,4.4542368913434105,14.606824013046896,,,8.0,16.1761487794528,linex,1.5658960654945997,MWUMVanilla,5.060775136943823,1020.0,16.1761487794528,15.0
0.23498023499136608,0.9998821369601676,9.0,14.606824013046896,4.4542368913434105,14.606824013046896,,,8.0,9.511886352107366,linex,1.584603913931601,OGDBoth,5.54012889623897,1020.0,9.511886352107366,15.0
0.09261816370913854,3.260289524353528,9.0,14.606824013046896,4.4542368913434105,14.606824013046896,,,8.0,9.190243309423018,linex,1.4234712078366953,OGDConcOnly,4.175496325990445,1020.0,9.190243309423018,15.0
0.129292570461534,2.3550860319513376,9.0,14.606824013046896,4.4542368913434105,14.606824013046896,,,8.0,8.68923458724069,linex,1.4105785500425867,MWUMBothKL,4.145367090235151,1020.0,8.68923458724069,15.0
0.1432441116406086,0.6417168500550359,9.0,14.606824013046896,4.4542368913434105,14.606824013046896,,,8.0,8.549714776734458,linex,1.332551581473344,MWUMConcOnlyKL,3.8048804712048883,1020.0,8.549714776734458,15.0
0.15158581214674402,nan,9.0,14.606824013046896,4.4542368913434105,14.606824013046896,0.6901960784313725,6.0,8.0,17.729662977143015,linex,1.5107450795967337,RLRuleBandit,4.657035605861613,1020.0,17.729662977143015,15.0
0.19465982650241773,1.5714544027168813,9.0,14.606824013046896,4.4542368913434105,14.606824013046896,0.9333333333333333,2.60821568627451,8.0,8.515643348751349,linex,1.3194838720026199,RLKappaBandit,3.7233905059488515,1020.0,8.515643348751349,15.0
0.055555555555555566,nan,3.0,0.751457680986404,0.9243788279034988,0.751457680986404,,,1.0,0.8225027185682807,linex,0.648360238329315,Mean,0.899520097050685,1020.0,0.8225027185682807,16.0
nan,nan,3.0,0.751457680986404,0.9243788279034988,0.751457680986404,,,1.0,0.8480319746739643,linex,0.6354291800647627,Median,0.8910699181607233,1020.0,0.8480319746739643,16.0
0.1455113928838251,nan,3.0,0.751457680986404,0.9243788279034988,0.751457680986404,,,1.0,0.8817372917292008,linex,0.6857322063016067,OGDVanilla,0.994701004044462,1020.0,0.8817372917292008,16.0
0.05821938489510253,nan,3.0,0.751457680986404,0.9243788279034988,0.751457680986404,,,1.0,0.8389598701325999,linex,0.6383661354074309,MWUMVanilla,0.8829285925322765,1020.0,0.8389598701325999,16.0
0.14514697249184963,0.0016532103384686893,3.0,0.751457680986404,0.9243788279034988,0.751457680986404,,,1.0,0.8821251000521834,linex,0.6856851697027949,OGDBoth,0.9946623050921309,1020.0,0.8821251000521834,16.0
0.0596256504705064,5.250444612656246,3.0,0.751457680986404,0.9243788279034988,0.751457680986404,,,1.0,0.877010738919648,linex,0.6499444096008322,OGDConcOnly,0.920147369964117,1020.0,0.877010738919648,16.0
0.056079914538702216,4.985928741181448,3.0,0.751457680986404,0.9243788279034988,0.751457680986404,,,1.0,0.8321680653987557,linex,0.6430769739380234,MWUMBothKL,0.8906946388420142,1020.0,0.8321680653987557,16.0
0.05700872658946566,5.170525469282985,3.0,0.751457680986404,0.9243788279034988,0.751457680986404,,,1.0,0.8427710612140948,linex,0.647956991440291,MWUMConcOnlyKL,0.9120800822020112,1020.0,0.8427710612140948,16.0
0.07365066856369884,nan,3.0,0.751457680986404,0.9243788279034988,0.751457680986404,0.257843137254902,1.0,1.0,0.8344937192930785,linex,0.6489001391766406,RLRuleBandit,0.9087685892486911,1020.0,0.8344937192930785,16.0
0.1696892542932457,1.385855771003725,3.0,0.751457680986404,0.9243788279034988,0.751457680986404,0.7647058823529411,2.097529411764706,1.0,1.03725610611532,linex,0.656728185301881,RLKappaBandit,0.9685359805609371,1020.0,1.03725610611532,16.0
0.055555555555555566,nan,1.0,5.051863332215733,2.874767457869592,5.051863332215733,,,4.0,8.029823572896346,linex,1.2116856253890482,Mean,2.9974080856584147,1020.0,8.029823572896346,16.0
nan,nan,1.0,5.051863332215733,2.874767457869592,5.051863332215733,,,4.0,8.364396955760848,linex,1.1801455667940133,Median,2.9325518528681966,1020.0,8.364396955760848,16.0
0.2627557385107094,nan,1.0,5.051863332215733,2.874767457869592,5.051863332215733,,,4.0,3.791478289866551,linex,1.134737336850034,OGDVanilla,2.6236268564719016,1020.0,3.791478289866551,16.0
0.9584440864095046,nan,1.0,5.051863332215733,2.874767457869592,5.051863332215733,,,4.0,6.331321106190925,linex,1.3473812701629841,MWUMVanilla,3.4081778806818055,1020.0,6.331321106190925,16.0
0.11475886093190876,3.340921442945589,1.0,5.051863332215733,2.874767457869592,5.051863332215733,,,4.0,3.5426233161250367,linex,1.1141119829567823,OGDBoth,2.5307707305916165,1020.0,3.5426233161250367,16.0
0.06997392214007045,5.1820344289283335,1.0,5.051863332215733,2.874767457869592,5.051863332215733,,,4.0,4.073156756605507,linex,1.1447894840808408,OGDConcOnly,2.6478253308538724,1020.0,4.073156756605507,16.0
0.09825814405827199,2.273514774076932,1.0,5.051863332215733,2.874767457869592,5.051863332215733,,,4.0,4.271873854119103,linex,1.124255311278551,MWUMBothKL,2.5750759503016427,1020.0,4.271873854119103,16.0
0.09643505114499616,1.050518298822672,1.0,5.051863332215733,2.874767457869592,5.051863332215733,,,4.0,3.8421234900907923,linex,1.1125980551368913,MWUMConcOnlyKL,2.526445189138618,1020.0,3.8421234900907923,16.0
0.2791390427779883,nan,1.0,5.051863332215733,2.874767457869592,5.051863332215733,0.2950980392156863,0.0,4.0,5.9812415431524215,linex,1.218429775189717,RLRuleBandit,2.9835061950764907,1020.0,5.9812415431524215,16.0
0.2276257134599086,0.932176426343238,1.0,5.051863332215733,2.874767457869592,5.051863332215733,0.6892156862745098,1.3509117647058824,4.0,3.419753457998637,linex,1.0661182987861844,RLKappaBandit,2.353654316532523,1020.0,3.419753457998637,16.0
0.055555555555555566,nan,1.0,5.360203739312677,3.364685652988715,5.360203739312677,,,8.0,11.372958357873337,linex,1.4524675569377925,Mean,4.1783333065893045,1020.0,11.372958357873337,16.0
nan,nan,1.0,5.360203739312677,3.364685652988715,5.360203739312677,,,8.0,7.404713724424842,linex,1.3586862525081642,Median,3.7940704482555994,1020.0,7.404713724424842,16.0
0.21308171712712376,nan,1.0,5.360203739312677,3.364685652988715,5.360203739312677,,,8.0,6.989237129954832,linex,1.3413489435918933,OGDVanilla,3.6912876740214,1020.0,6.989237129954832,16.0
0.8577667298318894,nan,1.0,5.360203739312677,3.364685652988715,5.360203739312677,,,8.0,6.070121635438896,linex,1.3666911341069947,MWUMVanilla,3.707059948064166,1020.0,6.070121635438896,16.0
0.16686830657578475,0.9866196016400852,1.0,5.360203739312677,3.364685652988715,5.360203739312677,,,8.0,6.832391245216267,linex,1.330786902419211,OGDBoth,3.6398882143533373,1020.0,6.832391245216267,16.0
0.08093168178308417,3.2170446924334506,1.0,5.360203739312677,3.364685652988715,5.360203739312677,,,8.0,6.6265030915025935,linex,1.288066036492772,OGDConcOnly,3.352614285165703,1020.0,6.6265030915025935,16.0
0.10895621209036031,2.3238479204763967,1.0,5.360203739312677,3.364685652988715,5.360203739312677,,,8.0,6.926703333669181,linex,1.2743848597563026,MWUMBothKL,3.3045103322394462,1020.0,6.926703333669181,16.0
0.12751290742900184,0.6332050591908877,1.0,5.360203739312677,3.364685652988715,5.360203739312677,,,8.0,6.169232421246457,linex,1.2133009824861494,MWUMConcOnlyKL,3.074472739685562,1020.0,6.169232421246457,16.0
0.22534067906447666,nan,1.0,5.360203739312677,3.364685652988715,5.360203739312677,0.30392156862745096,4.0,8.0,6.50418757986449,linex,1.4100218669585536,RLRuleBandit,4.0310763839092525,1020.0,6.50418757986449,16.0
0.41777927558841604,0.7388955777591811,1.0,5.360203739312677,3.364685652988715,5.360203739312677,0.3215686274509804,1.195166666666667,8.0,6.377168965169113,linex,1.1185998472734622,RLKappaBandit,2.808709113565591,1020.0,6.377168965169113,16.0
0.055555555555555566,nan,13.0,0.9160583782293681,1.2875026525454079,0.9160583782293681,,,1.0,1.1006748112208278,linex,0.7703143196967833,Mean,1.2240547575224718,1020.0,1.1006748112208278,17.0
nan,nan,13.0,0.9160583782293681,1.2875026525454079,0.9160583782293681,,,1.0,1.065886075328285,linex,0.7471647974248967,Median,1.1981604029545345,1020.0,1.065886075328285,17.0
0.17317863912843923,nan,13.0,0.9160583782293681,1.2875026525454079,0.9160583782293681,,,1.0,0.9796150322783919,linex,0.7731536973753439,OGDVanilla,1.2310302131496615,1020.0,0.9796150322783919,17.0
0.06183533506858344,nan,13.0,0.9160583782293681,1.2875026525454079,0.9160583782293681,,,1.0,1.0586166230952603,linex,0.7474382098008723,MWUMVanilla,1.1987058969899809,1020.0,1.0586166230952603,17.0
0.17260689765624562,0.0016591920210563408,13.0,0.9160583782293681,1.2875026525454079,0.9160583782293681,,,1.0,0.979636136908497,linex,0.7730846747545961,OGDBoth,1.2309510698751833,1020.0,0.979636136908497,17.0
0.05952325870572505,5.269453383152366,13.0,0.9160583782293681,1.2875026525454079,0.9160583782293681,,,1.0,1.0976107195582112,linex,0.7639478896985671,OGDConcOnly,1.241609413899259,1020.0,1.0976107195582112,17.0
0.05807506604225482,5.003979855169972,13.0,0.9160583782293681,1.2875026525454079,0.9160583782293681,,,1.0,1.0753640503269541,linex,0.7532036868628175,MWUMBothKL,1.2039257606504385,1020.0,1.0753640503269541,17.0
0.05771237080901865,5.189244899531558,13.0,0.9160583782293681,1.2875026525454079,0.9160583782293681,,,1.0,1.0617145489320938,linex,0.7616808248590743,MWUMConcOnlyKL,1.2288691736115323,1020.0,1.0617145489320938,17.0
0.10454632985338567,nan,13.0,0.9160583782293681,1.2875026525454079,0.9160583782293681,0.5696078431372549,1.0,1.0,1.055474358920272,linex,0.7642233957662831,RLRuleBandit,1.214081867727219,1020.0,1.055474358920272,17.0
0.1840084750931714,0.5462636174113946,13.0,0.9160583782293681,1.2875026525454079,0.9160583782293681,0.8568627450980392,0.8295882352941177,1.0,1.2627680829142156,linex,0.7796231268350734,RLKappaBandit,1.351297225136145,1020.0,1.2627680829142156,17.0
0.055555555555555566,nan,0.0,12.657766389721194,4.634244203357986,12.657766389721194,,,4.0,12.369623568335996,linex,1.5596071748767333,Mean,4.522180959310101,1020.0,12.369623568335996,17.0
nan,nan,0.0,12.657766389721194,4.634244203357986,12.657766389721194,,,4.0,13.623171314024109,linex,1.537342684665249,Median,4.572744331422651,1020.0,13.623171314024109,17.0
0.3089010468029807,nan,0.0,12.657766389721194,4.634244203357986,12.657766389721194,,,4.0,6.482110865759981,linex,1.3892298296541827,OGDVanilla,3.8865723504939846,1020.0,6.482110865759981,17.0
0.9929167181692594,nan,0.0,12.657766389721194,4.634244203357986,12.657766389721194,,,4.0,10.980434528494882,linex,1.6494339187611755,MWUMVanilla,5.131203941201028,1020.0,10.980434528494882,17.0
0.14483492293047656,3.353016952321725,0.0,12.657766389721194,4.634244203357986,12.657766389721194,,,4.0,6.593403242011623,linex,1.366860020804732,OGDBoth,3.73070415028623,1020.0,6.593403242011623,17.0
0.07853608208886946,5.200795526355661,0.0,12.657766389721194,4.634244203357986,12.657766389721194,,,4.0,7.247876948005757,linex,1.4310035401661574,OGDConcOnly,3.8798288292725633,1020.0,7.247876948005757,17.0
0.11892309847304681,2.281745831248373,0.0,12.657766389721194,4.634244203357986,12.657766389721194,,,4.0,6.61515323399746,linex,1.3827830855836354,MWUMBothKL,3.738588820685637,1020.0,6.61515323399746,17.0
0.11693849827164064,1.0543216045447619,0.0,12.657766389721194,4.634244203357986,12.657766389721194,,,4.0,6.466269907833765,linex,1.3643482860941327,MWUMConcOnlyKL,3.63520737366962,1020.0,6.466269907833765,17.0
0.30838009913501824,nan,0.0,12.657766389721194,4.634244203357986,12.657766389721194,0.39509803921568626,5.0,4.0,9.420189375899206,linex,1.509219600102021,RLRuleBandit,4.336428350044512,1020.0,9.420189375899206,17.0
0.22390897906596488,1.0096489003189795,0.0,12.657766389721194,4.634244203357986,12.657766389721194,0.9450980392156862,1.6610098039215686,4.0,6.2989792375936835,linex,1.2745825714005221,RLKappaBandit,3.2432060308416513,1020.0,6.2989792375936835,17.0
0.055555555555555566,nan,13.0,28.65876984976388,7.175433037819691,28.65876984976388,,,8.0,29.87413930826992,linex,1.980088722885079,Mean,7.1438742119101315,1020.0,29.87413930826992,17.0
nan,nan,13.0,28.65876984976388,7.175433037819691,28.65876984976388,,,8.0,32.67224059505264,linex,1.9233792631345912,Median,7.025543440689705,1020.0,32.67224059505264,17.0
0.2932836478138245,nan,13.0,28.65876984976388,7.175433037819691,28.65876984976388,,,8.0,14.368059262640829,linex,1.8490931333009604,OGDVanilla,6.7654934305445105,1020.0,14.368059262640829,17.0
0.9669299908437408,nan,13.0,28.65876984976388,7.175433037819691,28.65876984976388,,,8.0,33.56655578639712,linex,2.0167547457102635,MWUMVanilla,7.5573261302189865,1020.0,33.56655578639712,17.0
0.24527254439975704,0.9901915677346401,13.0,28.65876984976388,7.175433037819691,28.65876984976388,,,8.0,14.313159116354623,linex,1.8142172871658349,OGDBoth,6.545072114702889,1020.0,14.313159116354623,17.0
0.10955168235613665,3.2286917169016416,13.0,28.65876984976388,7.175433037819691,28.65876984976388,,,8.0,20.96735441679997,linex,1.7238453356869727,OGDConcOnly,5.731034058633388,1020.0,20.96735441679997,17.0
0.15068654381977153,2.332261204388822,13.0,28.65876984976388,7.175433037819691,28.65876984976388,,,8.0,16.682712946470126,linex,1.6442226330704635,MWUMBothKL,5.28550649462603,1020.0,16.682712946470126,17.0
0.16710103479823407,0.635497518938357,13.0,28.65876984976388,7.175433037819691,28.65876984976388,,,8.0,19.8906201446743,linex,1.568717886356847,MWUMConcOnlyKL,4.8809946719465085,1020.0,19.8906201446743,17.0
0.22209670564282216,nan,13.0,28.65876984976388,7.175433037819691,28.65876984976388,0.3107843137254902,5.0,8.0,31.532687690029622,linex,1.9176172825676785,RLRuleBandit,7.1631481543455475,1020.0,31.532687690029622,17.0
0.3428557494984998,1.650021558786766,13.0,28.65876984976388,7.175433037819691,28.65876984976388,0.6549019607843137,2.7984215686274507,8.0,20.493413512369152,linex,1.5296174628037076,RLKappaBandit,4.616391162577316,1020.0,20.493413512369152,17.0
0.055555555555555566,nan,9.0,0.6749725477565096,1.0445576019542275,0.6749725477565096,,,1.0,0.8728455346326396,linex,0.6650711167791632,Mean,0.9294704903518604,1020.0,0.8728455346326396,18.0
nan,nan,9.0,0.6749725477565096,1.0445576019542275,0.6749725477565096,,,1.0,0.927890843603158,linex,0.6536574508161781,Median,0.9195319648075764,1020.0,0.927890843603158,18.0
0.11144006478668324,nan,9.0,0.6749725477565096,1.0445576019542275,0.6749725477565096,,,1.0,0.8119473854096456,linex,0.6921920693592468,OGDVanilla,0.9957901951516083,1020.0,0.8119473854096456,18.0
0.05720943909118052,nan,9.0,0.6749725477565096,1.0445576019542275,0.6749725477565096,,,1.0,0.9379114200397086,linex,0.6579427895469172,MWUMVanilla,0.9213494974987205,1020.0,0.9379114200397086,18.0
0.11113171312694411,0.0017448729756175277,9.0,0.6749725477565096,1.0445576019542275,0.6749725477565096,,,1.0,0.8124759442240579,linex,0.6921066619269249,OGDBoth,0.995678714219277,1020.0,0.8124759442240579,18.0
0.05891298905817014,5.541732892684439,9.0,0.6749725477565096,1.0445576019542275,0.6749725477565096,,,1.0,0.974417757977392,linex,0.6661643569570298,OGDConcOnly,0.9491461176601336,1020.0,0.974417757977392,18.0
0.05596128209502189,5.262541999644548,9.0,0.6749725477565096,1.0445576019542275,0.6749725477565096,,,1.0,0.9029852514369261,linex,0.6610969742264254,MWUMBothKL,0.9246621577769838,1020.0,0.9029852514369261,18.0
0.057126896369647386,5.457379931612728,9.0,0.6749725477565096,1.0445576019542275,0.6749725477565096,,,1.0,0.9105594525585591,linex,0.6644971488216926,MWUMConcOnlyKL,0.9403766418288062,1020.0,0.9105594525585591,18.0
0.06290165085002002,nan,9.0,0.6749725477565096,1.0445576019542275,0.6749725477565096,0.4294117647058823,3.0,1.0,0.9115612004403619,linex,0.6678796273142822,RLRuleBandit,0.9506063667247054,1020.0,0.9115612004403619,18.0
0.2608903525195725,0.4016228903474003,9.0,0.6749725477565096,1.0445576019542275,0.6749725477565096,0.3107843137254902,0.6680392156862746,1.0,1.371120923044676,linex,0.6870729701070941,RLKappaBandit,1.0289426330826135,1020.0,1.371120923044676,18.0
0.055555555555555566,nan,9.0,3.1168732192413056,2.9640706679623308,3.1168732192413056,,,4.0,5.355434032462344,linex,1.2470804339791683,Mean,2.968921685905757,1020.0,5.355434032462344,18.0
nan,nan,9.0,3.1168732192413056,2.9640706679623308,3.1168732192413056,,,4.0,5.31858393472767,linex,1.2115059025415584,Median,2.9267920244181207,1020.0,5.31858393472767,18.0
0.2729260370933853,nan,9.0,3.1168732192413056,2.9640706679623308,3.1168732192413056,,,4.0,2.3199893533132037,linex,1.089974172766439,OGDVanilla,2.384995462248787,1020.0,2.3199893533132037,18.0
0.9566003353823097,nan,9.0,3.1168732192413056,2.9640706679623308,3.1168732192413056,,,4.0,3.1926594899800502,linex,1.2642161205687734,MWUMVanilla,3.1314626670618506,1020.0,3.1926594899800502,18.0
0.11093380829314567,3.5262716802456944,9.0,3.1168732192413056,2.9640706679623308,3.1168732192413056,,,4.0,2.88753786758888,linex,1.096713923590485,OGDBoth,2.3959459201017976,1020.0,2.88753786758888,18.0
0.0672639014366245,5.469527394460343,9.0,3.1168732192413056,2.9640706679623308,3.1168732192413056,,,4.0,3.1301140575089357,linex,1.1586564542314712,OGDConcOnly,2.564724340507684,1020.0,3.1301140575089357,18.0
0.09138040651204438,2.399646576592614,9.0,3.1168732192413056,2.9640706679623308,3.1168732192413056,,,4.0,2.78060439384667,linex,1.116541957023909,MWUMBothKL,2.424047544719714,1020.0,2.78060439384667,18.0
0.09296692754831741,1.1087997317241312,9.0,3.1168732192413056,2.9640706679623308,3.1168732192413056,,,4.0,2.839690343672563,linex,1.1066871611582203,MWUMConcOnlyKL,2.3907808619070887,1020.0,2.839690343672563,18.0
0.1664194170428202,nan,9.0,3.1168732192413056,2.9640706679623308,3.1168732192413056,0.4372549019607843,1.0,4.0,4.66203485374294,linex,1.1974933263286445,RLRuleBandit,2.8408850422200542,1020.0,4.66203485374294,18.0
0.30845830661276646,2.1987111480197203,9.0,3.1168732192413056,2.9640706679623308,3.1168732192413056,0.42254901960784313,2.927794117647059,4.0,2.622351386609751,linex,1.0670662240359452,RLKappaBandit,2.241160039358755,1020.0,2.622351386609751,18.0
0.055555555555555566,nan,9.0,5.961447362601359,3.573289785204791,5.961447362601359,,,8.0,12.86877514662462,linex,1.4833420289779973,Mean,4.14137065490184,1020.0,12.86877514662462,18.0
nan,nan,9.0,5.961447362601359,3.573289785204791,5.961447362601359,,,8.0,12.454558211231632,linex,1.382396639295305,Median,3.8700453580850733,1020.0,12.454558211231632,18.0
0.26092761733441044,nan,9.0,5.961447362601359,3.573289785204791,5.961447362601359,,,8.0,4.997267794344028,linex,1.3410172614599867,OGDVanilla,3.8580676661978406,1020.0,4.997267794344028,18.0
0.9854470566550925,nan,9.0,5.961447362601359,3.573289785204791,5.961447362601359,,,8.0,6.1604826219828555,linex,1.3476675801049913,MWUMVanilla,3.676760476096855,1020.0,6.1604826219828555,18.0
0.18734994946879974,1.0413560118784135,9.0,5.961447362601359,3.573289785204791,5.961447362601359,,,8.0,4.724706475068528,linex,1.3238762030298443,OGDBoth,3.7265135178450755,1020.0,4.724706475068528,18.0
0.08046367726229146,3.395522397000287,9.0,5.961447362601359,3.573289785204791,5.961447362601359,,,8.0,4.425078722657396,linex,1.2897331010360236,OGDConcOnly,3.1939057030475,1020.0,4.425078722657396,18.0
0.10841381181481935,2.4527721452566977,9.0,5.961447362601359,3.573289785204791,5.961447362601359,,,8.0,4.327046573923052,linex,1.2711383947412545,MWUMBothKL,3.1515198563884628,1020.0,4.327046573923052,18.0
0.12629403948448378,0.6683344568029255,9.0,5.961447362601359,3.573289785204791,5.961447362601359,,,8.0,4.3230695571717375,linex,1.2111219805301874,MWUMConcOnlyKL,2.907617994193539,1020.0,4.3230695571717375,18.0
0.09851306846999172,nan,9.0,5.961447362601359,3.573289785204791,5.961447362601359,0.8343137254901961,6.0,8.0,7.99422972844935,linex,1.3149518560143059,RLRuleBandit,3.3843622563251836,1020.0,7.99422972844935,18.0
0.3357045737228664,0.7498511106372953,9.0,5.961447362601359,3.573289785204791,5.961447362601359,0.30686274509803924,1.0814411764705882,8.0,5.914608163936432,linex,1.1374350648686784,RLKappaBandit,2.732987324386867,1020.0,5.914608163936432,18.0
0.055555555555555566,nan,17.0,4.182887323782628,2.324167642714184,4.182887323782628,,,1.0,6.126175629624484,linex,0.6831847002001069,Mean,1.0769743128804072,1020.0,6.126175629624484,19.0
nan,nan,17.0,4.182887323782628,2.324167642714184,4.182887323782628,,,1.0,8.329380909573713,linex,0.6686218845478611,Median,1.0696020028809854,1020.0,8.329380909573713,19.0
0.16258336601875842,nan,17.0,4.182887323782628,2.324167642714184,4.182887323782628,,,1.0,3.9476496593987505,linex,0.6900352969081829,OGDVanilla,1.1241998010473262,1020.0,3.9476496593987505,19.0
0.11277971817079033,nan,17.0,4.182887323782628,2.324167642714184,4.182887323782628,,,1.0,9.547583366779088,linex,0.7405855211748088,MWUMVanilla,1.2951486873029567,1020.0,9.547583366779088,19.0
0.16210878125632752,0.0016910438680882939,17.0,4.182887323782628,2.324167642714184,4.182887323782628,,,1.0,3.956802888739164,linex,0.6900113221686204,OGDBoth,1.1241916235984888,1020.0,3.956802888739164,19.0
0.05922898477054558,5.370673138837483,17.0,4.182887323782628,2.324167642714184,4.182887323782628,,,1.0,2.090631158667027,linex,0.6798586580007423,OGDConcOnly,1.089969716174675,1020.0,2.090631158667027,19.0
0.08709760029639822,5.1001001880518455,17.0,4.182887323782628,2.324167642714184,4.182887323782628,,,1.0,8.229621692011866,linex,0.7354188899469527,MWUMBothKL,1.2847981316421726,1020.0,8.229621692011866,19.0
0.05786690331824928,5.288923948037704,17.0,4.182887323782628,2.324167642714184,4.182887323782628,,,1.0,5.722422698759778,linex,0.6789385999523889,MWUMConcOnlyKL,1.1115711817682024,1020.0,5.722422698759778,19.0
0.05982836093874056,nan,17.0,4.182887323782628,2.324167642714184,4.182887323782628,0.34705882352941175,2.0,1.0,6.196956638843307,linex,0.6818327946002827,RLRuleBandit,1.0902600415028234,1020.0,6.196956638843307,19.0
0.2606775213514401,0.4594365341613106,17.0,4.182887323782628,2.324167642714184,4.182887323782628,0.38235294117647056,0.6360392156862745,1.0,5.978955852048084,linex,0.7067898150561215,RLKappaBandit,1.206120228919797,1020.0,5.978955852048084,19.0
0.055555555555555566,nan,15.0,9.551067308004566,5.077662928791381,9.551067308004566,,,4.0,859.3490479334171,linex,1.3014612073729737,Mean,3.5525243214794338,1020.0,859.3490479334171,19.0
nan,nan,15.0,9.551067308004566,5.077662928791381,9.551067308004566,,,4.0,1089.6908806066667,linex,1.2655742419185767,Median,3.47961892676865,1020.0,1089.6908806066667,19.0
0.3068891056342067,nan,15.0,9.551067308004566,5.077662928791381,9.551067308004566,,,4.0,5.060979624249055,linex,1.1727078930935855,OGDVanilla,2.8213589740921052,1020.0,5.060979624249055,19.0
0.9807769935332208,nan,15.0,9.551067308004566,5.077662928791381,9.551067308004566,,,4.0,38.34594864927946,linex,1.3162795432365466,MWUMVanilla,3.4796767027314557,1020.0,38.34594864927946,19.0
0.12836344291885884,3.4174243007185736,15.0,9.551067308004566,5.077662928791381,9.551067308004566,,,4.0,4.756960597004767,linex,1.1562891697493205,OGDBoth,2.774710968402242,1020.0,4.756960597004767,19.0
0.07355699790447197,5.300696448320398,15.0,9.551067308004566,5.077662928791381,9.551067308004566,,,4.0,5.102701854519574,linex,1.2060715568820075,OGDConcOnly,2.9250681899274724,1020.0,5.102701854519574,19.0
0.1009851384192645,2.325575367519193,15.0,9.551067308004566,5.077662928791381,9.551067308004566,,,4.0,5.402835513664797,linex,1.1717153454793399,MWUMBothKL,2.8286211271600394,1020.0,5.402835513664797,19.0
0.10012626762497552,1.0745738179146,15.0,9.551067308004566,5.077662928791381,9.551067308004566,,,4.0,5.07680801550226,linex,1.1565523152087425,MWUMConcOnlyKL,2.7538937321568215,1020.0,5.07680801550226,19.0
0.1617463872616134,nan,15.0,9.551067308004566,5.077662928791381,9.551067308004566,0.5637254901960784,3.0,4.0,834.4174319383814,linex,1.225927397253165,RLRuleBandit,3.3258073113715634,1020.0,834.4174319383814,19.0
0.4657288700909024,0.18359581492381974,15.0,9.551067308004566,5.077662928791381,9.551067308004566,0.3176470588235294,0.217921568627451,4.0,4.926145877086579,linex,1.0666700383103338,RLKappaBandit,2.430347315968779,1020.0,4.926145877086579,19.0
0.055555555555555566,nan,15.0,13.639949721278258,6.40633630879232,13.639949721278258,,,8.0,9811.35577852533,linex,1.5826719072440911,Mean,5.169180332312033,1020.0,9811.35577852533,19.0
nan,nan,15.0,13.639949721278258,6.40633630879232,13.639949721278258,,,8.0,2665.170187741135,linex,1.519870778985395,Median,4.927419300991116,1020.0,2665.170187741135,19.0
0.27753885933353123,nan,15.0,13.639949721278258,6.40633630879232,13.639949721278258,,,8.0,7.598000768545358,linex,1.4640081623040668,OGDVanilla,4.317402857224285,1020.0,7.598000768545358,19.0
0.9885791695050822,nan,15.0,13.639949721278258,6.40633630879232,13.639949721278258,,,8.0,13.70746609675161,linex,1.5586894164676763,MWUMVanilla,4.897179401703852,1020.0,13.70746609675161,19.0
0.2135340314438574,1.0092119212856572,15.0,13.639949721278258,6.40633630879232,13.639949721278258,,,8.0,7.555744738743038,linex,1.441181801552131,OGDBoth,4.185530564092804,1020.0,7.555744738743038,19.0
0.09384944562470006,3.2907109291052596,15.0,13.639949721278258,6.40633630879232,13.639949721278258,,,8.0,14.066294020833897,linex,1.4030856478468208,OGDConcOnly,3.9756549737229787,1020.0,14.066294020833897,19.0
0.1241090308266005,2.3770610793885707,15.0,13.639949721278258,6.40633630879232,13.639949721278258,,,8.0,7.121194171222289,linex,1.3573169486376855,MWUMBothKL,3.7708760518430493,1020.0,7.121194171222289,19.0
0.14066508256824464,0.6477046322602923,15.0,13.639949721278258,6.40633630879232,13.639949721278258,,,8.0,16.805833497257815,linex,1.2913849739440832,MWUMConcOnlyKL,3.5487997388154833,1020.0,16.805833497257815,19.0
0.160432928254236,nan,15.0,13.639949721278258,6.40633630879232,13.639949721278258,0.6166666666666667,3.0,8.0,2.357612115415976e+16,linex,1.5004801663896512,RLRuleBandit,6.374198622783889,1020.0,2.357612115415976e+16,19.0
0.2915491653218884,0.8757769833337739,15.0,13.639949721278258,6.40633630879232,13.639949721278258,0.8813725490196078,1.2694117647058822,8.0,17.02562542409206,linex,1.2337030927781611,RLKappaBandit,3.405147327651747,1020.0,17.02562542409206,19.0
0.055555555555555566,nan,1.0,0.5552647744989552,0.8389959013273817,0.5552647744989552,,,1.0,0.6161681830092135,linex,0.6059110837947965,Mean,0.7970974086492731,1020.0,0.6161681830092135,20.0
nan,nan,1.0,0.5552647744989552,0.8389959013273817,0.5552647744989552,,,1.0,0.6246823234224083,linex,0.5984173112906224,Median,0.7895097507739581,1020.0,0.6246823234224083,20.0
0.09322274684061688,nan,1.0,0.5552647744989552,0.8389959013273817,0.5552647744989552,,,1.0,0.576796396918204,linex,0.6116213651982058,OGDVanilla,0.8052725513740445,1020.0,0.576796396918204,20.0
0.05786921521070795,nan,1.0,0.5552647744989552,0.8389959013273817,0.5552647744989552,,,1.0,0.6118702983470727,linex,0.6006095031195999,MWUMVanilla,0.7873039556763765,1020.0,0.6118702983470727,20.0
0.09303708611448785,0.0016378832770072033,1.0,0.5552647744989552,0.8389959013273817,0.5552647744989552,,,1.0,0.5768089122283351,linex,0.6115799746076837,OGDBoth,0.8051794906893723,1020.0,0.5768089122283351,20.0
0.057531288482359,5.201737816628183,1.0,0.5552647744989552,0.8389959013273817,0.5552647744989552,,,1.0,0.6109095975144778,linex,0.6057147685961071,OGDConcOnly,0.7978304959904696,1020.0,0.6109095975144778,20.0
0.05640694780283406,4.939675779828814,1.0,0.5552647744989552,0.8389959013273817,0.5552647744989552,,,1.0,0.6131218110588433,linex,0.6020936016895745,MWUMBothKL,0.7907759648300996,1020.0,0.6131218110588433,20.0
0.056479100007678536,5.122560059260031,1.0,0.5552647744989552,0.8389959013273817,0.5552647744989552,,,1.0,0.5993051013333893,linex,0.6033426956468223,MWUMConcOnlyKL,0.7920829013064005,1020.0,0.5993051013333893,20.0
0.05681579234243506,nan,1.0,0.5552647744989552,0.8389959013273817,0.5552647744989552,0.26372549019607844,2.0,1.0,0.6223367551742448,linex,0.6064174825410288,RLRuleBandit,0.7999906081785675,1020.0,0.6223367551742448,20.0
0.15081810053713562,1.7677018659211605,1.0,0.5552647744989552,0.8389959013273817,0.5552647744989552,0.6676470588235294,2.5433235294117646,1.0,0.6850002555291919,linex,0.6207640757960424,RLKappaBandit,0.8705632402721876,1020.0,0.6850002555291919,20.0
0.055555555555555566,nan,1.0,3.9948024389655545,2.7125120852461526,3.9948024389655545,,,4.0,4.501617818122499,linex,1.184802206505361,Mean,2.7678930652218368,1020.0,4.501617818122499,20.0
nan,nan,1.0,3.9948024389655545,2.7125120852461526,3.9948024389655545,,,4.0,4.676514726591695,linex,1.1547646817234645,Median,2.7485593446071186,1020.0,4.676514726591695,20.0
0.27577951193674627,nan,1.0,3.9948024389655545,2.7125120852461526,3.9948024389655545,,,4.0,2.7856504688029085,linex,1.0932296189157147,OGDVanilla,2.441696685986651,1020.0,2.7856504688029085,20.0
0.9821818295007959,nan,1.0,3.9948024389655545,2.7125120852461526,3.9948024389655545,,,4.0,4.297954220671416,linex,1.2167605435294293,MWUMVanilla,3.004072568500421,1020.0,4.297954220671416,20.0
0.11131702818931785,3.3099287226032015,1.0,3.9948024389655545,2.7125120852461526,3.9948024389655545,,,4.0,2.798872536623776,linex,1.0760760163237602,OGDBoth,2.3526870301907845,1020.0,2.798872536623776,20.0
0.06671751881542232,5.133962253726796,1.0,3.9948024389655545,2.7125120852461526,3.9948024389655545,,,4.0,3.1258732982274102,linex,1.1103196655435639,OGDConcOnly,2.4329903189348103,1020.0,3.1258732982274102,20.0
0.09318256835724181,2.2524240663519652,1.0,3.9948024389655545,2.7125120852461526,3.9948024389655545,,,4.0,3.0391331612638735,linex,1.0757604618242906,MWUMBothKL,2.3274892890623233,1020.0,3.0391331612638735,20.0
0.09515112417317131,1.0407729638429066,1.0,3.9948024389655545,2.7125120852461526,3.9948024389655545,,,4.0,2.991429887212684,linex,1.064756248484827,MWUMConcOnlyKL,2.284839130422126,1020.0,2.991429887212684,20.0
0.37517082762228293,nan,1.0,3.9948024389655545,2.7125120852461526,3.9948024389655545,0.27058823529411763,2.0,4.0,5.773873036462287,linex,1.1486170440848773,RLRuleBandit,2.6733298172183084,1020.0,5.773873036462287,20.0
0.24924930875652904,1.6094936371500834,1.0,3.9948024389655545,2.7125120852461526,3.9948024389655545,0.6647058823529411,2.877607843137255,4.0,2.944479253399309,linex,1.0203281776629851,RLKappaBandit,2.1141944164662414,1020.0,2.944479253399309,20.0
0.055555555555555566,nan,1.0,9.508049536189704,3.2756332467958735,9.508049536189704,,,8.0,25.338288153920917,linex,1.394122110917317,Mean,3.81148095266266,1020.0,25.338288153920917,20.0
nan,nan,1.0,9.508049536189704,3.2756332467958735,9.508049536189704,,,8.0,14.466932836443581,linex,1.3158439112641245,Median,3.5326488994411513,1020.0,14.466932836443581,20.0
0.30601598527505675,nan,1.0,9.508049536189704,3.2756332467958735,9.508049536189704,,,8.0,5.933332770126218,linex,1.2392363071616979,OGDVanilla,3.2849277686557987,1020.0,5.933332770126218,20.0
0.9783598651279044,nan,1.0,9.508049536189704,3.2756332467958735,9.508049536189704,,,8.0,10.45427503406184,linex,1.272814725618761,MWUMVanilla,3.368303111499167,1020.0,10.45427503406184,20.0
0.1894699933060953,0.977467035774653,1.0,9.508049536189704,3.2756332467958735,9.508049536189704,,,8.0,5.998501780998522,linex,1.2336738001526564,OGDBoth,3.2567966089330924,1020.0,5.998501780998522,20.0
0.08054121302925585,3.187201139678592,1.0,9.508049536189704,3.2756332467958735,9.508049536189704,,,8.0,6.012857300157574,linex,1.227118898385844,OGDConcOnly,3.0015135389351912,1020.0,6.012857300157574,20.0
0.10313019288915429,2.3022902871969455,1.0,9.508049536189704,3.2756332467958735,9.508049536189704,,,8.0,5.365057722053588,linex,1.2084689355492981,MWUMBothKL,2.975386172225691,1020.0,5.365057722053588,20.0
0.12479474997028157,0.6273310143995472,1.0,9.508049536189704,3.2756332467958735,9.508049536189704,,,8.0,5.421087157975474,linex,1.1519683172081145,MWUMConcOnlyKL,2.730587084078074,1020.0,5.421087157975474,20.0
0.18144574397479363,nan,1.0,9.508049536189704,3.2756332467958735,9.508049536189704,0.6990196078431372,3.0,8.0,13.458977873087226,linex,1.2778380627609631,RLRuleBandit,3.41714976614911,1020.0,13.458977873087226,20.0
0.1781542887206268,2.46077005873339,1.0,9.508049536189704,3.2756332467958735,9.508049536189704,0.8313725490196079,3.9076862745098038,8.0,5.754187633998213,linex,1.1559204100785978,RLKappaBandit,2.7348561318324025,1020.0,5.754187633998213,20.0
0.055555555555555566,nan,11.0,0.5430490210556982,0.8481983822480867,0.5430490210556982,,,1.0,0.6107439929716382,linex,0.6154987752659397,Mean,0.8111088827700673,1020.0,0.6107439929716382,21.0
nan,nan,11.0,0.5430490210556982,0.8481983822480867,0.5430490210556982,,,1.0,0.623996512333397,linex,0.6019438064834575,Median,0.798220183140435,1020.0,0.623996512333397,21.0
0.11764932386221351,nan,11.0,0.5430490210556982,0.8481983822480867,0.5430490210556982,,,1.0,0.59080860348344,linex,0.6278988617372584,OGDVanilla,0.840185699014151,1020.0,0.59080860348344,21.0
0.05675575992452552,nan,11.0,0.5430490210556982,0.8481983822480867,0.5430490210556982,,,1.0,0.611414354325658,linex,0.6086030592806332,MWUMVanilla,0.8005098723746993,1020.0,0.611414354325658,21.0
0.11732401419165271,0.0016749018616119763,11.0,0.5430490210556982,0.8481983822480867,0.5430490210556982,,,1.0,0.5906886206059683,linex,0.6278786391622048,OGDBoth,0.840107534786653,1020.0,0.5906886206059683,21.0
0.05765169591365451,5.319376586076779,11.0,0.5430490210556982,0.8481983822480867,0.5430490210556982,,,1.0,0.6207049370347544,linex,0.6145438342467626,OGDConcOnly,0.81558462632995,1020.0,0.6207049370347544,21.0
0.055802531274580625,5.051387941181876,11.0,0.5430490210556982,0.8481983822480867,0.5430490210556982,,,1.0,0.6103419728426572,linex,0.6110840243200231,MWUMBothKL,0.8049246031838836,1020.0,0.6103419728426572,21.0
0.05666839680959565,5.238408201025444,11.0,0.5430490210556982,0.8481983822480867,0.5430490210556982,,,1.0,0.6118710693240946,linex,0.6138091921467199,MWUMConcOnlyKL,0.8118465621102413,1020.0,0.6118710693240946,21.0
0.05682487245274654,nan,11.0,0.5430490210556982,0.8481983822480867,0.5430490210556982,0.6254901960784314,5.0,1.0,0.6128607833151497,linex,0.6116402289840884,RLRuleBandit,0.8071247569083118,1020.0,0.6128607833151497,21.0
0.13518608708940516,1.7558910451760277,11.0,0.5430490210556982,0.8481983822480867,0.5430490210556982,0.8794117647058823,2.642313725490196,1.0,0.7200198405582056,linex,0.6234208829129472,RLKappaBandit,0.8698637395573608,1020.0,0.7200198405582056,21.0
0.055555555555555566,nan,9.0,2.466568997321324,2.6067083005713108,2.466568997321324,,,4.0,2.771997762086854,linex,1.1466208023912685,Mean,2.5805870710372765,1020.0,2.771997762086854,21.0
nan,nan,9.0,2.466568997321324,2.6067083005713108,2.466568997321324,,,4.0,2.8852886073905504,linex,1.1259756493021627,Median,2.583483554579351,1020.0,2.8852886073905504,21.0
0.2421311837828818,nan,9.0,2.466568997321324,2.6067083005713108,2.466568997321324,,,4.0,1.3937993587866897,linex,1.0209627506464882,OGDVanilla,2.1254548974869065,1020.0,1.3937993587866897,21.0
0.9719534385916353,nan,9.0,2.466568997321324,2.6067083005713108,2.466568997321324,,,4.0,2.8436420828273863,linex,1.1244261388613757,MWUMVanilla,2.6407863137975665,1020.0,2.8436420828273863,21.0
0.10126328476824341,3.384783687007808,9.0,2.466568997321324,2.6067083005713108,2.466568997321324,,,4.0,1.4914011131541776,linex,1.0253683390770056,OGDBoth,2.147708064054832,1020.0,1.4914011131541776,21.0
0.06320404859506566,5.2500682593890895,9.0,2.466568997321324,2.6067083005713108,2.466568997321324,,,4.0,1.7597125818851587,linex,1.0781687581135981,OGDConcOnly,2.2944421848188177,1020.0,1.7597125818851587,21.0
0.08316560438103535,2.303363259768336,9.0,2.466568997321324,2.6067083005713108,2.466568997321324,,,4.0,1.4979866361743654,linex,1.0440587239316654,MWUMBothKL,2.1842871329655105,1020.0,1.4979866361743654,21.0
0.08322038265100551,1.0643103201950568,9.0,2.466568997321324,2.6067083005713108,2.466568997321324,,,4.0,1.476259817604349,linex,1.035385208566383,MWUMConcOnlyKL,2.155100655782768,1020.0,1.476259817604349,21.0
0.08531198442614799,nan,9.0,2.466568997321324,2.6067083005713108,2.466568997321324,0.5647058823529412,5.0,4.0,2.2143624669965214,linex,1.081206363371394,RLRuleBandit,2.361911279632901,1020.0,2.2143624669965214,21.0
0.3057886389234221,0.512768596556229,9.0,2.466568997321324,2.6067083005713108,2.466568997321324,0.5186274509803922,0.7948235294117647,4.0,1.6223293026279795,linex,0.9919449678605607,RLKappaBandit,2.0106729953487994,1020.0,1.6223293026279795,21.0
0.055555555555555566,nan,3.0,4.353230286335923,3.631265470429381,4.353230286335923,,,8.0,4.907807309300703,linex,1.3277524624429125,Mean,3.5952859475979704,1020.0,4.907807309300703,21.0
nan,nan,3.0,4.353230286335923,3.631265470429381,4.353230286335923,,,8.0,5.277871984559937,linex,1.2868543024125385,Median,3.5206214318735616,1020.0,5.277871984559937,21.0
0.22314027179724097,nan,3.0,4.353230286335923,3.631265470429381,4.353230286335923,,,8.0,2.208305577474724,linex,1.227967509296913,OGDVanilla,3.222324380865838,1020.0,2.208305577474724,21.0
0.8196166755761686,nan,3.0,4.353230286335923,3.631265470429381,4.353230286335923,,,8.0,4.4682542902515054,linex,1.2262841620130538,MWUMVanilla,3.458932269957185,1020.0,4.4682542902515054,21.0
0.1686599740718997,0.9995727104136986,3.0,4.353230286335923,3.631265470429381,4.353230286335923,,,8.0,2.2867001013261645,linex,1.2326588281144197,OGDBoth,3.2217240801998073,1020.0,2.2867001013261645,21.0
0.07359376159169251,3.2592805846093,3.0,4.353230286335923,3.631265470429381,4.353230286335923,,,8.0,2.243250360594313,linex,1.1853641829899544,OGDConcOnly,2.956362637431003,1020.0,2.243250360594313,21.0
0.09383706230578472,2.3543572194943962,3.0,4.353230286335923,3.631265470429381,4.353230286335923,,,8.0,2.0642553483567236,linex,1.1633395973371858,MWUMBothKL,2.902024752464605,1020.0,2.0642553483567236,21.0
0.10875445745856822,0.6415182625310221,3.0,4.353230286335923,3.631265470429381,4.353230286335923,,,8.0,1.9086692268721603,linex,1.113844501487246,MWUMConcOnlyKL,2.708278485665285,1020.0,1.9086692268721603,21.0
0.6252082515057997,nan,3.0,4.353230286335923,3.631265470429381,4.353230286335923,0.7382352941176471,2.0,8.0,4.492196063385866,linex,1.2830430251113836,RLRuleBandit,3.7229382637594988,1020.0,4.492196063385866,21.0
0.2647387140776394,0.6993332321471563,3.0,4.353230286335923,3.631265470429381,4.353230286335923,0.7431372549019608,1.0424313725490195,8.0,2.0605212452205697,linex,1.0780224683875104,RLKappaBandit,2.659848517140058,1020.0,2.0605212452205697,21.0
0.055555555555555566,nan,11.0,0.9822393712753863,1.0822766449530485,0.9822393712753863,,,1.0,1.2785236357588727,linex,0.6579391086055356,Mean,0.9942925123092733,1020.0,1.2785236357588727,22.0
nan,nan,11.0,0.9822393712753863,1.0822766449530485,0.9822393712753863,,,1.0,1.5126580825989475,linex,0.637300959483376,Median,0.9812952233047392,1020.0,1.5126580825989475,22.0
0.16589178555559245,nan,11.0,0.9822393712753863,1.0822766449530485,0.9822393712753863,,,1.0,1.5225786166641682,linex,0.7120127802582138,OGDVanilla,1.1033424122778512,1020.0,1.5225786166641682,22.0
0.06565053754546409,nan,11.0,0.9822393712753863,1.0822766449530485,0.9822393712753863,,,1.0,1.3104399867256624,linex,0.6514337323927452,MWUMVanilla,0.9795747231129743,1020.0,1.3104399867256624,22.0
0.1655087228087072,0.0017198970872861785,11.0,0.9822393712753863,1.0822766449530485,0.9822393712753863,,,1.0,1.5226990032935026,linex,0.7120026447779096,OGDBoth,1.103335181912168,1020.0,1.5226990032935026,22.0
0.060938332961154744,5.462363764973202,11.0,0.9822393712753863,1.0822766449530485,0.9822393712753863,,,1.0,1.3700078173020873,linex,0.6580009553184899,OGDConcOnly,1.007897748315318,1020.0,1.3700078173020873,22.0
0.057250809645790185,5.18717146624906,11.0,0.9822393712753863,1.0822766449530485,0.9822393712753863,,,1.0,1.3130982839627923,linex,0.6521717603913646,MWUMBothKL,0.986389877818282,1020.0,1.3130982839627923,22.0
0.05852408659070174,5.379218913761328,11.0,0.9822393712753863,1.0822766449530485,0.9822393712753863,,,1.0,1.3181913384666761,linex,0.6552353027780198,MWUMConcOnlyKL,1.001017867023479,1020.0,1.3181913384666761,22.0
0.097159674834624,nan,11.0,0.9822393712753863,1.0822766449530485,0.9822393712753863,0.41862745098039217,0.0,1.0,1.3693256648175522,linex,0.6699957743169517,RLRuleBandit,1.0138441553271689,1020.0,1.3693256648175522,22.0
0.23930134266825798,1.0386201925925014,11.0,0.9822393712753863,1.0822766449530485,0.9822393712753863,0.38235294117647056,1.4332745098039217,1.0,2.122117675578353,linex,0.6699864076265617,RLKappaBandit,1.1228637686655054,1020.0,2.122117675578353,22.0
0.055555555555555566,nan,9.0,6.114111139303095,3.393452712567961,6.114111139303095,,,4.0,9.185199919287392,linex,1.3208977104649626,Mean,3.393453503309875,1020.0,9.185199919287392,22.0
nan,nan,9.0,6.114111139303095,3.393452712567961,6.114111139303095,,,4.0,8.933457910486657,linex,1.2877407450324583,Median,3.4005521646086234,1020.0,8.933457910486657,22.0
0.2743728661746392,nan,9.0,6.114111139303095,3.393452712567961,6.114111139303095,,,4.0,3.3226276880096965,linex,1.1424879465414388,OGDVanilla,2.729329343115321,1020.0,3.3226276880096965,22.0
0.9817665862196787,nan,9.0,6.114111139303095,3.393452712567961,6.114111139303095,,,4.0,8.10063849061594,linex,1.504758632585021,MWUMVanilla,4.071356984412778,1020.0,8.10063849061594,22.0
0.12586999001726626,3.475768149330697,9.0,6.114111139303095,3.393452712567961,6.114111139303095,,,4.0,3.267818067549599,linex,1.1481063560258615,OGDBoth,2.720081333222377,1020.0,3.267818067549599,22.0
0.07173287563697414,5.391192399673791,9.0,6.114111139303095,3.393452712567961,6.114111139303095,,,4.0,3.8217556619755566,linex,1.2199697764945352,OGDConcOnly,2.916263619972561,1020.0,3.8217556619755566,22.0
0.10038274615499014,2.365278660583955,9.0,6.114111139303095,3.393452712567961,6.114111139303095,,,4.0,3.318079236224841,linex,1.1753655642470966,MWUMBothKL,2.777310445862919,1020.0,3.318079236224841,22.0
0.10073886906742488,1.0929194275433312,9.0,6.114111139303095,3.393452712567961,6.114111139303095,,,4.0,3.2902512421296723,linex,1.157762304471974,MWUMConcOnlyKL,2.7064839319124565,1020.0,3.2902512421296723,22.0
0.11998236936969739,nan,9.0,6.114111139303095,3.393452712567961,6.114111139303095,0.542156862745098,5.0,4.0,6.722044932567483,linex,1.2538012938197969,RLRuleBandit,3.210865988281065,1020.0,6.722044932567483,22.0
0.2612149888688798,1.1418533879370645,9.0,6.114111139303095,3.393452712567961,6.114111139303095,0.7617647058823529,1.600078431372549,4.0,3.311145641599364,linex,1.0713533074310988,RLKappaBandit,2.4009415025724477,1020.0,3.311145641599364,22.0
0.055555555555555566,nan,6.0,9.982203133939494,5.567928268567341,9.982203133939494,,,8.0,12.972992467857779,linex,1.622685026450292,Mean,4.98744522305864,1020.0,12.972992467857779,22.0
nan,nan,6.0,9.982203133939494,5.567928268567341,9.982203133939494,,,8.0,12.774669058864554,linex,1.5412474917710641,Median,4.845433903078757,1020.0,12.774669058864554,22.0
0.19162717763324977,nan,6.0,9.982203133939494,5.567928268567341,9.982203133939494,,,8.0,6.250797031511579,linex,1.5026989621940028,OGDVanilla,4.6635362783286896,1020.0,6.250797031511579,22.0
0.9459371638856682,nan,6.0,9.982203133939494,5.567928268567341,9.982203133939494,,,8.0,11.226912652996157,linex,1.6290570473865493,MWUMVanilla,5.317809744417337,1020.0,11.226912652996157,22.0
0.16279407772339044,1.026441642051244,6.0,9.982203133939494,5.567928268567341,9.982203133939494,,,8.0,6.130670235986198,linex,1.4807446542820681,OGDBoth,4.544940765883421,1020.0,6.130670235986198,22.0
0.08775260043582084,3.3468914677847263,6.0,9.982203133939494,5.567928268567341,9.982203133939494,,,8.0,6.208252232761557,linex,1.4155550485035002,OGDConcOnly,3.907182881206855,1020.0,6.208252232761557,22.0
0.12464240768000465,2.4176433606016148,6.0,9.982203133939494,5.567928268567341,9.982203133939494,,,8.0,6.160734033956976,linex,1.3933953527329264,MWUMBothKL,3.877091391518645,1020.0,6.160734033956976,22.0
0.143720020017088,0.6587625315431149,6.0,9.982203133939494,5.567928268567341,9.982203133939494,,,8.0,8.159696740383337,linex,1.3254944601292573,MWUMConcOnlyKL,3.554729455877145,1020.0,8.159696740383337,22.0
0.18251280892548435,nan,6.0,9.982203133939494,5.567928268567341,9.982203133939494,0.5431372549019607,5.0,8.0,10.18502814338247,linex,1.5622764370534972,RLRuleBandit,4.673311336651796,1020.0,10.18502814338247,22.0
0.19127216968601823,3.0542181833765567,6.0,9.982203133939494,5.567928268567341,9.982203133939494,0.884313725490196,4.748,8.0,6.41658285076893,linex,1.3616017877892177,RLKappaBandit,3.6791739520123623,1020.0,6.41658285076893,22.0
0.055555555555555566,nan,9.0,0.7433528415032287,0.994039605725054,0.7433528415032287,,,1.0,0.8114905506085761,linex,0.6784100893911588,Mean,0.9639371479507425,1020.0,0.8114905506085761,23.0
nan,nan,9.0,0.7433528415032287,0.994039605725054,0.7433528415032287,,,1.0,0.8160696135185628,linex,0.665866387083544,Median,0.953563179517654,1020.0,0.8160696135185628,23.0
0.10997234227296819,nan,9.0,0.7433528415032287,0.994039605725054,0.7433528415032287,,,1.0,0.9274959432079285,linex,0.7132937720017398,OGDVanilla,1.0562728932960899,1020.0,0.9274959432079285,23.0
0.059505540318964316,nan,9.0,0.7433528415032287,0.994039605725054,0.7433528415032287,,,1.0,0.8315284439928804,linex,0.6687838205721208,MWUMVanilla,0.9502807300378514,1020.0,0.8315284439928804,23.0
0.10973239371480514,0.0016716831657537978,9.0,0.7433528415032287,0.994039605725054,0.7433528415032287,,,1.0,0.9273977056402942,linex,0.7132190375554797,OGDBoth,1.0560782142810932,1020.0,0.9273977056402942,23.0
0.06094310671957624,5.3091481177539634,9.0,0.7433528415032287,0.994039605725054,0.7433528415032287,,,1.0,0.8348037691710573,linex,0.6764542112559558,OGDConcOnly,0.969799265630455,1020.0,0.8348037691710573,23.0
0.05676210621987681,5.041674780214374,9.0,0.7433528415032287,0.994039605725054,0.7433528415032287,,,1.0,0.8249705155881886,linex,0.6726443043464263,MWUMBothKL,0.9552961048888042,1020.0,0.8249705155881886,23.0
0.058189349209784955,5.228335424390166,9.0,0.7433528415032287,0.994039605725054,0.7433528415032287,,,1.0,0.8150522392802582,linex,0.6775232609157694,MWUMConcOnlyKL,0.9708443438127919,1020.0,0.8150522392802582,23.0
0.06341137848520739,nan,9.0,0.7433528415032287,0.994039605725054,0.7433528415032287,0.2627450980392157,1.0,1.0,0.805429672641053,linex,0.678224068382398,RLRuleBandit,0.9589013444738226,1020.0,0.805429672641053,23.0
0.251554136622813,1.0135687823479103,9.0,0.7433528415032287,0.994039605725054,0.7433528415032287,0.45,1.5265980392156864,1.0,1.0917859916844843,linex,0.6978643853279148,RLKappaBandit,1.0569375838016284,1020.0,1.0917859916844843,23.0
0.055555555555555566,nan,9.0,5.852093797623854,3.2603490118891267,5.852093797623854,,,4.0,7.160631791395887,linex,1.3230663881071847,Mean,3.272290051749863,1020.0,7.160631791395887,23.0
nan,nan,9.0,5.852093797623854,3.2603490118891267,5.852093797623854,,,4.0,7.135438742519561,linex,1.311506689232252,Median,3.2930421137979553,1020.0,7.135438742519561,23.0
0.27652791578292696,nan,9.0,5.852093797623854,3.2603490118891267,5.852093797623854,,,4.0,2.6188706073160084,linex,1.1562770854107818,OGDVanilla,2.637469744766536,1020.0,2.6188706073160084,23.0
0.9595669818479506,nan,9.0,5.852093797623854,3.2603490118891267,5.852093797623854,,,4.0,6.2146216191075,linex,1.3682614906294348,MWUMVanilla,3.481829949414245,1020.0,6.2146216191075,23.0
0.12050037663005553,3.3782751895472614,9.0,5.852093797623854,3.2603490118891267,5.852093797623854,,,4.0,2.8344113411928182,linex,1.164091032483271,OGDBoth,2.6398199250245304,1020.0,2.8344113411928182,23.0
0.06834888977879482,5.239973061976094,9.0,5.852093797623854,3.2603490118891267,5.852093797623854,,,4.0,3.0634676329411175,linex,1.2348257016726478,OGDConcOnly,2.791907782927429,1020.0,3.0634676329411175,23.0
0.09704273100668176,2.298934193324583,9.0,5.852093797623854,3.2603490118891267,5.852093797623854,,,4.0,3.0523373000000693,linex,1.2095571846866233,MWUMBothKL,2.756726212825328,1020.0,3.0523373000000693,23.0
0.09803424354417903,1.062263791614562,9.0,5.852093797623854,3.2603490118891267,5.852093797623854,,,4.0,3.037101548133872,linex,1.1922761352442401,MWUMConcOnlyKL,2.644804544009877,1020.0,3.037101548133872,23.0
0.10117019268052528,nan,9.0,5.852093797623854,3.2603490118891267,5.852093797623854,0.37254901960784315,3.0,4.0,5.657279200165359,linex,1.279836272751215,RLRuleBandit,3.089342359538464,1020.0,5.657279200165359,23.0
0.38463058715181264,0.8145414196528231,9.0,5.852093797623854,3.2603490118891267,5.852093797623854,0.40980392156862744,1.0835784313725492,4.0,2.9588897242754557,linex,1.0838024841587204,RLKappaBandit,2.31856911176196,1020.0,2.9588897242754557,23.0
0.055555555555555566,nan,13.0,9.657225499410128,4.276155376771838,9.657225499410128,,,8.0,20.460327756437614,linex,1.5214079649840109,Mean,4.344304541629491,1020.0,20.460327756437614,23.0
nan,nan,13.0,9.657225499410128,4.276155376771838,9.657225499410128,,,8.0,15.82531581636155,linex,1.4815613983224658,Median,4.209303739407901,1020.0,15.82531581636155,23.0
0.25999453679843704,nan,13.0,9.657225499410128,4.276155376771838,9.657225499410128,,,8.0,7.833642423092348,linex,1.4543945719157123,OGDVanilla,4.157161178527793,1020.0,7.833642423092348,23.0
0.9106002703012258,nan,13.0,9.657225499410128,4.276155376771838,9.657225499410128,,,8.0,10.883531320374562,linex,1.5215724172665004,MWUMVanilla,4.440152389430948,1020.0,10.883531320374562,23.0
0.18981949289320152,0.9976506638480998,13.0,9.657225499410128,4.276155376771838,9.657225499410128,,,8.0,7.385403865703214,linex,1.4276226587667868,OGDBoth,4.011634162079235,1020.0,7.385403865703214,23.0
0.08541454994995828,3.2530134133131727,13.0,9.657225499410128,4.276155376771838,9.657225499410128,,,8.0,6.722799870655667,linex,1.3447060267518574,OGDConcOnly,3.4484952787905665,1020.0,6.722799870655667,23.0
0.11634854130037102,2.3498300982896527,13.0,9.657225499410128,4.276155376771838,9.657225499410128,,,8.0,6.93742192823957,linex,1.325661680779609,MWUMBothKL,3.4351643107552046,1020.0,6.93742192823957,23.0
0.13667583372329523,0.6402847081613113,13.0,9.657225499410128,4.276155376771838,9.657225499410128,,,8.0,7.307040567708368,linex,1.251674695139186,MWUMConcOnlyKL,3.092264359500469,1020.0,7.307040567708368,23.0
0.24820724721647092,nan,13.0,9.657225499410128,4.276155376771838,9.657225499410128,0.4774509803921569,6.0,8.0,8.946895763404962,linex,1.4331048075617188,RLRuleBandit,4.076113294063734,1020.0,8.946895763404962,23.0
0.3022358335789541,2.0999590709233105,13.0,9.657225499410128,4.276155376771838,9.657225499410128,0.6235294117647059,3.2174411764705884,8.0,6.690931892855597,linex,1.2422108745674787,RLKappaBandit,3.058180392042325,1020.0,6.690931892855597,23.0
0.055555555555555566,nan,0.0,0.84542044425813,1.0719024939575799,0.84542044425813,,,1.0,0.9084148042903716,linex,0.6801449840093217,Mean,0.996211837634677,1020.0,0.9084148042903716,24.0
nan,nan,0.0,0.84542044425813,1.0719024939575799,0.84542044425813,,,1.0,1.0081839220995106,linex,0.6668773432936296,Median,0.991803809110135,1020.0,1.0081839220995106,24.0
0.19248859899441484,nan,0.0,0.84542044425813,1.0719024939575799,0.84542044425813,,,1.0,0.8365790147441925,linex,0.7357482762617628,OGDVanilla,1.1076581026350694,1020.0,0.8365790147441925,24.0
0.059481199527956406,nan,0.0,0.84542044425813,1.0719024939575799,0.84542044425813,,,1.0,0.9195144416663888,linex,0.6737562355581339,MWUMVanilla,0.9915395795459575,1020.0,0.9195144416663888,24.0
0.19193941288809513,0.00163294734857173,0.0,0.84542044425813,1.0719024939575799,0.84542044425813,,,1.0,0.836639076664333,linex,0.7356035391059316,OGDBoth,1.107373501647932,1020.0,0.836639076664333,24.0
0.05976223147244103,5.186052275070213,0.0,0.84542044425813,1.0719024939575799,0.84542044425813,,,1.0,0.9715718226571695,linex,0.6771043682890227,OGDConcOnly,0.9962837359196558,1020.0,0.9715718226571695,24.0
0.05650664521150411,4.924780471439857,0.0,0.84542044425813,1.0719024939575799,0.84542044425813,,,1.0,0.9144629008419578,linex,0.6753041731414864,MWUMBothKL,0.9922221280104117,1020.0,0.9144629008419578,24.0
0.0571563227554299,5.1071132737267195,0.0,0.84542044425813,1.0719024939575799,0.84542044425813,,,1.0,0.9349155255723703,linex,0.6771478646573507,MWUMConcOnlyKL,0.998640970877726,1020.0,0.9349155255723703,24.0
0.06291088799280092,nan,0.0,0.84542044425813,1.0719024939575799,0.84542044425813,0.3715686274509804,3.0,1.0,0.9116244055636045,linex,0.677412126233327,RLRuleBandit,0.993722688282039,1020.0,0.9116244055636045,24.0
0.2294825597595062,1.3133444315773495,0.0,0.84542044425813,1.0719024939575799,0.84542044425813,0.4745098039215686,2.129029411764706,1.0,1.5265554753888917,linex,0.6828761655616021,RLKappaBandit,1.0940533885733261,1020.0,1.5265554753888917,24.0
0.055555555555555566,nan,0.0,5.3896249612215765,3.4180815496905184,5.3896249612215765,,,4.0,5.595670962906003,linex,1.3079667553761554,Mean,3.305228556942376,1020.0,5.595670962906003,24.0
nan,nan,0.0,5.3896249612215765,3.4180815496905184,5.3896249612215765,,,4.0,5.521679740332247,linex,1.2963009615677399,Median,3.3155370112003544,1020.0,5.521679740332247,24.0
0.30123727490812585,nan,0.0,5.3896249612215765,3.4180815496905184,5.3896249612215765,,,4.0,3.2941685024715213,linex,1.165855117919061,OGDVanilla,2.813173958703905,1020.0,3.2941685024715213,24.0
0.9695354388268316,nan,0.0,5.3896249612215765,3.4180815496905184,5.3896249612215765,,,4.0,5.384030675387986,linex,1.3778689179563928,MWUMVanilla,3.594342522895041,1020.0,5.384030675387986,24.0
0.12744274571793232,3.2999478237847897,0.0,5.3896249612215765,3.4180815496905184,5.3896249612215765,,,4.0,3.3010242475243694,linex,1.178685045682132,OGDBoth,2.812039478622756,1020.0,3.3010242475243694,24.0
0.07120744506241584,5.118481085524491,0.0,5.3896249612215765,3.4180815496905184,5.3896249612215765,,,4.0,3.4769932067305107,linex,1.2205438328789955,OGDConcOnly,2.87260793642123,1020.0,3.4769932067305107,24.0
0.10033911345876846,2.2456320126862632,0.0,5.3896249612215765,3.4180815496905184,5.3896249612215765,,,4.0,3.2068472216127204,linex,1.1910058388420017,MWUMBothKL,2.799408733714151,1020.0,3.2068472216127204,24.0
0.10028002129081408,1.0376345751725986,0.0,5.3896249612215765,3.4180815496905184,5.3896249612215765,,,4.0,3.176742551085725,linex,1.1784065112446427,MWUMConcOnlyKL,2.724391906086163,1020.0,3.176742551085725,24.0
0.17087649210961037,nan,0.0,5.3896249612215765,3.4180815496905184,5.3896249612215765,0.6254901960784314,6.0,4.0,3.945792767264791,linex,1.2560789528416283,RLRuleBandit,3.0631816426418794,1020.0,3.945792767264791,24.0
0.1933397805421328,1.2457814508837965,0.0,5.3896249612215765,3.4180815496905184,5.3896249612215765,0.9088235294117647,1.813156862745098,4.0,3.1262105252162153,linex,1.1385229807448813,RLKappaBandit,2.600627721234923,1020.0,3.1262105252162153,24.0
0.055555555555555566,nan,0.0,9.054673465438846,4.085485298930329,9.054673465438846,,,8.0,9.186806242895424,linex,1.5669480305163328,Mean,4.415686667848282,1020.0,9.186806242895424,24.0
nan,nan,0.0,9.054673465438846,4.085485298930329,9.054673465438846,,,8.0,9.236858282359767,linex,1.4946476927588264,Median,4.171142417990936,1020.0,9.236858282359767,24.0
0.24577052491517223,nan,0.0,9.054673465438846,4.085485298930329,9.054673465438846,,,8.0,5.362034824712111,linex,1.4226900535299136,OGDVanilla,3.7234326836384173,1020.0,5.362034824712111,24.0
0.9429546072285169,nan,0.0,9.054673465438846,4.085485298930329,9.054673465438846,,,8.0,10.057706622329512,linex,1.5758805156290383,MWUMVanilla,4.482651776229845,1020.0,10.057706622329512,24.0
0.19370343166530476,0.9745195425303508,0.0,9.054673465438846,4.085485298930329,9.054673465438846,,,8.0,5.362666250421055,linex,1.4119025053656675,OGDBoth,3.6678675035549824,1020.0,5.362666250421055,24.0
0.08548262583546704,3.1775903189072126,0.0,9.054673465438846,4.085485298930329,9.054673465438846,,,8.0,6.078600186132355,linex,1.3807700905592337,OGDConcOnly,3.4957252459406587,1020.0,6.078600186132355,24.0
0.11857860903625166,2.2953478647780794,0.0,9.054673465438846,4.085485298930329,9.054673465438846,,,8.0,7.078471050781761,linex,1.3450602569684036,MWUMBothKL,3.405435283254365,1020.0,7.078471050781761,24.0
0.13824814261022825,0.6254393364161529,0.0,9.054673465438846,4.085485298930329,9.054673465438846,,,8.0,6.960090332176309,linex,1.2944857206184648,MWUMConcOnlyKL,3.162336876669,1020.0,6.960090332176309,24.0
0.14418427442533086,nan,0.0,9.054673465438846,4.085485298930329,9.054673465438846,0.4931372549019608,3.0,8.0,6.399219054880393,linex,1.4675051246990525,RLRuleBandit,4.02628878989603,1020.0,6.399219054880393,24.0
0.4376651696514628,0.9161682608297539,0.0,9.054673465438846,4.085485298930329,9.054673465438846,0.4519607843137255,1.3002647058823529,8.0,7.3338921378660755,linex,1.2504987664025489,RLKappaBandit,3.0189010823047755,1020.0,7.3338921378660755,24.0
0.055555555555555566,nan,9.0,0.522917278362971,0.9615345606767902,0.522917278362971,,,1.0,0.5790131135275502,linex,0.6694757338712429,Mean,0.8956280774041416,1020.0,0.5790131135275502,25.0
nan,nan,9.0,0.522917278362971,0.9615345606767902,0.522917278362971,,,1.0,0.5626405812090326,linex,0.656991174232425,Median,0.8743888004024849,1020.0,0.5626405812090326,25.0
0.10600450324269245,nan,9.0,0.522917278362971,0.9615345606767902,0.522917278362971,,,1.0,0.5487988163097675,linex,0.67321837230177,OGDVanilla,0.9110116688211392,1020.0,0.5487988163097675,25.0
0.059280181836746416,nan,9.0,0.522917278362971,0.9615345606767902,0.522917278362971,,,1.0,0.5689062621392709,linex,0.658290908538564,MWUMVanilla,0.875092426311919,1020.0,0.5689062621392709,25.0
0.10565621291839047,0.0016896797920960944,9.0,0.522917278362971,0.9615345606767902,0.522917278362971,,,1.0,0.5488008877324002,linex,0.6731440649712958,OGDBoth,0.910846554977536,1020.0,0.5488008877324002,25.0
0.05676283676400813,5.366338337200144,9.0,0.522917278362971,0.9615345606767902,0.522917278362971,,,1.0,0.561060766746465,linex,0.6640234400607784,OGDConcOnly,0.8845067301283471,1020.0,0.561060766746465,25.0
0.05627251356414992,5.095983772500971,9.0,0.522917278362971,0.9615345606767902,0.522917278362971,,,1.0,0.5722858129880465,linex,0.6632515161803716,MWUMBothKL,0.8850484968951186,1020.0,0.5722858129880465,25.0
0.056116928813908125,5.284655128183831,9.0,0.522917278362971,0.9615345606767902,0.522917278362971,,,1.0,0.5637690513525613,linex,0.6647730267115055,MWUMConcOnlyKL,0.890811221078982,1020.0,0.5637690513525613,25.0
0.061705822052609265,nan,9.0,0.522917278362971,0.9615345606767902,0.522917278362971,0.3205882352941177,4.0,1.0,0.5772330211298964,linex,0.6661531321784323,RLRuleBandit,0.891038178754785,1020.0,0.5772330211298964,25.0
0.13071508760148157,3.080271659172559,9.0,0.522917278362971,0.9615345606767902,0.522917278362971,0.8313725490196079,4.798607843137255,1.0,0.6462631334181522,linex,0.6755854637949411,RLKappaBandit,0.9431428484036884,1020.0,0.6462631334181522,25.0
0.055555555555555566,nan,9.0,3.5724621274202217,3.1625593251323965,3.5724621274202217,,,4.0,4.1427442305017115,linex,1.3510275271776373,Mean,3.251064106339611,1020.0,4.1427442305017115,25.0
nan,nan,9.0,3.5724621274202217,3.1625593251323965,3.5724621274202217,,,4.0,4.347945191300737,linex,1.3343113818996584,Median,3.2160818880169737,1020.0,4.347945191300737,25.0
0.30059709733448386,nan,9.0,3.5724621274202217,3.1625593251323965,3.5724621274202217,,,4.0,2.2261221374903,linex,1.214636943982173,OGDVanilla,2.837473124210328,1020.0,2.2261221374903,25.0
0.9837524961282386,nan,9.0,3.5724621274202217,3.1625593251323965,3.5724621274202217,,,4.0,3.6504446710419,linex,1.3895547801572694,MWUMVanilla,3.3531936436583574,1020.0,3.6504446710419,25.0
0.1212233310690013,3.4146660142813308,9.0,3.5724621274202217,3.1625593251323965,3.5724621274202217,,,4.0,2.3240862445946098,linex,1.2066065830631483,OGDBoth,2.7374429971076957,1020.0,2.3240862445946098,25.0
0.06681898452556898,5.296418126591866,9.0,3.5724621274202217,3.1625593251323965,3.5724621274202217,,,4.0,2.634604321445013,linex,1.264744582998106,OGDConcOnly,2.8510551516235,1020.0,2.634604321445013,25.0
0.09417314986796005,2.3236983392226462,9.0,3.5724621274202217,3.1625593251323965,3.5724621274202217,,,4.0,2.3631243851041908,linex,1.2211032518329537,MWUMBothKL,2.7255985390265653,1020.0,2.3631243851041908,25.0
0.09605445832677893,1.0737065037516575,9.0,3.5724621274202217,3.1625593251323965,3.5724621274202217,,,4.0,2.3271985943318283,linex,1.2106653958934235,MWUMConcOnlyKL,2.678359754544607,1020.0,2.3271985943318283,25.0
0.250270010458637,nan,9.0,3.5724621274202217,3.1625593251323965,3.5724621274202217,0.22941176470588234,1.0,4.0,3.1679686017841417,linex,1.2915295211601816,RLRuleBandit,3.0796983530471675,1020.0,3.1679686017841417,25.0
0.34828983188287677,0.5466465465417942,9.0,3.5724621274202217,3.1625593251323965,3.5724621274202217,0.5205882352941177,0.8298137254901962,4.0,2.490897582742445,linex,1.0933874816810782,RLKappaBandit,2.3308196650057926,1020.0,2.490897582742445,25.0
0.055555555555555566,nan,9.0,6.757372386355382,3.925604252713012,6.757372386355382,,,8.0,8.78361774021657,linex,1.6050540804203464,Mean,4.535673969755584,1020.0,8.78361774021657,25.0
nan,nan,9.0,6.757372386355382,3.925604252713012,6.757372386355382,,,8.0,8.304574488276755,linex,1.5466051794870805,Median,4.356486489787913,1020.0,8.304574488276755,25.0
0.2242037556919981,nan,9.0,6.757372386355382,3.925604252713012,6.757372386355382,,,8.0,3.945437742325538,linex,1.4966236421798742,OGDVanilla,4.2785209562513575,1020.0,3.945437742325538,25.0
0.9689781233339951,nan,9.0,6.757372386355382,3.925604252713012,6.757372386355382,,,8.0,6.843717692596169,linex,1.4948560508356428,MWUMVanilla,3.955332383652379,1020.0,6.843717692596169,25.0
0.17222781135669452,1.0083973623178188,9.0,6.757372386355382,3.925604252713012,6.757372386355382,,,8.0,3.8120467229981694,linex,1.4822216834463158,OGDBoth,4.194499848832766,1020.0,3.8120467229981694,25.0
0.08473272365751239,3.2880549161482335,9.0,6.757372386355382,3.925604252713012,6.757372386355382,,,8.0,3.5505926844637203,linex,1.410850656656138,OGDConcOnly,3.558907370813606,1020.0,3.5505926844637203,25.0
0.11896401051549395,2.375142495707085,9.0,6.757372386355382,3.925604252713012,6.757372386355382,,,8.0,3.245409740060243,linex,1.3807584155115733,MWUMBothKL,3.5086820416637288,1020.0,3.245409740060243,25.0
0.14073574049075177,0.6471818547208986,9.0,6.757372386355382,3.925604252713012,6.757372386355382,,,8.0,2.9930087595280916,linex,1.3076516433115597,MWUMConcOnlyKL,3.166109755299887,1020.0,2.9930087595280916,25.0
0.1462447164265141,nan,9.0,6.757372386355382,3.925604252713012,6.757372386355382,0.41274509803921566,3.0,8.0,5.871502578084341,linex,1.4672177483631956,RLRuleBandit,3.961121988046446,1020.0,5.871502578084341,25.0
0.39831059829542714,1.6594703814801166,9.0,6.757372386355382,3.925604252713012,6.757372386355382,0.4931372549019608,2.0994313725490197,8.0,3.3036864229109253,linex,1.2883757307520463,RLKappaBandit,3.1780486819468217,1020.0,3.3036864229109253,25.0
0.055555555555555566,nan,3.0,0.4856039272929442,0.8474946706309422,0.4856039272929442,,,1.0,0.5624413676318809,linex,0.6369581454508899,Mean,0.7965178927967131,1020.0,0.5624413676318809,26.0
nan,nan,3.0,0.4856039272929442,0.8474946706309422,0.4856039272929442,,,1.0,0.5477303898029792,linex,0.6255413384165047,Median,0.7811614483344514,1020.0,0.5477303898029792,26.0
0.12440995329784531,nan,3.0,0.4856039272929442,0.8474946706309422,0.4856039272929442,,,1.0,0.5284977236213331,linex,0.6464805092336622,OGDVanilla,0.8052766680471484,1020.0,0.5284977236213331,26.0
0.05867373634995408,nan,3.0,0.4856039272929442,0.8474946706309422,0.4856039272929442,,,1.0,0.5444625622067734,linex,0.6319180288052104,MWUMVanilla,0.780898513337185,1020.0,0.5444625622067734,26.0
0.12387666434077106,0.0017715011088865272,3.0,0.4856039272929442,0.8474946706309422,0.4856039272929442,,,1.0,0.5285219397983162,linex,0.6464315858608078,OGDBoth,0.8051863864857278,1020.0,0.5285219397983162,26.0
0.057207350594648765,5.626352573958651,3.0,0.4856039272929442,0.8474946706309422,0.4856039272929442,,,1.0,0.5449524544973099,linex,0.6285302176728625,OGDConcOnly,0.7855219803755227,1020.0,0.5449524544973099,26.0
0.056742163094094265,5.342898565192268,3.0,0.4856039272929442,0.8474946706309422,0.4856039272929442,,,1.0,0.5532207360378117,linex,0.6321419624022057,MWUMBothKL,0.7848316528200694,1020.0,0.5532207360378117,26.0
0.05615495249076658,5.540711582210132,3.0,0.4856039272929442,0.8474946706309422,0.4856039272929442,,,1.0,0.5418078755457811,linex,0.6291912532310241,MWUMConcOnlyKL,0.7853788235483505,1020.0,0.5418078755457811,26.0
0.05678198805990054,nan,3.0,0.4856039272929442,0.8474946706309422,0.4856039272929442,0.46078431372549017,4.0,1.0,0.5573548733546735,linex,0.634736659264763,RLRuleBandit,0.7941342104295804,1020.0,0.5573548733546735,26.0
0.17402603832625196,2.3239016630985607,3.0,0.4856039272929442,0.8474946706309422,0.4856039272929442,0.6686274509803921,3.398225490196079,1.0,0.6450971914728523,linex,0.6390064868686315,RLKappaBandit,0.8411664891330302,1020.0,0.6450971914728523,26.0
0.055555555555555566,nan,3.0,3.2139710767255005,2.855593389692781,3.2139710767255005,,,4.0,3.6942425256658504,linex,1.1894351403522516,Mean,2.7103680663336482,1020.0,3.6942425256658504,26.0
nan,nan,3.0,3.2139710767255005,2.855593389692781,3.2139710767255005,,,4.0,3.353363429749549,linex,1.162422600989842,Median,2.6490088263233917,1020.0,3.353363429749549,26.0
0.2501438287003976,nan,3.0,3.2139710767255005,2.855593389692781,3.2139710767255005,,,4.0,1.7797175872995203,linex,1.0721203506169263,OGDVanilla,2.322510780323932,1020.0,1.7797175872995203,26.0
0.965243713808114,nan,3.0,3.2139710767255005,2.855593389692781,3.2139710767255005,,,4.0,3.442062174114074,linex,1.2258118942451268,MWUMVanilla,2.9260717809837264,1020.0,3.442062174114074,26.0
0.10607873387331312,3.580116201566346,3.0,3.2139710767255005,2.855593389692781,3.2139710767255005,,,4.0,1.8318233929067076,linex,1.071905315248402,OGDBoth,2.2766672469930667,1020.0,1.8318233929067076,26.0
0.06374368239620712,5.553044531193554,3.0,3.2139710767255005,2.855593389692781,3.2139710767255005,,,4.0,2.135241147430176,linex,1.1175996034113973,OGDConcOnly,2.4004027966356194,1020.0,2.135241147430176,26.0
0.08643017683648443,2.4362880539853387,3.0,3.2139710767255005,2.855593389692781,3.2139710767255005,,,4.0,1.8747471604142383,linex,1.0842658363077384,MWUMBothKL,2.2903190281451136,1020.0,1.8747471604142383,26.0
0.08871430941222652,1.1257305752027926,3.0,3.2139710767255005,2.855593389692781,3.2139710767255005,,,4.0,1.8486606453797851,linex,1.074807485664867,MWUMConcOnlyKL,2.255181501563854,1020.0,1.8486606453797851,26.0
0.13658038135849618,nan,3.0,3.2139710767255005,2.855593389692781,3.2139710767255005,0.37941176470588234,3.0,4.0,2.876947337019537,linex,1.1371453507616913,RLRuleBandit,2.539219103185984,1020.0,2.876947337019537,26.0
0.19968031184267374,0.797128011081688,3.0,3.2139710767255005,2.855593389692781,3.2139710767255005,0.8921568627450981,1.1850000000000003,4.0,2.0235015647290284,linex,1.0180024952673103,RLKappaBandit,2.1216252626502037,1020.0,2.0235015647290284,26.0
0.055555555555555566,nan,3.0,10.189591072928842,3.8224908393734753,10.189591072928842,,,8.0,12.106906944950332,linex,1.4375153396387348,Mean,3.954498195460661,1020.0,12.106906944950332,26.0
nan,nan,3.0,10.189591072928842,3.8224908393734753,10.189591072928842,,,8.0,11.23068067962399,linex,1.390169518606763,Median,3.8491848092570216,1020.0,11.23068067962399,26.0
0.2439101710223326,nan,3.0,10.189591072928842,3.8224908393734753,10.189591072928842,,,8.0,6.511399359744613,linex,1.341664421599407,OGDVanilla,3.781757275630358,1020.0,6.511399359744613,26.0
0.8182574189498594,nan,3.0,10.189591072928842,3.8224908393734753,10.189591072928842,,,8.0,11.647593060056826,linex,1.4781780969687501,MWUMVanilla,4.240034404959945,1020.0,11.647593060056826,26.0
0.17715750601370306,1.0572570209681496,3.0,10.189591072928842,3.8224908393734753,10.189591072928842,,,8.0,6.406271828874191,linex,1.3264928230433435,OGDBoth,3.6776179908008375,1020.0,6.406271828874191,26.0
0.08139622036893049,3.44737043727687,3.0,10.189591072928842,3.8224908393734753,10.189591072928842,,,8.0,6.1027458505385805,linex,1.2802977089475254,OGDConcOnly,3.1680851315476484,1020.0,6.1027458505385805,26.0
0.10911323223792253,2.4902248254962798,3.0,10.189591072928842,3.8224908393734753,10.189591072928842,,,8.0,5.766385533873276,linex,1.2560208366193415,MWUMBothKL,3.1425551907666645,1020.0,5.766385533873276,26.0
0.12286035137755615,0.6785395993819469,3.0,10.189591072928842,3.8224908393734753,10.189591072928842,,,8.0,5.8058183119574185,linex,1.2017143864891737,MWUMConcOnlyKL,2.874034868717896,1020.0,5.8058183119574185,26.0
0.3347395865438211,nan,3.0,10.189591072928842,3.8224908393734753,10.189591072928842,0.32745098039215687,5.0,8.0,10.727705180423435,linex,1.3427817644907076,RLRuleBandit,3.636932490987293,1020.0,10.727705180423435,26.0
0.22986943161569495,1.7825336306992643,3.0,10.189591072928842,3.8224908393734753,10.189591072928842,0.7823529411764706,2.63171568627451,8.0,5.753524761312817,linex,1.168312190022203,RLKappaBandit,2.7515337594636855,1020.0,5.753524761312817,26.0
0.055555555555555566,nan,7.0,0.6481103835760659,1.0124503050702225,0.6481103835760659,,,1.0,0.7465753112599992,linex,0.657496002849716,Mean,0.9480975924892203,1020.0,0.7465753112599992,27.0
nan,nan,7.0,0.6481103835760659,1.0124503050702225,0.6481103835760659,,,1.0,0.7350910161819737,linex,0.6421059538243007,Median,0.9364361451538049,1020.0,0.7350910161819737,27.0
0.15533159978513938,nan,7.0,0.6481103835760659,1.0124503050702225,0.6481103835760659,,,1.0,0.663400571118731,linex,0.6679166999912858,OGDVanilla,0.9599787279320505,1020.0,0.663400571118731,27.0
0.06015330042871077,nan,7.0,0.6481103835760659,1.0124503050702225,0.6481103835760659,,,1.0,0.7223038460598152,linex,0.6486810973513305,MWUMVanilla,0.9390793819769822,1020.0,0.7223038460598152,27.0
0.15471999520901095,0.0016623299389193344,7.0,0.6481103835760659,1.0124503050702225,0.6481103835760659,,,1.0,0.6634923096545052,linex,0.667835034109914,OGDBoth,0.9598822907760853,1020.0,0.6634923096545052,27.0
0.058047341908742466,5.279425152737144,7.0,0.6481103835760659,1.0124503050702225,0.6481103835760659,,,1.0,0.7063471024189613,linex,0.6497456874584117,OGDConcOnly,0.9364624278451114,1020.0,0.7063471024189613,27.0
0.057976755985946725,5.013449249809609,7.0,0.6481103835760659,1.0124503050702225,0.6481103835760659,,,1.0,0.7277164326197938,linex,0.6504429111272748,MWUMBothKL,0.9405423655950623,1020.0,0.7277164326197938,27.0
0.05685749552925937,5.1990648847449705,7.0,0.6481103835760659,1.0124503050702225,0.6481103835760659,,,1.0,0.695553981538406,linex,0.6497070920217994,MWUMConcOnlyKL,0.93661871334235,1020.0,0.695553981538406,27.0
0.05930987869855436,nan,7.0,0.6481103835760659,1.0124503050702225,0.6481103835760659,0.28921568627450983,0.0,1.0,0.7295472511059546,linex,0.6539361269709751,RLRuleBandit,0.9438759218911592,1020.0,0.7295472511059546,27.0
0.20910696994408062,1.387566818597965,7.0,0.6481103835760659,1.0124503050702225,0.6481103835760659,0.5990196078431372,2.206872549019608,1.0,0.7670556765566428,linex,0.6721251462489394,RLKappaBandit,1.0275476335028928,1020.0,0.7670556765566428,27.0
0.055555555555555566,nan,4.0,10.956364303940001,4.456938011492672,10.956364303940001,,,4.0,12.506876417449437,linex,1.32344891228541,Mean,3.4317091997114786,1020.0,12.506876417449437,27.0
nan,nan,4.0,10.956364303940001,4.456938011492672,10.956364303940001,,,4.0,15.152076539015038,linex,1.2979437777107006,Median,3.4308948798164325,1020.0,15.152076539015038,27.0
0.2716060950388928,nan,4.0,10.956364303940001,4.456938011492672,10.956364303940001,,,4.0,10.309897872771637,linex,1.1611751345939758,OGDVanilla,2.8297617100936447,1020.0,10.309897872771637,27.0
0.9552685357723826,nan,4.0,10.956364303940001,4.456938011492672,10.956364303940001,,,4.0,11.002260566846928,linex,1.4538261143444955,MWUMVanilla,3.909289087650466,1020.0,11.002260566846928,27.0
0.11933405068997074,3.359362109286713,4.0,10.956364303940001,4.456938011492672,10.956364303940001,,,4.0,10.804811252487198,linex,1.1652309790813398,OGDBoth,2.795942803852886,1020.0,10.804811252487198,27.0
0.07101284117880434,5.210637369663781,4.0,10.956364303940001,4.456938011492672,10.956364303940001,,,4.0,11.208989812524006,linex,1.2114376942694052,OGDConcOnly,2.920402786518902,1020.0,11.208989812524006,27.0
0.09838213060430095,2.2860637436335787,4.0,10.956364303940001,4.456938011492672,10.956364303940001,,,4.0,10.708181582381638,linex,1.1774478343350105,MWUMBothKL,2.8436593142751025,1020.0,10.708181582381638,27.0
0.09940537112149471,1.0563167724241824,4.0,10.956364303940001,4.456938011492672,10.956364303940001,,,4.0,10.594451604710127,linex,1.159607391534123,MWUMConcOnlyKL,2.7392360370219344,1020.0,10.594451604710127,27.0
0.25372378810826435,nan,4.0,10.956364303940001,4.456938011492672,10.956364303940001,0.4019607843137255,0.0,4.0,14.652807077986953,linex,1.308809612312835,RLRuleBandit,3.4115042665845183,1020.0,14.652807077986953,27.0
0.2230072470802697,1.2202224490887748,4.0,10.956364303940001,4.456938011492672,10.956364303940001,0.8254901960784313,1.7135,4.0,10.28382598928828,linex,1.0867371412668687,RLKappaBandit,2.487616029774055,1020.0,10.28382598928828,27.0
0.055555555555555566,nan,0.0,20.70134909615526,4.5546345224464515,20.70134909615526,,,8.0,21.501257385856775,linex,1.6270586669884215,Mean,5.061741821252296,1020.0,21.501257385856775,27.0
nan,nan,0.0,20.70134909615526,4.5546345224464515,20.70134909615526,,,8.0,21.077159252385822,linex,1.5585976042672869,Median,4.864160754234196,1020.0,21.077159252385822,27.0
0.2404999103625817,nan,0.0,20.70134909615526,4.5546345224464515,20.70134909615526,,,8.0,9.731381965765939,linex,1.48971681905766,OGDVanilla,4.5342979104671475,1020.0,9.731381965765939,27.0
0.9502841054898932,nan,0.0,20.70134909615526,4.5546345224464515,20.70134909615526,,,8.0,27.018689900452177,linex,1.8093991413103734,MWUMVanilla,6.056638994292947,1020.0,27.018689900452177,27.0
0.1825046098419078,0.9920653776618422,0.0,20.70134909615526,4.5546345224464515,20.70134909615526,,,8.0,9.445775669693068,linex,1.4714103535397856,OGDBoth,4.416220756896709,1020.0,9.445775669693068,27.0
0.09331623316281787,3.234801604143889,0.0,20.70134909615526,4.5546345224464515,20.70134909615526,,,8.0,9.350674037640905,linex,1.4093524230943535,OGDConcOnly,3.766809111455803,1020.0,9.350674037640905,27.0
0.12245184721955553,2.336674710703874,0.0,20.70134909615526,4.5546345224464515,20.70134909615526,,,8.0,10.144720227482084,linex,1.380567537692376,MWUMBothKL,3.720387134890475,1020.0,10.144720227482084,27.0
0.13960776563208918,0.6367001154129059,0.0,20.70134909615526,4.5546345224464515,20.70134909615526,,,8.0,10.068097898611123,linex,1.2965279228649398,MWUMConcOnlyKL,3.2800828652133487,1020.0,10.068097898611123,27.0
0.1801587469555393,nan,0.0,20.70134909615526,4.5546345224464515,20.70134909615526,0.5009803921568627,6.0,8.0,15.636344278838132,linex,1.4946647938510507,RLRuleBandit,4.42327390037965,1020.0,15.636344278838132,27.0
0.3365823367794226,1.1022442680852627,0.0,20.70134909615526,4.5546345224464515,20.70134909615526,0.5931372549019608,1.758107843137255,8.0,10.295578313071182,linex,1.2512032449319912,RLKappaBandit,3.1457983752967205,1020.0,10.295578313071182,27.0
0.055555555555555566,nan,11.0,3.3464244117086035,1.193779269350599,3.3464244117086035,,,1.0,5.132390692638699,linex,0.7333692998030054,Mean,1.1734262237587778,1020.0,5.132390692638699,28.0
nan,nan,11.0,3.3464244117086035,1.193779269350599,3.3464244117086035,,,1.0,5.44189154700856,linex,0.7179745410954527,Median,1.1523380809625297,1020.0,5.44189154700856,28.0
0.1973568933673509,nan,11.0,3.3464244117086035,1.193779269350599,3.3464244117086035,,,1.0,5.182325359781886,linex,0.7625305718743906,OGDVanilla,1.2390063898226549,1020.0,5.182325359781886,28.0
0.08423911705866613,nan,11.0,3.3464244117086035,1.193779269350599,3.3464244117086035,,,1.0,4.737019304411459,linex,0.7348619679778973,MWUMVanilla,1.1584695965550953,1020.0,4.737019304411459,28.0
0.19715166026508624,0.0017504644352060192,11.0,3.3464244117086035,1.193779269350599,3.3464244117086035,,,1.0,5.179255313194646,linex,0.7624675601607313,OGDBoth,1.2387263422214163,1020.0,5.179255313194646,28.0
0.06159429960818469,5.559501600819404,11.0,3.3464244117086035,1.193779269350599,3.3464244117086035,,,1.0,5.316228199177273,linex,0.7354961056713956,OGDConcOnly,1.1929268603999905,1020.0,5.316228199177273,28.0
0.06251342492202669,5.279415525264652,11.0,3.3464244117086035,1.193779269350599,3.3464244117086035,,,1.0,5.066782071344269,linex,0.7284561358417977,MWUMBothKL,1.1574848079130686,1020.0,5.066782071344269,28.0
0.05925125317799003,5.474878174995043,11.0,3.3464244117086035,1.193779269350599,3.3464244117086035,,,1.0,5.275033680164114,linex,0.7332878021966194,MWUMConcOnlyKL,1.1901225900391752,1020.0,5.275033680164114,28.0
0.06253195750750815,nan,11.0,3.3464244117086035,1.193779269350599,3.3464244117086035,0.33725490196078434,4.0,1.0,5.150682230091005,linex,0.7495041010415767,RLRuleBandit,1.2200857396145774,1020.0,5.150682230091005,28.0
0.19167896661047024,1.898726338102369,11.0,3.3464244117086035,1.193779269350599,3.3464244117086035,0.592156862745098,2.515872549019608,1.0,6.812039497598266,linex,0.744995134632782,RLKappaBandit,1.2414717289364574,1020.0,6.812039497598266,28.0
0.055555555555555566,nan,11.0,14.936098244808028,4.373152167559409,14.936098244808028,,,4.0,35.83729576473607,linex,1.3859566884765016,Mean,3.8607086855933574,1020.0,35.83729576473607,28.0
nan,nan,11.0,14.936098244808028,4.373152167559409,14.936098244808028,,,4.0,48.49765783970091,linex,1.3769368088692227,Median,3.949650347130717,1020.0,48.49765783970091,28.0
0.29467451762022323,nan,11.0,14.936098244808028,4.373152167559409,14.936098244808028,,,4.0,10.568914838806984,linex,1.2210077250512859,OGDVanilla,3.038151662063133,1020.0,10.568914838806984,28.0
0.964849438652365,nan,11.0,14.936098244808028,4.373152167559409,14.936098244808028,,,4.0,15.880361471988307,linex,1.476209666700107,MWUMVanilla,4.076813082442211,1020.0,15.880361471988307,28.0
0.13063605007212267,3.53757812302126,11.0,14.936098244808028,4.373152167559409,14.936098244808028,,,4.0,9.892643501429147,linex,1.2227950786200477,OGDBoth,2.974821739255129,1020.0,9.892643501429147,28.0
0.0743120932301849,5.487064586807729,11.0,14.936098244808028,4.373152167559409,14.936098244808028,,,4.0,10.288819547316034,linex,1.2843638033179854,OGDConcOnly,3.2188126605433918,1020.0,10.288819547316034,28.0
0.10333887424630503,2.407340669829805,11.0,14.936098244808028,4.373152167559409,14.936098244808028,,,4.0,9.215860832982642,linex,1.252381330419974,MWUMBothKL,3.1126571476425746,1020.0,9.215860832982642,28.0
0.1005029081129883,1.1123549237518138,11.0,14.936098244808028,4.373152167559409,14.936098244808028,,,4.0,9.333172606229303,linex,1.2358720824944893,MWUMConcOnlyKL,3.033780717128858,1020.0,9.333172606229303,28.0
0.21749162431419167,nan,11.0,14.936098244808028,4.373152167559409,14.936098244808028,0.28921568627450983,3.0,4.0,34.96872892391048,linex,1.30874160349298,RLRuleBandit,3.45866774851167,1020.0,34.96872892391048,28.0
0.2965120775727919,0.9383948884389044,11.0,14.936098244808028,4.373152167559409,14.936098244808028,0.7647058823529411,1.1820294117647059,4.0,9.306511589103138,linex,1.158855662742612,RLKappaBandit,2.760103592739739,1020.0,9.306511589103138,28.0
0.055555555555555566,nan,11.0,812.7888486689303,7.648303827939018,812.7888486689303,,,8.0,11457.525376523245,linex,1.73676506180475,Mean,6.283970175540818,1020.0,11457.525376523245,28.0
nan,nan,11.0,812.7888486689303,7.648303827939018,812.7888486689303,,,8.0,24526.453524365348,linex,1.7020798698340707,Median,6.323214684565216,1020.0,24526.453524365348,28.0
0.26177412567211916,nan,11.0,812.7888486689303,7.648303827939018,812.7888486689303,,,8.0,362.8623721810402,linex,1.5470395667714907,OGDVanilla,4.968772430331825,1020.0,362.8623721810402,28.0
0.9482204922535767,nan,11.0,812.7888486689303,7.648303827939018,812.7888486689303,,,8.0,417.49589639522463,linex,1.817671969212355,MWUMVanilla,6.8448797353437465,1020.0,417.49589639522463,28.0
0.19561567028443835,1.0446949560260683,11.0,812.7888486689303,7.648303827939018,812.7888486689303,,,8.0,363.0045426386209,linex,1.5183193666579191,OGDBoth,4.815984182295568,1020.0,363.0045426386209,28.0
0.09308790208955357,3.4064096123758576,11.0,812.7888486689303,7.648303827939018,812.7888486689303,,,8.0,396.9783728309309,linex,1.506676149011489,OGDConcOnly,4.6883637334380435,1020.0,396.9783728309309,28.0
0.12068320277863204,2.4606365774316754,11.0,812.7888486689303,7.648303827939018,812.7888486689303,,,8.0,363.40496184314225,linex,1.4638545770916576,MWUMBothKL,4.509660805327948,1020.0,363.40496184314225,28.0
0.14048939801140797,0.6704773648974941,11.0,812.7888486689303,7.648303827939018,812.7888486689303,,,8.0,370.1013021128546,linex,1.3797647708984226,MWUMConcOnlyKL,4.022185715276045,1020.0,370.1013021128546,28.0
0.18697590355277954,nan,11.0,812.7888486689303,7.648303827939018,812.7888486689303,0.45294117647058824,5.0,8.0,11428.934610866265,linex,1.5325918569502877,RLRuleBandit,5.0674539849783145,1020.0,11428.934610866265,28.0
0.24287192528239035,1.5796080333446738,11.0,812.7888486689303,7.648303827939018,812.7888486689303,0.8049019607843138,2.180872549019608,8.0,363.532879886106,linex,1.3555337587994816,RLKappaBandit,3.8647550253661525,1020.0,363.532879886106,28.0
0.055555555555555566,nan,4.0,0.7707578615887174,0.9022406377364895,0.7707578615887174,,,1.0,1.1117095059131092,linex,0.643749841397228,Mean,0.8657918762608264,1020.0,1.1117095059131092,29.0
nan,nan,4.0,0.7707578615887174,0.9022406377364895,0.7707578615887174,,,1.0,1.1114213348515327,linex,0.6270988391552913,Median,0.8582441866767382,1020.0,1.1114213348515327,29.0
0.16978648840659238,nan,4.0,0.7707578615887174,0.9022406377364895,0.7707578615887174,,,1.0,0.9693505564532576,linex,0.6455321374436095,OGDVanilla,0.8558811508401307,1020.0,0.9693505564532576,29.0
0.06169590578770636,nan,4.0,0.7707578615887174,0.9022406377364895,0.7707578615887174,,,1.0,1.0121379184150154,linex,0.6244273244197047,MWUMVanilla,0.8294562192674365,1020.0,1.0121379184150154,29.0
0.16944225920884048,0.0017164312535429573,4.0,0.7707578615887174,0.9022406377364895,0.7707578615887174,,,1.0,0.9694892083842824,linex,0.6454762645121112,OGDBoth,0.8557519935944565,1020.0,0.9694892083842824,29.0
0.05906453647259489,5.45134993446026,4.0,0.7707578615887174,0.9022406377364895,0.7707578615887174,,,1.0,1.118816516951767,linex,0.635723288845362,OGDConcOnly,0.8654083819077657,1020.0,1.118816516951767,29.0
0.05830780253357456,5.176712509417531,4.0,0.7707578615887174,0.9022406377364895,0.7707578615887174,,,1.0,1.0613795950865306,linex,0.6299078927657529,MWUMBothKL,0.8412304838639987,1020.0,1.0613795950865306,29.0
0.05763745704066199,5.368372729254093,4.0,0.7707578615887174,0.9022406377364895,0.7707578615887174,,,1.0,1.0866096066846815,linex,0.6301231699757097,MWUMConcOnlyKL,0.8508214302227204,1020.0,1.0866096066846815,29.0
0.06782025928345019,nan,4.0,0.7707578615887174,0.9022406377364895,0.7707578615887174,0.36470588235294116,0.0,1.0,1.0807529608104707,linex,0.6420317204775202,RLRuleBandit,0.8775569468996238,1020.0,1.0807529608104707,29.0
0.24954224830789726,0.7816337920366226,4.0,0.7707578615887174,0.9022406377364895,0.7707578615887174,0.5176470588235295,1.034137254901961,1.0,1.2215782806159727,linex,0.6470894003795885,RLKappaBandit,0.9171591820525281,1020.0,1.2215782806159727,29.0
0.055555555555555566,nan,4.0,9.376961417545937,4.4197804008791985,9.376961417545937,,,4.0,18.468077504681865,linex,1.3779248312249959,Mean,3.665095670991624,1020.0,18.468077504681865,29.0
nan,nan,4.0,9.376961417545937,4.4197804008791985,9.376961417545937,,,4.0,19.198823367143405,linex,1.3833568498203919,Median,3.751053812351653,1020.0,19.198823367143405,29.0
0.27734833366742284,nan,4.0,9.376961417545937,4.4197804008791985,9.376961417545937,,,4.0,6.236268569419589,linex,1.1679996529950394,OGDVanilla,2.8796102819761256,1020.0,6.236268569419589,29.0
0.9786119773527481,nan,4.0,9.376961417545937,4.4197804008791985,9.376961417545937,,,4.0,16.24767026307662,linex,1.5869640310736632,MWUMVanilla,4.4932863857748995,1020.0,16.24767026307662,29.0
0.1328540496745778,3.4687599164592635,4.0,9.376961417545937,4.4197804008791985,9.376961417545937,,,4.0,5.952488022507384,linex,1.1821968564520056,OGDBoth,2.8637884297493326,1020.0,5.952488022507384,29.0
0.07480084537347993,5.380322072876825,4.0,9.376961417545937,4.4197804008791985,9.376961417545937,,,4.0,6.038203232209564,linex,1.2678610847546803,OGDConcOnly,3.101111758862883,1020.0,6.038203232209564,29.0
0.10554498469343698,2.360509521588506,4.0,9.376961417545937,4.4197804008791985,9.376961417545937,,,4.0,5.6991963563900985,linex,1.2239492272121946,MWUMBothKL,2.9908347777441735,1020.0,5.6991963563900985,29.0
0.10452396314224137,1.0907157624183013,4.0,9.376961417545937,4.4197804008791985,9.376961417545937,,,4.0,5.635057637344498,linex,1.2122996459060642,MWUMConcOnlyKL,2.913403650481155,1020.0,5.635057637344498,29.0
0.19067931335794916,nan,4.0,9.376961417545937,4.4197804008791985,9.376961417545937,0.592156862745098,0.0,4.0,16.03491079432566,linex,1.364201558763043,RLRuleBandit,3.6176364919332338,1020.0,16.03491079432566,29.0
0.39383309507535574,1.8903888942129956,4.0,9.376961417545937,4.4197804008791985,9.376961417545937,0.38823529411764707,2.861460784313726,4.0,6.315109662318051,linex,1.149603039357623,RLKappaBandit,2.748165158516873,1020.0,6.315109662318051,29.0
0.055555555555555566,nan,1.0,32.6606680089048,5.2307678961465776,32.6606680089048,,,8.0,35.57596545957843,linex,1.7521656804462677,Mean,5.926863946418042,1020.0,35.57596545957843,29.0
nan,nan,1.0,32.6606680089048,5.2307678961465776,32.6606680089048,,,8.0,30.339045329199347,linex,1.707252720908766,Median,5.710944076248599,1020.0,30.339045329199347,29.0
0.30453957481515626,nan,1.0,32.6606680089048,5.2307678961465776,32.6606680089048,,,8.0,13.407597661978794,linex,1.5910266254654126,OGDVanilla,5.277599873711717,1020.0,13.407597661978794,29.0
0.9851247211536261,nan,1.0,32.6606680089048,5.2307678961465776,32.6606680089048,,,8.0,41.76532154097473,linex,1.86573703164658,MWUMVanilla,7.127722731340414,1020.0,41.76532154097473,29.0
0.21496157090790408,1.0243720169183916,1.0,32.6606680089048,5.2307678961465776,32.6606680089048,,,8.0,13.418640179848333,linex,1.5819892543447576,OGDBoth,5.192403172200874,1020.0,13.418640179848333,29.0
0.09745843017025083,3.3401430905817437,1.0,32.6606680089048,5.2307678961465776,32.6606680089048,,,8.0,14.194944419420592,linex,1.530771133057016,OGDConcOnly,4.649265363137006,1020.0,14.194944419420592,29.0
0.12375717563213529,2.412768638005136,1.0,32.6606680089048,5.2307678961465776,32.6606680089048,,,8.0,13.354155430762006,linex,1.5021367095496245,MWUMBothKL,4.536825832037236,1020.0,13.354155430762006,29.0
0.13920585760041018,0.6574342624095841,1.0,32.6606680089048,5.2307678961465776,32.6606680089048,,,8.0,13.905238371744877,linex,1.4216581851675478,MWUMConcOnlyKL,4.043642007774782,1020.0,13.905238371744877,29.0
0.10025406734085497,nan,1.0,32.6606680089048,5.2307678961465776,32.6606680089048,0.8598039215686275,4.0,8.0,20.544024442250294,linex,1.5756405591855676,RLRuleBandit,4.9533488746805165,1020.0,20.544024442250294,29.0
0.1697323693735994,4.185906726219917,1.0,32.6606680089048,5.2307678961465776,32.6606680089048,0.8529411764705882,6.216274509803921,8.0,13.77877774066478,linex,1.4755291268267174,RLKappaBandit,4.220268166017161,1020.0,13.77877774066478,29.0
0.055555555555555566,nan,5.0,0.6264904096652444,0.9898696634501529,0.6264904096652444,,,1.0,0.7018725113638857,linex,0.641968419687986,Mean,0.8498119066198003,1020.0,0.7018725113638857,30.0
nan,nan,5.0,0.6264904096652444,0.9898696634501529,0.6264904096652444,,,1.0,0.7216697024588291,linex,0.6262867834108883,Median,0.8358004908300278,1020.0,0.7216697024588291,30.0
0.15588976065132792,nan,5.0,0.6264904096652444,0.9898696634501529,0.6264904096652444,,,1.0,0.7142383962087651,linex,0.6865265983669061,OGDVanilla,0.9271165673518879,1020.0,0.7142383962087651,30.0
0.0586250080012229,nan,5.0,0.6264904096652444,0.9898696634501529,0.6264904096652444,,,1.0,0.708317411319975,linex,0.6334563808640888,MWUMVanilla,0.8395162437520651,1020.0,0.708317411319975,30.0
0.15526354771785925,0.0016923563764989608,5.0,0.6264904096652444,0.9898696634501529,0.6264904096652444,,,1.0,0.7141385784466336,linex,0.6863666482040891,OGDBoth,0.9268108606329398,1020.0,0.7141385784466336,30.0
0.05831679564568164,5.374844067466178,5.0,0.6264904096652444,0.9898696634501529,0.6264904096652444,,,1.0,0.8105098133191895,linex,0.6429941920027058,OGDConcOnly,0.868161420032987,1020.0,0.8105098133191895,30.0
0.05618527077896971,5.104060986470128,5.0,0.6264904096652444,0.9898696634501529,0.6264904096652444,,,1.0,0.70401774641409,linex,0.6363659061778134,MWUMBothKL,0.8426276147621551,1020.0,0.70401774641409,30.0
0.05686007175895098,5.2930313892608245,5.0,0.6264904096652444,0.9898696634501529,0.6264904096652444,,,1.0,0.7466265394274894,linex,0.6413056803621582,MWUMConcOnlyKL,0.8608691578398405,1020.0,0.7466265394274894,30.0
0.05800064083139187,nan,5.0,0.6264904096652444,0.9898696634501529,0.6264904096652444,0.33431372549019606,5.0,1.0,0.7114067942858583,linex,0.6419314528565606,RLRuleBandit,0.8539394979560674,1020.0,0.7114067942858583,30.0
0.17192413727231878,0.5446046413823472,5.0,0.6264904096652444,0.9898696634501529,0.6264904096652444,0.6656862745098039,0.7608431372549019,1.0,1.0332774920635186,linex,0.6648411930785288,RLKappaBandit,0.9590346480043679,1020.0,1.0332774920635186,30.0
0.055555555555555566,nan,0.0,3.2279285030505123,3.2097932392126394,3.2279285030505123,,,4.0,3.672752319084342,linex,1.3262521219830639,Mean,3.211829746167337,1020.0,3.672752319084342,30.0
nan,nan,0.0,3.2279285030505123,3.2097932392126394,3.2279285030505123,,,4.0,3.558886698795353,linex,1.3004255990687805,Median,3.1744594501440684,1020.0,3.558886698795353,30.0
0.2964968367314021,nan,0.0,3.2279285030505123,3.2097932392126394,3.2279285030505123,,,4.0,2.207850892742185,linex,1.1535682594246277,OGDVanilla,2.674194679752311,1020.0,2.207850892742185,30.0
0.9700524275022692,nan,0.0,3.2279285030505123,3.2097932392126394,3.2279285030505123,,,4.0,3.3806718124394863,linex,1.319376922355323,MWUMVanilla,3.261324856236687,1020.0,3.3806718124394863,30.0
0.11666137673767504,3.4200783127887315,0.0,3.2279285030505123,3.2097932392126394,3.2279285030505123,,,4.0,2.3174104225211414,linex,1.173283421538032,OGDBoth,2.7113887743881295,1020.0,2.3174104225211414,30.0
0.0664022549980988,5.304813032208942,0.0,3.2279285030505123,3.2097932392126394,3.2279285030505123,,,4.0,2.5993915893250303,linex,1.2428361880921104,OGDConcOnly,2.849771934807028,1020.0,2.5993915893250303,30.0
0.09469898028248047,2.3273814365654677,0.0,3.2279285030505123,3.2097932392126394,3.2279285030505123,,,4.0,2.3123863135413574,linex,1.2086818467344336,MWUMBothKL,2.7386011529306886,1020.0,2.3123863135413574,30.0
0.09670030871837194,1.075408344099404,0.0,3.2279285030505123,3.2097932392126394,3.2279285030505123,,,4.0,2.294813058851869,linex,1.1971213388798252,MWUMConcOnlyKL,2.6857882093275167,1020.0,2.294813058851869,30.0
0.1963164261921362,nan,0.0,3.2279285030505123,3.2097932392126394,3.2279285030505123,0.32941176470588235,1.0,4.0,3.121318209779131,linex,1.2659643044228437,RLRuleBandit,3.0080220751822933,1020.0,3.121318209779131,30.0
0.29237525090396294,0.8445281583418618,0.0,3.2279285030505123,3.2097932392126394,3.2279285030505123,0.7607843137254902,1.3348529411764705,4.0,2.242537989487267,linex,1.1118823802409161,RLKappaBandit,2.377020901752157,1020.0,2.242537989487267,30.0
0.055555555555555566,nan,0.0,8.006230723085801,4.4025829780321475,8.006230723085801,,,8.0,8.184653709915155,linex,1.6515590088864665,Mean,4.724642998948539,1020.0,8.184653709915155,30.0
nan,nan,0.0,8.006230723085801,4.4025829780321475,8.006230723085801,,,8.0,8.102177284886091,linex,1.5799573916556198,Median,4.543450816941365,1020.0,8.102177284886091,30.0
0.21582587071565698,nan,0.0,8.006230723085801,4.4025829780321475,8.006230723085801,,,8.0,3.831471020101147,linex,1.5195090107635616,OGDVanilla,4.276465644115962,1020.0,3.831471020101147,30.0
0.9220574919043999,nan,0.0,8.006230723085801,4.4025829780321475,8.006230723085801,,,8.0,8.119496126798728,linex,1.5374590561346462,MWUMVanilla,4.403302439728162,1020.0,8.119496126798728,30.0
0.17629172186361294,1.0099956866347914,0.0,8.006230723085801,4.4025829780321475,8.006230723085801,,,8.0,3.7307940939892874,linex,1.4974502725737664,OGDBoth,4.175481591578937,1020.0,3.7307940939892874,30.0
0.08629058017925435,3.2932665340457996,0.0,8.006230723085801,4.4025829780321475,8.006230723085801,,,8.0,4.30372397549541,linex,1.4543353689602243,OGDConcOnly,3.755240427851646,1020.0,4.30372397549541,30.0
0.11801640649836546,2.3789071328584064,0.0,8.006230723085801,4.4025829780321475,8.006230723085801,,,8.0,4.044322276595197,linex,1.4095814935988458,MWUMBothKL,3.6368768096496042,1020.0,4.044322276595197,30.0
0.13745149938778609,0.6482076466973808,0.0,8.006230723085801,4.4025829780321475,8.006230723085801,,,8.0,3.7784206109821974,linex,1.3430952423647544,MWUMConcOnlyKL,3.3269879447886357,1020.0,3.7784206109821974,30.0
0.1676220467545367,nan,0.0,8.006230723085801,4.4025829780321475,8.006230723085801,0.5323529411764706,3.0,8.0,8.452217816284762,linex,1.5554319211304681,RLRuleBandit,4.405546094684208,1020.0,8.452217816284762,30.0
0.37331836219112297,2.2895089035710052,0.0,8.006230723085801,4.4025829780321475,8.006230723085801,0.5372549019607843,3.261039215686275,8.0,3.923965632259232,linex,1.3502635108706962,RLKappaBandit,3.4600107016251513,1020.0,3.923965632259232,30.0
0.055555555555555566,nan,11.0,1.097463598216722,1.1035131484312743,1.097463598216722,,,1.0,1.4442086461645949,linex,0.6882354053392176,Mean,1.0464203600533353,1020.0,1.4442086461645949,31.0
nan,nan,11.0,1.097463598216722,1.1035131484312743,1.097463598216722,,,1.0,1.4574214952995466,linex,0.670149688569776,Median,1.0333454268239814,1020.0,1.4574214952995466,31.0
0.16052383915665142,nan,11.0,1.097463598216722,1.1035131484312743,1.097463598216722,,,1.0,1.3111333867776598,linex,0.7165741439207961,OGDVanilla,1.1083928986645115,1020.0,1.3111333867776598,31.0
0.06280112372250433,nan,11.0,1.097463598216722,1.1035131484312743,1.097463598216722,,,1.0,1.4193682293853265,linex,0.6828453290675685,MWUMVanilla,1.0347997372893536,1020.0,1.4193682293853265,31.0
0.1604140485398598,0.001706130576115288,11.0,1.097463598216722,1.1035131484312743,1.097463598216722,,,1.0,1.311301401120614,linex,0.7166262381533868,OGDBoth,1.1085337597320462,1020.0,1.311301401120614,31.0
0.05863865869015363,5.418616132506047,11.0,1.097463598216722,1.1035131484312743,1.097463598216722,,,1.0,1.3757477828398919,linex,0.6795652689824586,OGDConcOnly,1.039933152528524,1020.0,1.3757477828398919,31.0
0.058943524370911,5.145627827192883,11.0,1.097463598216722,1.1035131484312743,1.097463598216722,,,1.0,1.4515768120815236,linex,0.6813258708440326,MWUMBothKL,1.0370950540518509,1020.0,1.4515768120815236,31.0
0.057768388541054906,5.336137181848356,11.0,1.097463598216722,1.1035131484312743,1.097463598216722,,,1.0,1.3829086010414424,linex,0.6814998541743477,MWUMConcOnlyKL,1.0557479143318005,1020.0,1.3829086010414424,31.0
0.1549680497458273,nan,11.0,1.097463598216722,1.1035131484312743,1.097463598216722,0.27058823529411763,5.0,1.0,1.5688375926920215,linex,0.687266350314285,RLRuleBandit,1.0498276665014907,1020.0,1.5688375926920215,31.0
0.22616658429042089,0.7284898563509734,11.0,1.097463598216722,1.1035131484312743,1.097463598216722,0.4264705882352941,1.0911176470588235,1.0,1.5314271077749446,linex,0.6856928085034807,RLKappaBandit,1.111773805658014,1020.0,1.5314271077749446,31.0
0.055555555555555566,nan,11.0,11.915344049846798,4.691106200899581,11.915344049846798,,,4.0,16.260964181003136,linex,1.3567828636470567,Mean,3.8628312776342284,1020.0,16.260964181003136,31.0
nan,nan,11.0,11.915344049846798,4.691106200899581,11.915344049846798,,,4.0,18.863883194890317,linex,1.3203267661247617,Median,3.8732864189581715,1020.0,18.863883194890317,31.0
0.28135701415022935,nan,11.0,11.915344049846798,4.691106200899581,11.915344049846798,,,4.0,7.956251836494543,linex,1.195667829522988,OGDVanilla,3.0800709909263833,1020.0,7.956251836494543,31.0
0.9577584828296599,nan,11.0,11.915344049846798,4.691106200899581,11.915344049846798,,,4.0,11.140855078570869,linex,1.4484087557735459,MWUMVanilla,4.5055750965550185,1020.0,11.140855078570869,31.0
0.13556812989041003,3.4479310044297073,11.0,11.915344049846798,4.691106200899581,11.915344049846798,,,4.0,7.7650118815824,linex,1.1921268073963718,OGDBoth,3.0576629844238594,1020.0,7.7650118815824,31.0
0.07452197431944756,5.348014773056717,11.0,11.915344049846798,4.691106200899581,11.915344049846798,,,4.0,8.571487352060501,linex,1.2532220453498437,OGDConcOnly,3.226076492826848,1020.0,8.571487352060501,31.0
0.11208773678378296,2.3463353383935055,11.0,11.915344049846798,4.691106200899581,11.915344049846798,,,4.0,8.135073499757926,linex,1.2364081353960412,MWUMBothKL,3.259455527855618,1020.0,8.135073499757926,31.0
0.11001987668688915,1.0841663300758138,11.0,11.915344049846798,4.691106200899581,11.915344049846798,,,4.0,8.266040574562584,linex,1.2074022824617527,MWUMConcOnlyKL,3.0385592710714824,1020.0,8.266040574562584,31.0
0.2364000793948296,nan,11.0,11.915344049846798,4.691106200899581,11.915344049846798,0.45588235294117646,5.0,4.0,14.610622752171956,linex,1.3268817772432953,RLRuleBandit,3.8142691016979438,1020.0,14.610622752171956,31.0
0.37762062224042203,1.1085683944044649,11.0,11.915344049846798,4.691106200899581,11.915344049846798,0.3872549019607843,1.7827745098039216,4.0,8.990879306750108,linex,1.1355308004061817,RLKappaBandit,2.8089194003627886,1020.0,8.990879306750108,31.0
0.055555555555555566,nan,17.0,48.71868215738383,6.450646461289794,48.71868215738383,,,8.0,82.39530317201773,linex,1.6876037849406096,Mean,5.75035215192366,1020.0,82.39530317201773,31.0
nan,nan,17.0,48.71868215738383,6.450646461289794,48.71868215738383,,,8.0,71.1982018320583,linex,1.619827373214983,Median,5.5901495666602585,1020.0,71.1982018320583,31.0
0.2473945011607587,nan,17.0,48.71868215738383,6.450646461289794,48.71868215738383,,,8.0,89.67953117533187,linex,1.5064921966442542,OGDVanilla,5.140481317441878,1020.0,89.67953117533187,31.0
0.9405015053825229,nan,17.0,48.71868215738383,6.450646461289794,48.71868215738383,,,8.0,237.33104602318303,linex,1.7628631792126987,MWUMVanilla,6.521791615964991,1020.0,237.33104602318303,31.0
0.19713565897676277,1.0182209599234013,17.0,48.71868215738383,6.450646461289794,48.71868215738383,,,8.0,87.46381246533497,linex,1.4891432088612886,OGDBoth,5.023284296478712,1020.0,87.46381246533497,31.0
0.09489684814849843,3.3200864860593517,17.0,48.71868215738383,6.450646461289794,48.71868215738383,,,8.0,50.34766434874735,linex,1.4872756780491878,OGDConcOnly,4.598782756025924,1020.0,50.34766434874735,31.0
0.12578437701369086,2.3982806536596954,17.0,48.71868215738383,6.450646461289794,48.71868215738383,,,8.0,49.42358990224313,linex,1.4231942050138822,MWUMBothKL,4.4394464322939555,1020.0,49.42358990224313,31.0
0.14409154256164416,0.6534865624056841,17.0,48.71868215738383,6.450646461289794,48.71868215738383,,,8.0,49.038228527044545,linex,1.3414682076260664,MWUMConcOnlyKL,3.993797344800642,1020.0,49.038228527044545,31.0
0.1519342718822779,nan,17.0,48.71868215738383,6.450646461289794,48.71868215738383,0.5,4.0,8.0,79.62877951721877,linex,1.584034395742636,RLRuleBandit,5.424882067258181,1020.0,79.62877951721877,31.0
0.33454350266722205,0.6004816365325983,17.0,48.71868215738383,6.450646461289794,48.71868215738383,0.6549019607843137,0.8375980392156863,8.0,49.483516897756815,linex,1.2799343249745418,RLKappaBandit,3.7103120307284003,1020.0,49.483516897756815,31.0
0.055555555555555566,nan,6.0,0.7375206257516465,1.0110691994656629,0.7375206257516465,,,1.0,0.8496735491911104,linex,0.6506060923085548,Mean,0.961422169703882,1020.0,0.8496735491911104,32.0
nan,nan,6.0,0.7375206257516465,1.0110691994656629,0.7375206257516465,,,1.0,0.8407051517076088,linex,0.6257335607559729,Median,0.9384330291387902,1020.0,0.8407051517076088,32.0
0.14009032475394417,nan,6.0,0.7375206257516465,1.0110691994656629,0.7375206257516465,,,1.0,0.9114227755704816,linex,0.6442867446650629,OGDVanilla,0.9689146047236085,1020.0,0.9114227755704816,32.0
0.06089168835033956,nan,6.0,0.7375206257516465,1.0110691994656629,0.7375206257516465,,,1.0,0.861820342777547,linex,0.6308797148458131,MWUMVanilla,0.9373733151530773,1020.0,0.861820342777547,32.0
0.13976214266222492,0.0016276898554888617,6.0,0.7375206257516465,1.0110691994656629,0.7375206257516465,,,1.0,0.911170390803483,linex,0.6443138820626013,OGDBoth,0.9689413866393626,1020.0,0.911170390803483,32.0
0.059112496699179846,5.169344855722435,6.0,0.7375206257516465,1.0110691994656629,0.7375206257516465,,,1.0,1.0242865659930676,linex,0.6432553431869028,OGDConcOnly,0.979042066255706,1020.0,1.0242865659930676,32.0
0.05707330375578606,4.90891476717654,6.0,0.7375206257516465,1.0110691994656629,0.7375206257516465,,,1.0,0.8567954639895661,linex,0.6373636673992686,MWUMBothKL,0.9451014230363443,1020.0,0.8567954639895661,32.0
0.057570047591082044,5.090660164822165,6.0,0.7375206257516465,1.0110691994656629,0.7375206257516465,,,1.0,0.9917019344573981,linex,0.6426069331893074,MWUMConcOnlyKL,0.9780982012133469,1020.0,0.9917019344573981,32.0
0.07053277803417757,nan,6.0,0.7375206257516465,1.0110691994656629,0.7375206257516465,0.27156862745098037,3.0,1.0,0.8500636247236912,linex,0.6398589221198625,RLRuleBandit,0.9516702352268649,1020.0,0.8500636247236912,32.0
0.19249641722544109,1.000095964281244,6.0,0.7375206257516465,1.0110691994656629,0.7375206257516465,0.43529411764705883,1.360470588235294,1.0,1.0475667756547329,linex,0.653266735897062,RLKappaBandit,1.033893492457631,1020.0,1.0475667756547329,32.0
0.055555555555555566,nan,6.0,10.890034369387369,3.8562148505468135,10.890034369387369,,,4.0,11.792188443016235,linex,1.3709173362369487,Mean,3.775343686312282,1020.0,11.792188443016235,32.0
nan,nan,6.0,10.890034369387369,3.8562148505468135,10.890034369387369,,,4.0,11.867999169878813,linex,1.3273878754570019,Median,3.7432476892449955,1020.0,11.867999169878813,32.0
0.2815779191359599,nan,6.0,10.890034369387369,3.8562148505468135,10.890034369387369,,,4.0,4.9983800715846884,linex,1.1891593636708093,OGDVanilla,3.16085650854135,1020.0,4.9983800715846884,32.0
0.9552765843055028,nan,6.0,10.890034369387369,3.8562148505468135,10.890034369387369,,,4.0,8.7854738666118,linex,1.3805126304638557,MWUMVanilla,3.957160395447277,1020.0,8.7854738666118,32.0
0.1287742886830937,3.28931669183371,6.0,10.890034369387369,3.8562148505468135,10.890034369387369,,,4.0,5.113971832291447,linex,1.1969402903118724,OGDBoth,3.119212495619421,1020.0,5.113971832291447,32.0
0.0730493295645199,5.10199135399731,6.0,10.890034369387369,3.8562148505468135,10.890034369387369,,,4.0,5.637299678018878,linex,1.2655601715395872,OGDConcOnly,3.254122875099164,1020.0,5.637299678018878,32.0
0.1065241489841361,2.2383974719848094,6.0,10.890034369387369,3.8562148505468135,10.890034369387369,,,4.0,5.227424920431542,linex,1.2219694543160258,MWUMBothKL,3.1602232986446634,1020.0,5.227424920431542,32.0
0.10869787782035757,1.034291727531836,6.0,10.890034369387369,3.8562148505468135,10.890034369387369,,,4.0,5.151515480909285,linex,1.2051182342297722,MWUMConcOnlyKL,3.0599160346275887,1020.0,5.151515480909285,32.0
0.1440185151536442,nan,6.0,10.890034369387369,3.8562148505468135,10.890034369387369,0.5078431372549019,5.0,4.0,8.61479433695531,linex,1.2700008899494897,RLRuleBandit,3.4147055834697815,1020.0,8.61479433695531,32.0
0.3847855575971671,1.127771393017587,6.0,10.890034369387369,3.8562148505468135,10.890034369387369,0.37450980392156863,1.6206372549019608,4.0,5.488089076568365,linex,1.1459624231565546,RLKappaBandit,2.8455236058032845,1020.0,5.488089076568365,32.0
0.055555555555555566,nan,15.0,23.28421618425674,6.5475345289841504,23.28421618425674,,,8.0,44.06154261468706,linex,1.7360786318894441,Mean,6.001843143015821,1020.0,44.06154261468706,32.0
nan,nan,15.0,23.28421618425674,6.5475345289841504,23.28421618425674,,,8.0,45.58067824619952,linex,1.6380673605395124,Median,5.693514316384822,1020.0,45.58067824619952,32.0
0.29220573096595326,nan,15.0,23.28421618425674,6.5475345289841504,23.28421618425674,,,8.0,10.64393881066837,linex,1.6008955871338524,OGDVanilla,5.450638588986163,1020.0,10.64393881066837,32.0
0.9264650612395074,nan,15.0,23.28421618425674,6.5475345289841504,23.28421618425674,,,8.0,26.720862426669445,linex,1.7310536207086495,MWUMVanilla,6.331774574535694,1020.0,26.720862426669445,32.0
0.2173944330246502,0.9713800267236897,15.0,23.28421618425674,6.5475345289841504,23.28421618425674,,,8.0,10.36119291568115,linex,1.5753560093370416,OGDBoth,5.288655277883364,1020.0,10.36119291568115,32.0
0.0979138338993149,3.167353374756428,15.0,23.28421618425674,6.5475345289841504,23.28421618425674,,,8.0,10.387830629683837,linex,1.5111662769896137,OGDConcOnly,4.770051571522218,1020.0,10.387830629683837,32.0
0.13533242238116777,2.2879531591370457,15.0,23.28421618425674,6.5475345289841504,23.28421618425674,,,8.0,11.268738871609761,linex,1.4596842619554709,MWUMBothKL,4.4848600639208245,1020.0,11.268738871609761,32.0
0.15180224030058453,0.6234244198624134,15.0,23.28421618425674,6.5475345289841504,23.28421618425674,,,8.0,11.464097697094536,linex,1.3918648538197538,MWUMConcOnlyKL,4.156325505224569,1020.0,11.464097697094536,32.0
0.2674170832939669,nan,15.0,23.28421618425674,6.5475345289841504,23.28421618425674,0.34411764705882353,6.0,8.0,31.255673979373118,linex,1.6279039999942746,RLRuleBandit,5.408681313066999,1020.0,31.255673979373118,32.0
0.3606718641248596,0.6860096296453784,15.0,23.28421618425674,6.5475345289841504,23.28421618425674,0.5392156862745098,0.8906372549019609,8.0,9.474056398889262,linex,1.31005622164485,RLKappaBandit,3.978940341852337,1020.0,9.474056398889262,32.0
0.055555555555555566,nan,12.0,0.670359876919023,1.061578104104741,0.670359876919023,,,1.0,0.7735317804972796,linex,0.6958487840075503,Mean,0.9810934418319361,1020.0,0.7735317804972796,33.0
nan,nan,12.0,0.670359876919023,1.061578104104741,0.670359876919023,,,1.0,0.7774571732845734,linex,0.6824952424499928,Median,0.9710746424077157,1020.0,0.7774571732845734,33.0
0.14994741765702566,nan,12.0,0.670359876919023,1.061578104104741,0.670359876919023,,,1.0,0.7340528162404312,linex,0.7280414692473355,OGDVanilla,1.0445008974264884,1020.0,0.7340528162404312,33.0
0.0588700216916577,nan,12.0,0.670359876919023,1.061578104104741,0.670359876919023,,,1.0,0.7571804951898564,linex,0.6863024664542052,MWUMVanilla,0.9642611372308741,1020.0,0.7571804951898564,33.0
0.14942165803727567,0.001676010628518342,12.0,0.670359876919023,1.061578104104741,0.670359876919023,,,1.0,0.7338816372320912,linex,0.7279324087802063,OGDBoth,1.0442621046750191,1020.0,0.7338816372320912,33.0
0.05819516667278298,5.3229000588368205,12.0,0.670359876919023,1.061578104104741,0.670359876919023,,,1.0,0.7863193472656527,linex,0.6956961395366906,OGDConcOnly,0.9954130911344444,1020.0,0.7863193472656527,33.0
0.056805167773731007,5.0547339023759426,12.0,0.670359876919023,1.061578104104741,0.670359876919023,,,1.0,0.7663715208006191,linex,0.6885546827955397,MWUMBothKL,0.9698329116570583,1020.0,0.7663715208006191,33.0
0.056835017250322924,5.241878041569722,12.0,0.670359876919023,1.061578104104741,0.670359876919023,,,1.0,0.7755801647294612,linex,0.6948370617479082,MWUMConcOnlyKL,0.9906505053478546,1020.0,0.7755801647294612,33.0
0.057706583895569916,nan,12.0,0.670359876919023,1.061578104104741,0.670359876919023,0.48333333333333334,2.0,1.0,0.7689115229811948,linex,0.6933348524083204,RLRuleBandit,0.980429838532779,1020.0,0.7689115229811948,33.0
0.22565730590013977,1.4268440488340437,12.0,0.670359876919023,1.061578104104741,0.670359876919023,0.5186274509803922,2.4110882352941174,1.0,1.0414897668581635,linex,0.721483215885492,RLKappaBandit,1.1180967006391598,1020.0,1.0414897668581635,33.0
0.055555555555555566,nan,3.0,7.058813670164767,3.478295830020647,7.058813670164767,,,4.0,7.552821371962528,linex,1.316736597488998,Mean,3.3848773636998852,1020.0,7.552821371962528,33.0
nan,nan,3.0,7.058813670164767,3.478295830020647,7.058813670164767,,,4.0,7.295308007461346,linex,1.282669562314816,Median,3.3237375813648953,1020.0,7.295308007461346,33.0
0.2593132439387347,nan,3.0,7.058813670164767,3.478295830020647,7.058813670164767,,,4.0,4.348028771089793,linex,1.1896406880168213,OGDVanilla,2.918952842062015,1020.0,4.348028771089793,33.0
0.9900826296279208,nan,3.0,7.058813670164767,3.478295830020647,7.058813670164767,,,4.0,8.829903884778483,linex,1.5328993803714794,MWUMVanilla,4.238088755079507,1020.0,8.829903884778483,33.0
0.12191023780778425,3.3870257151186913,3.0,7.058813670164767,3.478295830020647,7.058813670164767,,,4.0,4.2719148774983,linex,1.1787119370585974,OGDBoth,2.85451963452816,1020.0,4.2719148774983,33.0
0.06974586701397117,5.253545823377098,3.0,7.058813670164767,3.478295830020647,7.058813670164767,,,4.0,4.321543333036424,linex,1.2254045291580808,OGDConcOnly,2.92526009357846,1020.0,4.321543333036424,33.0
0.0984902621672651,2.304888971583091,3.0,7.058813670164767,3.478295830020647,7.058813670164767,,,4.0,4.14514716982138,linex,1.1878874029474917,MWUMBothKL,2.805602011359881,1020.0,4.14514716982138,33.0
0.09969669478443212,1.0650153023564557,3.0,7.058813670164767,3.478295830020647,7.058813670164767,,,4.0,4.102617995877187,linex,1.1741133762323892,MWUMConcOnlyKL,2.741422041622046,1020.0,4.102617995877187,33.0
0.07239897411934743,nan,3.0,7.058813670164767,3.478295830020647,7.058813670164767,0.5147058823529411,6.0,4.0,6.386691867390198,linex,1.2514861421048418,RLRuleBandit,3.1079198281979354,1020.0,6.386691867390198,33.0
0.28111592730499074,1.6816180280100448,3.0,7.058813670164767,3.478295830020647,7.058813670164767,0.4598039215686274,2.2495980392156865,4.0,4.008721767685113,linex,1.1311368410317675,RLKappaBandit,2.6063482108392226,1020.0,4.008721767685113,33.0
0.055555555555555566,nan,3.0,10.898020085098628,4.307362010175592,10.898020085098628,,,8.0,12.094393445661925,linex,1.5606824492790772,Mean,4.622775573622857,1020.0,12.094393445661925,33.0
nan,nan,3.0,10.898020085098628,4.307362010175592,10.898020085098628,,,8.0,11.41659697298401,linex,1.4823649477642844,Median,4.361438048936779,1020.0,11.41659697298401,33.0
0.24073232357510566,nan,3.0,10.898020085098628,4.307362010175592,10.898020085098628,,,8.0,5.5120031588359995,linex,1.4260894220031284,OGDVanilla,4.095182316261525,1020.0,5.5120031588359995,33.0
0.9264945101842368,nan,3.0,10.898020085098628,4.307362010175592,10.898020085098628,,,8.0,13.023117129015573,linex,1.6149253525817049,MWUMVanilla,5.020828398897949,1020.0,13.023117129015573,33.0
0.18349153427572293,1.0002348113758055,3.0,10.898020085098628,4.307362010175592,10.898020085098628,,,8.0,5.511229776625146,linex,1.4066236500514715,OGDBoth,4.012129793162115,1020.0,5.511229776625146,33.0
0.08538311795769553,3.2614394813910548,3.0,10.898020085098628,4.307362010175592,10.898020085098628,,,8.0,5.903076634235464,linex,1.389615807196385,OGDConcOnly,3.734639304245586,1020.0,5.903076634235464,33.0
0.11078126375940188,2.3559167089255486,3.0,10.898020085098628,4.307362010175592,10.898020085098628,,,8.0,5.180134262530016,linex,1.3536464837480162,MWUMBothKL,3.5808137837387526,1020.0,5.180134262530016,33.0
0.12854434554606084,0.6419431937213559,3.0,10.898020085098628,4.307362010175592,10.898020085098628,,,8.0,4.711605845408831,linex,1.2912546668498972,MWUMConcOnlyKL,3.3104795410093604,1020.0,4.711605845408831,33.0
0.2093223364515321,nan,3.0,10.898020085098628,4.307362010175592,10.898020085098628,0.296078431372549,6.0,8.0,9.238838208588467,linex,1.4720246767113412,RLRuleBandit,4.190559476674329,1020.0,9.238838208588467,33.0
0.3190529278639941,0.9906080697425528,3.0,10.898020085098628,4.307362010175592,10.898020085098628,0.5519607843137255,1.7420882352941178,8.0,5.082682037427136,linex,1.2170610407342415,RLKappaBandit,3.050230551245975,1020.0,5.082682037427136,33.0
0.055555555555555566,nan,2.0,0.7005433964887011,1.2078313723602674,0.7005433964887011,,,1.0,0.7681521265687107,linex,0.6970028270696816,Mean,1.0573022084502046,1020.0,0.7681521265687107,34.0
nan,nan,2.0,0.7005433964887011,1.2078313723602674,0.7005433964887011,,,1.0,0.8235171285162796,linex,0.6803780873828946,Median,1.0526601142374274,1020.0,0.8235171285162796,34.0
0.15800283947198343,nan,2.0,0.7005433964887011,1.2078313723602674,0.7005433964887011,,,1.0,0.855102492489984,linex,0.7495162381698911,OGDVanilla,1.1781184315572697,1020.0,0.855102492489984,34.0
0.05859873628523168,nan,2.0,0.7005433964887011,1.2078313723602674,0.7005433964887011,,,1.0,0.7930943444086064,linex,0.6869329626438927,MWUMVanilla,1.0456849531848111,1020.0,0.7930943444086064,34.0
0.1576431074972047,0.0016795459125653503,2.0,0.7005433964887011,1.2078313723602674,0.7005433964887011,,,1.0,0.8549716172391182,linex,0.7494644231138891,OGDBoth,1.177937834613262,1020.0,0.8549716172391182,34.0
0.05980150284938667,5.334134590610024,2.0,0.7005433964887011,1.2078313723602674,0.7005433964887011,,,1.0,0.7855306582844489,linex,0.6950041337982444,OGDConcOnly,1.0635124526537123,1020.0,0.7855306582844489,34.0
0.056339311145253444,5.065402441600357,2.0,0.7005433964887011,1.2078313723602674,0.7005433964887011,,,1.0,0.7825786484034621,linex,0.6904257181963411,MWUMBothKL,1.0509924341897476,1020.0,0.7825786484034621,34.0
0.05733759372301516,5.252941567953332,2.0,0.7005433964887011,1.2078313723602674,0.7005433964887011,,,1.0,0.7678885966019641,linex,0.6919141052819274,MWUMConcOnlyKL,1.0609948933111935,1020.0,0.7678885966019641,34.0
0.05715454704769594,nan,2.0,0.7005433964887011,1.2078313723602674,0.7005433964887011,0.2931372549019608,6.0,1.0,0.7890397894520006,linex,0.6943657724300711,RLRuleBandit,1.0640336208555459,1020.0,0.7890397894520006,34.0
0.3055589997052318,1.6320216618141101,2.0,0.7005433964887011,1.2078313723602674,0.7005433964887011,0.4215686274509804,2.144372549019608,1.0,0.8783297505915529,linex,0.7006483628246601,RLKappaBandit,1.1312540047330355,1020.0,0.8783297505915529,34.0
0.055555555555555566,nan,2.0,3.7296445175401,3.8634769454336984,3.7296445175401,,,4.0,4.936584070995254,linex,1.370575060217893,Mean,3.7306979924017103,1020.0,4.936584070995254,34.0
nan,nan,2.0,3.7296445175401,3.8634769454336984,3.7296445175401,,,4.0,4.391472202496225,linex,1.3289234750578707,Median,3.6436257806591104,1020.0,4.391472202496225,34.0
0.32069051370665314,nan,2.0,3.7296445175401,3.8634769454336984,3.7296445175401,,,4.0,3.0527126319792512,linex,1.1989743177389074,OGDVanilla,3.1394772702620193,1020.0,3.0527126319792512,34.0
0.9893574331737477,nan,2.0,3.7296445175401,3.8634769454336984,3.7296445175401,,,4.0,4.0312568990004705,linex,1.4117126666732764,MWUMVanilla,4.165162403771073,1020.0,4.0312568990004705,34.0
0.12555707676572483,3.394174382857459,2.0,3.7296445175401,3.8634769454336984,3.7296445175401,,,4.0,3.092781480648283,linex,1.2183313584054642,OGDBoth,3.144790439232998,1020.0,3.092781480648283,34.0
0.06867852467317612,5.264633975827067,2.0,3.7296445175401,3.8634769454336984,3.7296445175401,,,4.0,3.3642349667622136,linex,1.2805783955749068,OGDConcOnly,3.289580435011327,1020.0,3.3642349667622136,34.0
0.09751736309399286,2.309753677237698,2.0,3.7296445175401,3.8634769454336984,3.7296445175401,,,4.0,3.0887886967874514,linex,1.2354454340960812,MWUMBothKL,3.1663782836624397,1020.0,3.0887886967874514,34.0
0.0962778946404106,1.0672631257486493,2.0,3.7296445175401,3.8634769454336984,3.7296445175401,,,4.0,3.037249715742716,linex,1.219883487632561,MWUMConcOnlyKL,3.0582917692674965,1020.0,3.037249715742716,34.0
0.35483734132592487,nan,2.0,3.7296445175401,3.8634769454336984,3.7296445175401,0.3813725490196078,5.0,4.0,3.641784076189418,linex,1.3408570458399736,RLRuleBandit,3.641265545213056,1020.0,3.641784076189418,34.0
0.3843058397161372,0.41092074033405196,2.0,3.7296445175401,3.8634769454336984,3.7296445175401,0.2872549019607843,0.629235294117647,4.0,3.1063285595603887,linex,1.1248769543009567,RLKappaBandit,2.717640637484117,1020.0,3.1063285595603887,34.0
0.055555555555555566,nan,2.0,8.580715764537405,5.053081669275961,8.580715764537405,,,8.0,15.062466798213775,linex,1.6120947625397308,Mean,5.307963504352549,1020.0,15.062466798213775,34.0
nan,nan,2.0,8.580715764537405,5.053081669275961,8.580715764537405,,,8.0,10.884412000883811,linex,1.5115160694856375,Median,4.94014466804548,1020.0,10.884412000883811,34.0
0.3256936527012064,nan,2.0,8.580715764537405,5.053081669275961,8.580715764537405,,,8.0,7.476160519466067,linex,1.4367770881617847,OGDVanilla,4.658889297634489,1020.0,7.476160519466067,34.0
0.9771411808723269,nan,2.0,8.580715764537405,5.053081669275961,8.580715764537405,,,8.0,9.243041170498927,linex,1.5999443159383397,MWUMVanilla,5.519897708900862,1020.0,9.243041170498927,34.0
0.19758214940556174,1.0023459088079236,2.0,8.580715764537405,5.053081669275961,8.580715764537405,,,8.0,7.508286707729137,linex,1.4270688316044393,OGDBoth,4.612345737391474,1020.0,7.508286707729137,34.0
0.08523342104830722,3.268323086328989,2.0,8.580715764537405,5.053081669275961,8.580715764537405,,,8.0,7.44774977603486,linex,1.4474492450325211,OGDConcOnly,4.429484371198973,1020.0,7.44774977603486,34.0
0.10842165219109559,2.360889113924094,2.0,8.580715764537405,5.053081669275961,8.580715764537405,,,8.0,7.662671525684705,linex,1.4089417372714301,MWUMBothKL,4.344384591573764,1020.0,7.662671525684705,34.0
0.12544238204889102,0.6432980794503929,2.0,8.580715764537405,5.053081669275961,8.580715764537405,,,8.0,6.7396289150777955,linex,1.3517410029835248,MWUMConcOnlyKL,4.035122009570517,1020.0,6.7396289150777955,34.0
0.5164032471473087,nan,2.0,8.580715764537405,5.053081669275961,8.580715764537405,0.5519607843137255,2.0,8.0,9.314709145035012,linex,1.5001693642735558,RLRuleBandit,4.825311329501136,1020.0,9.314709145035012,34.0
0.12125321817915005,3.1315574753748825,2.0,8.580715764537405,5.053081669275961,8.580715764537405,0.9813725490196078,4.761519607843137,8.0,6.762317751617634,linex,1.40072319842308,RLKappaBandit,4.234994050764728,1020.0,6.762317751617634,34.0
0.055555555555555566,nan,12.0,0.5001552680038038,0.896380682692387,0.5001552680038038,,,1.0,0.6037467297778802,linex,0.6223931391047343,Mean,0.7911869914663666,1020.0,0.6037467297778802,35.0
nan,nan,12.0,0.5001552680038038,0.896380682692387,0.5001552680038038,,,1.0,0.6008454256176615,linex,0.6132769625706327,Median,0.7860200887427118,1020.0,0.6008454256176615,35.0
0.1666478295150218,nan,12.0,0.5001552680038038,0.896380682692387,0.5001552680038038,,,1.0,0.5731753245665908,linex,0.659950911134954,OGDVanilla,0.8370847395397644,1020.0,0.5731753245665908,35.0
0.05993442698762511,nan,12.0,0.5001552680038038,0.896380682692387,0.5001552680038038,,,1.0,0.607502221904162,linex,0.6172614269431334,MWUMVanilla,0.7805375335564396,1020.0,0.607502221904162,35.0
0.16575708486398344,0.0015877938047827481,12.0,0.5001552680038038,0.896380682692387,0.5001552680038038,,,1.0,0.5732636162357021,linex,0.6598656778170583,OGDBoth,0.8369734645953641,1020.0,0.5732636162357021,35.0
0.05795493508553318,5.042561988115962,12.0,0.5001552680038038,0.896380682692387,0.5001552680038038,,,1.0,0.5951257603640785,linex,0.6205972229299525,OGDConcOnly,0.7917949728721907,1020.0,0.5951257603640785,35.0
0.056817041503166646,4.788519184757199,12.0,0.5001552680038038,0.896380682692387,0.5001552680038038,,,1.0,0.6034339408786823,linex,0.6196100416766747,MWUMBothKL,0.7856520684770231,1020.0,0.6034339408786823,35.0
0.05668055705075812,4.965807110945923,12.0,0.5001552680038038,0.896380682692387,0.5001552680038038,,,1.0,0.5883719595148783,linex,0.6206978503283584,MWUMConcOnlyKL,0.7923610093119725,1020.0,0.5883719595148783,35.0
0.07041184391960748,nan,12.0,0.5001552680038038,0.896380682692387,0.5001552680038038,0.4666666666666667,3.0,1.0,0.5876409400492982,linex,0.6260762338222153,RLRuleBandit,0.7960921477335966,1020.0,0.5876409400492982,35.0
0.18398080373608822,1.09106733260299,12.0,0.5001552680038038,0.896380682692387,0.5001552680038038,0.3941176470588235,1.7018921568627454,1.0,0.8934582473787288,linex,0.62118237485867,RLKappaBandit,0.840181608495773,1020.0,0.8934582473787288,35.0
0.055555555555555566,nan,6.0,6.655390939661121,2.924587948603762,6.655390939661121,,,4.0,9.178302594827816,linex,1.2135676041103494,Mean,2.810918233448446,1020.0,9.178302594827816,35.0
nan,nan,6.0,6.655390939661121,2.924587948603762,6.655390939661121,,,4.0,8.902419359898142,linex,1.1836285217487945,Median,2.809672431001315,1020.0,8.902419359898142,35.0
0.2489378666221461,nan,6.0,6.655390939661121,2.924587948603762,6.655390939661121,,,4.0,4.563108701520823,linex,1.0464227397562482,OGDVanilla,2.245737472437113,1020.0,4.563108701520823,35.0
0.9410558713339567,nan,6.0,6.655390939661121,2.924587948603762,6.655390939661121,,,4.0,8.78816469483949,linex,1.312599841704409,MWUMVanilla,3.263727794417777,1020.0,8.78816469483949,35.0
0.11047526823765207,3.208643227751416,6.0,6.655390939661121,2.924587948603762,6.655390939661121,,,4.0,4.663208254357733,linex,1.0609682128862052,OGDBoth,2.2609571937112523,1020.0,4.663208254357733,35.0
0.06616829970603695,4.976860392383236,6.0,6.655390939661121,2.924587948603762,6.655390939661121,,,4.0,4.956950881282866,linex,1.1257349585385077,OGDConcOnly,2.4464153126768418,1020.0,4.956950881282866,35.0
0.08663708489789476,2.183498759212144,6.0,6.655390939661121,2.924587948603762,6.655390939661121,,,4.0,4.8173668435233115,linex,1.0868464039859476,MWUMBothKL,2.311457495213028,1020.0,4.8173668435233115,35.0
0.08623450290217988,1.0089248051457171,6.0,6.655390939661121,2.924587948603762,6.655390939661121,,,4.0,4.804642112589476,linex,1.0799836842550936,MWUMConcOnlyKL,2.292880674490572,1020.0,4.804642112589476,35.0
0.2671659557667608,nan,6.0,6.655390939661121,2.924587948603762,6.655390939661121,0.44313725490196076,6.0,4.0,6.240535664794505,linex,1.2223656375227845,RLRuleBandit,2.9424731721088135,1020.0,6.240535664794505,35.0
0.22430752109642846,0.5596148216576715,6.0,6.655390939661121,2.924587948603762,6.655390939661121,0.7294117647058823,0.8446176470588236,4.0,4.9752078369183845,linex,1.0103700844029768,RLKappaBandit,2.051031246080143,1020.0,4.9752078369183845,35.0
0.055555555555555566,nan,9.0,9.02390752486735,3.431973984435562,9.02390752486735,,,8.0,7.355095524815631,linex,1.4543872293582403,Mean,3.874012223176876,1020.0,7.355095524815631,35.0
nan,nan,9.0,9.02390752486735,3.431973984435562,9.02390752486735,,,8.0,9.216567067037568,linex,1.3949875973678825,Median,3.778525487531073,1020.0,9.216567067037568,35.0
0.25027651408619084,nan,9.0,9.02390752486735,3.431973984435562,9.02390752486735,,,8.0,4.159532882976313,linex,1.3216331397132624,OGDVanilla,3.502456781497302,1020.0,4.159532882976313,35.0
0.9310740670321627,nan,9.0,9.02390752486735,3.431973984435562,9.02390752486735,,,8.0,11.606649581927684,linex,1.6725245238726454,MWUMVanilla,5.0615124427988425,1020.0,11.606649581927684,35.0
0.17412805033087614,0.9475560711157677,9.0,9.02390752486735,3.431973984435562,9.02390752486735,,,8.0,3.954185520557261,linex,1.3110762745081974,OGDBoth,3.412738287714366,1020.0,3.954185520557261,35.0
0.08015515451504314,3.0896711721404686,9.0,9.02390752486735,3.431973984435562,9.02390752486735,,,8.0,3.5733140130164167,linex,1.2802338386432326,OGDConcOnly,3.0682292015011208,1020.0,3.5733140130164167,35.0
0.0987030851098075,2.2318390479891272,9.0,9.02390752486735,3.431973984435562,9.02390752486735,,,8.0,3.4603191181474746,linex,1.2461180451404719,MWUMBothKL,2.973855805607832,1020.0,3.4603191181474746,35.0
0.11506913077215293,0.6081343925186732,9.0,9.02390752486735,3.431973984435562,9.02390752486735,,,8.0,3.2858410035017758,linex,1.1947083806671848,MWUMConcOnlyKL,2.7384019326898996,1020.0,3.2858410035017758,35.0
0.09333900310868422,nan,9.0,9.02390752486735,3.431973984435562,9.02390752486735,0.4872549019607843,0.0,8.0,7.35854503192219,linex,1.3657277749855943,RLRuleBandit,3.5703506149685014,1020.0,7.35854503192219,35.0
0.2213412885510251,2.4971836758745662,9.0,9.02390752486735,3.431973984435562,9.02390752486735,0.7431372549019608,3.9478039215686276,8.0,3.480250904998181,linex,1.2033282531644625,RLKappaBandit,2.7972735539717153,1020.0,3.480250904998181,35.0
0.055555555555555566,nan,4.0,0.6329796681784523,0.8536782609084572,0.6329796681784523,,,1.0,0.641688523623038,linex,0.6252291262119534,Mean,0.7961174347243934,1020.0,0.641688523623038,36.0
nan,nan,4.0,0.6329796681784523,0.8536782609084572,0.6329796681784523,,,1.0,0.6611116178210339,linex,0.6175876872766365,Median,0.7918684774523618,1020.0,0.6611116178210339,36.0
0.1095271704633853,nan,4.0,0.6329796681784523,0.8536782609084572,0.6329796681784523,,,1.0,0.7307164657401342,linex,0.6569755675825665,OGDVanilla,0.8687098653050918,1020.0,0.7307164657401342,36.0
0.05750750577767158,nan,4.0,0.6329796681784523,0.8536782609084572,0.6329796681784523,,,1.0,0.6543606634537177,linex,0.6186943847007924,MWUMVanilla,0.7876885677041044,1020.0,0.6543606634537177,36.0
0.10930546952534245,0.0017232862174703244,4.0,0.6329796681784523,0.8536782609084572,0.6329796681784523,,,1.0,0.7307993430084453,linex,0.6568879225130493,OGDBoth,0.8685588353309521,1020.0,0.7307993430084453,36.0
0.05826576581578816,5.473133844613487,4.0,0.6329796681784523,0.8536782609084572,0.6329796681784523,,,1.0,0.6636447300093492,linex,0.6261048686626874,OGDConcOnly,0.8051976847528073,1020.0,0.6636447300093492,36.0
0.05592174200300849,5.197398952308292,4.0,0.6329796681784523,0.8536782609084572,0.6329796681784523,,,1.0,0.6485615669637925,linex,0.6221427546695864,MWUMBothKL,0.7927412551370915,1020.0,0.6485615669637925,36.0
0.057189425942870624,5.38982505762734,4.0,0.6329796681784523,0.8536782609084572,0.6329796681784523,,,1.0,0.6511677162704647,linex,0.6253358030181873,MWUMConcOnlyKL,0.8041633216103162,1020.0,0.6511677162704647,36.0
0.11026548701934841,nan,4.0,0.6329796681784523,0.8536782609084572,0.6329796681784523,0.27450980392156865,1.0,1.0,0.6701428556196084,linex,0.6354013728379608,RLRuleBandit,0.8104978365129593,1020.0,0.6701428556196084,36.0
0.16610454726258925,2.1791444285422013,4.0,0.6329796681784523,0.8536782609084572,0.6329796681784523,0.6647058823529411,3.3934803921568633,1.0,0.7442371879210753,linex,0.64609064308114,RLKappaBandit,0.8692471487977469,1020.0,0.7442371879210753,36.0
0.055555555555555566,nan,9.0,2.492584780581541,2.4159294677730796,2.492584780581541,,,4.0,2.519152430462081,linex,1.1649639341267968,Mean,2.4747928219377004,1020.0,2.519152430462081,36.0
nan,nan,9.0,2.492584780581541,2.4159294677730796,2.492584780581541,,,4.0,2.5538547056401186,linex,1.1382963591648372,Median,2.4419393991338794,1020.0,2.5538547056401186,36.0
0.26903706908203256,nan,9.0,2.492584780581541,2.4159294677730796,2.492584780581541,,,4.0,1.4631661476280322,linex,1.0294871055469903,OGDVanilla,2.0513203566158333,1020.0,1.4631661476280322,36.0
0.9646083551947068,nan,9.0,2.492584780581541,2.4159294677730796,2.492584780581541,,,4.0,3.4352625010489897,linex,1.2017039021748233,MWUMVanilla,2.705022330028459,1020.0,3.4352625010489897,36.0
0.10291912799418614,3.482621280589101,9.0,2.492584780581541,2.4159294677730796,2.492584780581541,,,4.0,1.5522995024945925,linex,1.050430255108158,OGDBoth,2.0782015881741183,1020.0,1.5522995024945925,36.0
0.06248675724599801,5.401822151528214,9.0,2.492584780581541,2.4159294677730796,2.492584780581541,,,4.0,1.7955848956800584,linex,1.100404404472545,OGDConcOnly,2.2255223151946293,1020.0,1.7955848956800584,36.0
0.0817875178811108,2.369942252123357,9.0,2.492584780581541,2.4159294677730796,2.492584780581541,,,4.0,1.6370975070843163,linex,1.0688009533989777,MWUMBothKL,2.1420959767077172,1020.0,1.6370975070843163,36.0
0.08442648123581062,1.0950743225972546,9.0,2.492584780581541,2.4159294677730796,2.492584780581541,,,4.0,1.610198738642308,linex,1.0596473497686216,MWUMConcOnlyKL,2.1010538594566,1020.0,1.610198738642308,36.0
0.3250961433072918,nan,9.0,2.492584780581541,2.4159294677730796,2.492584780581541,0.4235294117647059,1.0,4.0,1.738243941687371,linex,1.0758003264750404,RLRuleBandit,2.1671933018050815,1020.0,1.738243941687371,36.0
0.3133496192257365,0.3313793024009851,9.0,2.492584780581541,2.4159294677730796,2.492584780581541,0.557843137254902,0.5230294117647059,4.0,1.431371506072645,linex,0.9814420950288393,RLKappaBandit,1.849559342102781,1020.0,1.431371506072645,36.0
0.055555555555555566,nan,9.0,4.124552432781671,2.8724417867220517,4.124552432781671,,,8.0,5.799225753058409,linex,1.3264131140849957,Mean,3.2418631229534043,1020.0,5.799225753058409,36.0
nan,nan,9.0,4.124552432781671,2.8724417867220517,4.124552432781671,,,8.0,5.43117871248124,linex,1.265504900403784,Median,3.0757211410197507,1020.0,5.43117871248124,36.0
0.18658573631519176,nan,9.0,4.124552432781671,2.8724417867220517,4.124552432781671,,,8.0,4.654493452225103,linex,1.2578414201761163,OGDVanilla,3.0275920351269177,1020.0,4.654493452225103,36.0
0.9197754557300917,nan,9.0,4.124552432781671,2.8724417867220517,4.124552432781671,,,8.0,4.145385148206125,linex,1.2228472768331953,MWUMVanilla,2.876158441039035,1020.0,4.145385148206125,36.0
0.1450909012669099,1.0284654635981771,9.0,4.124552432781671,2.8724417867220517,4.124552432781671,,,8.0,4.575200101301136,linex,1.2459234888053259,OGDBoth,2.9802299889520594,1020.0,4.575200101301136,36.0
0.07261690042804216,3.3534904943298858,9.0,4.124552432781671,2.8724417867220517,4.124552432781671,,,8.0,4.344645291735325,linex,1.200991239596049,OGDConcOnly,2.7498896115334337,1020.0,4.344645291735325,36.0
0.08994609807314849,2.4224101990350437,9.0,4.124552432781671,2.8724417867220517,4.124552432781671,,,8.0,4.334726105927238,linex,1.1904858976764432,MWUMBothKL,2.7182124518838617,1020.0,4.334726105927238,36.0
0.10956782343526537,0.6600614042954283,9.0,4.124552432781671,2.8724417867220517,4.124552432781671,,,8.0,4.271601513098139,linex,1.1394775972213718,MWUMConcOnlyKL,2.5500106243610237,1020.0,4.271601513098139,36.0
0.14429140383132308,nan,9.0,4.124552432781671,2.8724417867220517,4.124552432781671,0.3803921568627451,3.0,8.0,4.664797078189758,linex,1.2386010975135935,RLRuleBandit,2.9286476568492965,1020.0,4.664797078189758,36.0
0.3877639028206223,0.7182493006450306,9.0,4.124552432781671,2.8724417867220517,4.124552432781671,0.5078431372549019,1.0789411764705883,8.0,4.4733079338598,linex,1.1053171247170794,RLKappaBandit,2.4683190278332336,1020.0,4.4733079338598,36.0
0.055555555555555566,nan,12.0,0.8608209958223959,0.9203482811396976,0.8608209958223959,,,1.0,1.0240864193752162,linex,0.6114962651478133,Mean,0.8190624080070118,1020.0,1.0240864193752162,37.0
nan,nan,12.0,0.8608209958223959,0.9203482811396976,0.8608209958223959,,,1.0,1.1297237756702112,linex,0.5997046995055628,Median,0.8101098712980164,1020.0,1.1297237756702112,37.0
0.13619959313369714,nan,12.0,0.8608209958223959,0.9203482811396976,0.8608209958223959,,,1.0,0.9712501728093985,linex,0.6727663431458527,OGDVanilla,0.9103589872479894,1020.0,0.9712501728093985,37.0
0.06261074800958738,nan,12.0,0.8608209958223959,0.9203482811396976,0.8608209958223959,,,1.0,1.0104353703043312,linex,0.6142139906948656,MWUMVanilla,0.8166871504377,1020.0,1.0104353703043312,37.0
0.13599219054108563,0.00172120017648872,12.0,0.8608209958223959,0.9203482811396976,0.8608209958223959,,,1.0,0.9718337420859859,linex,0.6728256584465757,OGDBoth,0.9105474070445156,1020.0,0.9718337420859859,37.0
0.05860405093125232,5.466504760959552,12.0,0.8608209958223959,0.9203482811396976,0.8608209958223959,,,1.0,1.0820691738963992,linex,0.6115604689152495,OGDConcOnly,0.8212606310905195,1020.0,1.0820691738963992,37.0
0.057040952464239326,5.1911038400230956,12.0,0.8608209958223959,0.9203482811396976,0.8608209958223959,,,1.0,1.0254799952923117,linex,0.6115332012725978,MWUMBothKL,0.8163256387428521,1020.0,1.0254799952923117,37.0
0.0574544677240641,5.383296877959059,12.0,0.8608209958223959,0.9203482811396976,0.8608209958223959,,,1.0,1.069121066992214,linex,0.6112602069366128,MWUMConcOnlyKL,0.824286413804601,1020.0,1.069121066992214,37.0
0.058053520696121276,nan,12.0,0.8608209958223959,0.9203482811396976,0.8608209958223959,0.34411764705882353,5.0,1.0,1.032825637622562,linex,0.613536318326894,RLRuleBandit,0.821556357227034,1020.0,1.032825637622562,37.0
0.14812748528165673,1.4664687300365136,12.0,0.8608209958223959,0.9203482811396976,0.8608209958223959,0.7127450980392157,2.0427254901960783,1.0,1.2559932484947032,linex,0.6134817008533,RLKappaBandit,0.8565906527806012,1020.0,1.2559932484947032,37.0
0.055555555555555566,nan,9.0,4.597717846453532,2.594450591617056,4.597717846453532,,,4.0,5.920143369503514,linex,1.138867840382304,Mean,2.6479884350257827,1020.0,5.920143369503514,37.0
nan,nan,9.0,4.597717846453532,2.594450591617056,4.597717846453532,,,4.0,6.099514065485649,linex,1.1107186167951435,Median,2.6246048127792876,1020.0,6.099514065485649,37.0
0.28160028038117324,nan,9.0,4.597717846453532,2.594450591617056,4.597717846453532,,,4.0,5.231632564076716,linex,1.0193096340106493,OGDVanilla,2.1847796615258432,1020.0,5.231632564076716,37.0
0.9895692926841434,nan,9.0,4.597717846453532,2.594450591617056,4.597717846453532,,,4.0,5.046022118618094,linex,1.2034538857661565,MWUMVanilla,2.9112760152844417,1020.0,5.046022118618094,37.0
0.10374084827584634,3.4784031149003876,9.0,4.597717846453532,2.594450591617056,4.597717846453532,,,4.0,4.4571465250876106,linex,1.0162592229838188,OGDBoth,2.154903593160336,1020.0,4.4571465250876106,37.0
0.06637934168601167,5.395279440924666,9.0,4.597717846453532,2.594450591617056,4.597717846453532,,,4.0,4.723861545031012,linex,1.0648424413145472,OGDConcOnly,2.324389185948721,1020.0,4.723861545031012,37.0
0.08538582436510798,2.367071768387393,9.0,4.597717846453532,2.594450591617056,4.597717846453532,,,4.0,4.374135596314116,linex,1.033503408089765,MWUMBothKL,2.22152329302627,1020.0,4.374135596314116,37.0
0.08530412558545267,1.0937479647563635,9.0,4.597717846453532,2.594450591617056,4.597717846453532,,,4.0,4.349079838349888,linex,1.0222394753307715,MWUMConcOnlyKL,2.174080161519505,1020.0,4.349079838349888,37.0
0.21321936258563653,nan,9.0,4.597717846453532,2.594450591617056,4.597717846453532,0.45098039215686275,1.0,4.0,5.895192428534823,linex,1.1011810898412955,RLRuleBandit,2.5147585418420038,1020.0,5.895192428534823,37.0
0.3152325804347153,0.735658032282726,9.0,4.597717846453532,2.594450591617056,4.597717846453532,0.3137254901960784,1.052549019607843,4.0,4.937685385101737,linex,0.9487244974995535,RLKappaBandit,1.92664852822463,1020.0,4.937685385101737,37.0
0.055555555555555566,nan,9.0,7.034233001750205,3.1657915423664633,7.034233001750205,,,8.0,13.196332769105203,linex,1.3284545443441882,Mean,3.558822247696745,1020.0,13.196332769105203,37.0
nan,nan,9.0,7.034233001750205,3.1657915423664633,7.034233001750205,,,8.0,11.96520587019235,linex,1.2620738009630756,Median,3.405514833765183,1020.0,11.96520587019235,37.0
0.26598444721168046,nan,9.0,7.034233001750205,3.1657915423664633,7.034233001750205,,,8.0,6.713722348178571,linex,1.2240822724047897,OGDVanilla,3.077381121379683,1020.0,6.713722348178571,37.0
0.9328708483735288,nan,9.0,7.034233001750205,3.1657915423664633,7.034233001750205,,,8.0,7.206991420244604,linex,1.1940706271073431,MWUMVanilla,3.064101844396282,1020.0,7.206991420244604,37.0
0.18103802640767266,1.0272197827134162,9.0,7.034233001750205,3.1657915423664633,7.034233001750205,,,8.0,6.690734885884628,linex,1.2072585207650048,OGDBoth,3.004018358437475,1020.0,6.690734885884628,37.0
0.08142358823418941,3.349428732442928,9.0,7.034233001750205,3.1657915423664633,7.034233001750205,,,8.0,6.963904365471033,linex,1.1962977079532107,OGDConcOnly,2.9033839003228334,1020.0,6.963904365471033,37.0
0.10328938438816201,2.419476165880655,9.0,7.034233001750205,3.1657915423664633,7.034233001750205,,,8.0,6.4767195434161655,linex,1.172146815521614,MWUMBothKL,2.7847579162021443,1020.0,6.4767195434161655,37.0
0.11460349916474327,0.6592619361003467,9.0,7.034233001750205,3.1657915423664633,7.034233001750205,,,8.0,6.463697814294294,linex,1.1233418427543413,MWUMConcOnlyKL,2.5861348263372097,1020.0,6.463697814294294,37.0
0.2708146449540383,nan,9.0,7.034233001750205,3.1657915423664633,7.034233001750205,0.2980392156862745,2.0,8.0,9.228903327114837,linex,1.2476207125956145,RLRuleBandit,3.310635185624322,1020.0,9.228903327114837,37.0
0.24576129906128544,1.1736997242931855,9.0,7.034233001750205,3.1657915423664633,7.034233001750205,0.5696078431372549,1.776764705882353,8.0,6.329308594506147,linex,1.0747459754714221,RLKappaBandit,2.405828333447503,1020.0,6.329308594506147,37.0
0.055555555555555566,nan,0.0,0.5732227205005433,0.8922126410163973,0.5732227205005433,,,1.0,0.6041781342639194,linex,0.6344855390534323,Mean,0.8285574440059148,1020.0,0.6041781342639194,38.0
nan,nan,0.0,0.5732227205005433,0.8922126410163973,0.5732227205005433,,,1.0,0.6127753055094469,linex,0.6233707711781538,Median,0.8213123815015617,1020.0,0.6127753055094469,38.0
0.11550119100680076,nan,0.0,0.5732227205005433,0.8922126410163973,0.5732227205005433,,,1.0,0.5644116950636634,linex,0.6540951396925114,OGDVanilla,0.8393280929006399,1020.0,0.5644116950636634,38.0
0.05897428891774996,nan,0.0,0.5732227205005433,0.8922126410163973,0.5732227205005433,,,1.0,0.6051864840409766,linex,0.6285067830478384,MWUMVanilla,0.8193517825497988,1020.0,0.6051864840409766,38.0
0.11522253610956523,0.0017480258423995842,0.0,0.5732227205005433,0.8922126410163973,0.5732227205005433,,,1.0,0.5643933953148955,linex,0.6540470292330095,OGDBoth,0.8392600508704426,1020.0,0.5643933953148955,38.0
0.05747513898470735,5.551752167392977,0.0,0.5732227205005433,0.8922126410163973,0.5732227205005433,,,1.0,0.5944795018952665,linex,0.6288688709362278,OGDConcOnly,0.8222842845165003,1020.0,0.5944795018952665,38.0
0.056263661664580716,5.272056506113181,0.0,0.5732227205005433,0.8922126410163973,0.5732227205005433,,,1.0,0.6042236277600632,linex,0.6293559820229353,MWUMBothKL,0.8216876976696698,1020.0,0.6042236277600632,38.0
0.05624772676988685,5.46724669885504,0.0,0.5732227205005433,0.8922126410163973,0.5732227205005433,,,1.0,0.5886799200857634,linex,0.6283670495596237,MWUMConcOnlyKL,0.8226308904918548,1020.0,0.5886799200857634,38.0
0.06495599370725849,nan,0.0,0.5732227205005433,0.8922126410163973,0.5732227205005433,0.25,4.0,1.0,0.6020581267033899,linex,0.6348356245050785,RLRuleBandit,0.825957404907413,1020.0,0.6020581267033899,38.0
0.16429803192655013,1.0826216352512266,0.0,0.5732227205005433,0.8922126410163973,0.5732227205005433,0.7470588235294118,1.5878137254901963,1.0,0.6739641848986879,linex,0.6484273562781513,RLKappaBandit,0.9167164078333659,1020.0,0.6739641848986879,38.0
0.055555555555555566,nan,9.0,3.6611586826153233,2.7106102770783616,3.6611586826153233,,,4.0,3.439018293288344,linex,1.144681144053641,Mean,2.6774725412198364,1020.0,3.439018293288344,38.0
nan,nan,9.0,3.6611586826153233,2.7106102770783616,3.6611586826153233,,,4.0,3.8469372921070057,linex,1.1169649369866268,Median,2.684700900770091,1020.0,3.8469372921070057,38.0
0.25821540782287783,nan,9.0,3.6611586826153233,2.7106102770783616,3.6611586826153233,,,4.0,1.5576713122843253,linex,0.9784848966002903,OGDVanilla,2.1108796836061816,1020.0,1.5576713122843253,38.0
0.9542873600633991,nan,9.0,3.6611586826153233,2.7106102770783616,3.6611586826153233,,,4.0,3.6444319850207165,linex,1.1779361234877999,MWUMVanilla,2.85574522005322,1020.0,3.6444319850207165,38.0
0.10421570395166276,3.532647065292503,9.0,3.6611586826153233,2.7106102770783616,3.6611586826153233,,,4.0,1.645451963816122,linex,0.9912094396571983,OGDBoth,2.1183196638818886,1020.0,1.645451963816122,38.0
0.06438840551113571,5.4794161239284795,9.0,3.6611586826153233,2.7106102770783616,3.6611586826153233,,,4.0,2.068660966152877,linex,1.0530447542389367,OGDConcOnly,2.290709158804204,1020.0,2.068660966152877,38.0
0.0847744375059051,2.4039850593450445,9.0,3.6611586826153233,2.7106102770783616,3.6611586826153233,,,4.0,1.8067133429376987,linex,1.0165328177059605,MWUMBothKL,2.183170095160509,1020.0,1.8067133429376987,38.0
0.08632803294415667,1.11080440450599,9.0,3.6611586826153233,2.7106102770783616,3.6611586826153233,,,4.0,1.8005111790733237,linex,1.005840882617449,MWUMConcOnlyKL,2.140017789238437,1020.0,1.8005111790733237,38.0
0.2073182770414144,nan,9.0,3.6611586826153233,2.7106102770783616,3.6611586826153233,0.40294117647058825,6.0,4.0,2.997454744797113,linex,1.097147216090615,RLRuleBandit,2.5016591578505882,1020.0,2.997454744797113,38.0
0.22811330683608355,1.2471139723488165,9.0,3.6611586826153233,2.7106102770783616,3.6611586826153233,0.6284313725490196,1.8592058823529412,4.0,1.687211689981773,linex,0.9535454744522783,RLKappaBandit,1.9131411624022028,1020.0,1.687211689981773,38.0
0.055555555555555566,nan,9.0,8.97776400187831,3.146473398988555,8.97776400187831,,,8.0,7.686038502817936,linex,1.3424929590008159,Mean,3.4976781914659787,1020.0,7.686038502817936,38.0
nan,nan,9.0,8.97776400187831,3.146473398988555,8.97776400187831,,,8.0,8.726739759595043,linex,1.2920350981846986,Median,3.4797451108314736,1020.0,8.726739759595043,38.0
0.1822036216132476,nan,9.0,8.97776400187831,3.146473398988555,8.97776400187831,,,8.0,3.7291403555748617,linex,1.2167838768009576,OGDVanilla,3.125636269385765,1020.0,3.7291403555748617,38.0
0.8478251141369539,nan,9.0,8.97776400187831,3.146473398988555,8.97776400187831,,,8.0,8.540434612809458,linex,1.4408859276486365,MWUMVanilla,3.946896874859329,1020.0,8.540434612809458,38.0
0.1416256459421417,1.0432387485634733,9.0,8.97776400187831,3.146473398988555,8.97776400187831,,,8.0,3.6828923410675802,linex,1.2105295435563945,OGDBoth,3.102293409359142,1020.0,3.6828923410675802,38.0
0.08054572112583423,3.401661391508515,9.0,8.97776400187831,3.146473398988555,8.97776400187831,,,8.0,4.053807124152849,linex,1.196920363276219,OGDConcOnly,2.8478049031625705,1020.0,4.053807124152849,38.0
0.09926231408631926,2.4572066773447516,9.0,8.97776400187831,3.146473398988555,8.97776400187831,,,8.0,3.682876691370599,linex,1.1727423370187169,MWUMBothKL,2.8048782111993305,1020.0,3.682876691370599,38.0
0.1176124627930089,0.669542782400462,9.0,8.97776400187831,3.146473398988555,8.97776400187831,,,8.0,4.01022047736855,linex,1.1113969530575263,MWUMConcOnlyKL,2.5737946636697657,1020.0,4.01022047736855,38.0
0.22322347174348642,nan,9.0,8.97776400187831,3.146473398988555,8.97776400187831,0.5254901960784314,6.0,8.0,6.420246776275759,linex,1.27902950794785,RLRuleBandit,3.2058817289083215,1020.0,6.420246776275759,38.0
0.2752005261939912,0.8795437445885017,9.0,8.97776400187831,3.146473398988555,8.97776400187831,0.634313725490196,1.318529411764706,8.0,4.056578079666095,linex,1.0941516449917925,RLKappaBandit,2.5796350210699663,1020.0,4.056578079666095,38.0
0.055555555555555566,nan,14.0,0.4941421727944086,0.9143621359826682,0.4941421727944086,,,1.0,0.5657953148678798,linex,0.6324636124511003,Mean,0.8415417850892078,1020.0,0.5657953148678798,39.0
nan,nan,14.0,0.4941421727944086,0.9143621359826682,0.4941421727944086,,,1.0,0.5633376444038578,linex,0.6149545563386769,Median,0.8223573535368214,1020.0,0.5633376444038578,39.0
0.12925738802647269,nan,14.0,0.4941421727944086,0.9143621359826682,0.4941421727944086,,,1.0,0.5055684372054913,linex,0.637370751884106,OGDVanilla,0.855202041707443,1020.0,0.5055684372054913,39.0
0.059756453858184365,nan,14.0,0.4941421727944086,0.9143621359826682,0.4941421727944086,,,1.0,0.5552491660977049,linex,0.6178183044885355,MWUMVanilla,0.8226309216192398,1020.0,0.5552491660977049,39.0
0.12873774193275025,0.0017526838412215068,14.0,0.4941421727944086,0.9143621359826682,0.4941421727944086,,,1.0,0.5056364792107118,linex,0.6373092663529152,OGDBoth,0.8550569691315547,1020.0,0.5056364792107118,39.0
0.056961696623898446,5.566554495881608,14.0,0.4941421727944086,0.9143621359826682,0.4941421727944086,,,1.0,0.5393797053250748,linex,0.6260270661766582,OGDConcOnly,0.8320695045477347,1020.0,0.5393797053250748,39.0
0.05704709870361107,5.286113097458652,14.0,0.4941421727944086,0.9143621359826682,0.4941421727944086,,,1.0,0.5540942557132753,linex,0.6236314381885115,MWUMBothKL,0.8284010652078927,1020.0,0.5540942557132753,39.0
0.056174197812551216,5.481823715065316,14.0,0.4941421727944086,0.9143621359826682,0.4941421727944086,,,1.0,0.5392517636211145,linex,0.6255455105058052,MWUMConcOnlyKL,0.8305701088013282,1020.0,0.5392517636211145,39.0
0.05873635099616266,nan,14.0,0.4941421727944086,0.9143621359826682,0.4941421727944086,0.2901960784313726,2.0,1.0,0.5472671360021308,linex,0.6258229642424697,RLRuleBandit,0.8321045418733317,1020.0,0.5472671360021308,39.0
0.13675660017434843,1.9361868264904012,14.0,0.4941421727944086,0.9143621359826682,0.4941421727944086,0.7519607843137255,2.704509803921569,1.0,0.5571214280587174,linex,0.6319730841947412,RLKappaBandit,0.8549003281755475,1020.0,0.5571214280587174,39.0
0.055555555555555566,nan,9.0,3.989888369466437,2.900142430369005,3.989888369466437,,,4.0,4.4917912328780885,linex,1.267148725943771,Mean,3.0215505371524793,1020.0,4.4917912328780885,39.0
nan,nan,9.0,3.989888369466437,2.900142430369005,3.989888369466437,,,4.0,4.409387239513166,linex,1.2385727687785646,Median,2.976881032183622,1020.0,4.409387239513166,39.0
0.23566688309819034,nan,9.0,3.989888369466437,2.900142430369005,3.989888369466437,,,4.0,3.236563177057521,linex,1.1156432958850326,OGDVanilla,2.6144824965107203,1020.0,3.236563177057521,39.0
0.9618751650429312,nan,9.0,3.989888369466437,2.900142430369005,3.989888369466437,,,4.0,4.311662375454874,linex,1.241823112739754,MWUMVanilla,3.052990062796368,1020.0,4.311662375454874,39.0
0.11308683045499938,3.5420659650082627,9.0,3.989888369466437,2.900142430369005,3.989888369466437,,,4.0,3.2904552629263053,linex,1.1079137633124683,OGDBoth,2.5260504675189375,1020.0,3.2904552629263053,39.0
0.06805463949212097,5.4940255868068455,9.0,3.989888369466437,2.900142430369005,3.989888369466437,,,4.0,3.4810139081873226,linex,1.1699299016385067,OGDConcOnly,2.641074346891537,1020.0,3.4810139081873226,39.0
0.092418829245641,2.4103946696922907,9.0,3.989888369466437,2.900142430369005,3.989888369466437,,,4.0,3.406571356414781,linex,1.1367157781168733,MWUMBothKL,2.5433925919703047,1020.0,3.406571356414781,39.0
0.09244697247579657,1.1137660784686774,9.0,3.989888369466437,2.900142430369005,3.989888369466437,,,4.0,3.2838640734585716,linex,1.1232549768260693,MWUMConcOnlyKL,2.483200440477846,1020.0,3.2838640734585716,39.0
0.20817925295095643,nan,9.0,3.989888369466437,2.900142430369005,3.989888369466437,0.34509803921568627,0.0,4.0,4.5565581737812595,linex,1.2823549347767829,RLRuleBandit,3.1140890789078064,1020.0,4.5565581737812595,39.0
0.25659434177552265,1.017621543177634,9.0,3.989888369466437,2.900142430369005,3.989888369466437,0.8352941176470589,1.4746666666666668,4.0,3.7017737287183645,linex,1.0443783591884268,RLKappaBandit,2.23112430695314,1020.0,3.7017737287183645,39.0
0.055555555555555566,nan,1.0,11.888835015734482,4.349531481330637,11.888835015734482,,,8.0,10.871569360509891,linex,1.5389383511693815,Mean,4.523145697216471,1020.0,10.871569360509891,39.0
nan,nan,1.0,11.888835015734482,4.349531481330637,11.888835015734482,,,8.0,11.024895012837025,linex,1.496889740292728,Median,4.427089603161392,1020.0,11.024895012837025,39.0
0.19887277904736603,nan,1.0,11.888835015734482,4.349531481330637,11.888835015734482,,,8.0,7.334662514714641,linex,1.4537001006919992,OGDVanilla,4.29687403473258,1020.0,7.334662514714641,39.0
0.8823086780376413,nan,1.0,11.888835015734482,4.349531481330637,11.888835015734482,,,8.0,11.932610252067688,linex,1.5686976178443153,MWUMVanilla,5.075841380973668,1020.0,11.932610252067688,39.0
0.15713614673734005,1.0460202759375157,1.0,11.888835015734482,4.349531481330637,11.888835015734482,,,8.0,7.248797346045723,linex,1.43544590640993,OGDBoth,4.180723253401697,1020.0,7.248797346045723,39.0
0.08507813504862267,3.4107310513336184,1.0,11.888835015734482,4.349531481330637,11.888835015734482,,,8.0,6.9119232661659575,linex,1.363124964357211,OGDConcOnly,3.629484489410809,1020.0,6.9119232661659575,39.0
0.11784895535996578,2.46375818956198,1.0,11.888835015734482,4.349531481330637,11.888835015734482,,,8.0,6.821113976619494,linex,1.3430491422399196,MWUMBothKL,3.5584246539324287,1020.0,6.821113976619494,39.0
0.1364727124917146,0.6713279447935756,1.0,11.888835015734482,4.349531481330637,11.888835015734482,,,8.0,6.49689868039599,linex,1.2792334893290302,MWUMConcOnlyKL,3.2788399425308277,1020.0,6.49689868039599,39.0
0.3320162374546494,nan,1.0,11.888835015734482,4.349531481330637,11.888835015734482,0.3254901960784314,2.0,8.0,9.227130349339696,linex,1.4516640510030758,RLRuleBandit,4.161996852829744,1020.0,9.227130349339696,39.0
0.4427610812924377,0.3346025314386002,1.0,11.888835015734482,4.349531481330637,11.888835015734482,0.33431372549019606,0.4518039215686274,8.0,7.341931918619932,linex,1.1935731289011546,RLKappaBandit,3.0068312450335033,1020.0,7.341931918619932,39.0
0.055555555555555566,nan,3.0,0.5981077294891723,0.8651194220240213,0.5981077294891723,,,1.0,0.6612382593465769,linex,0.6401872946095091,Mean,0.8533095420765624,1020.0,0.6612382593465769,40.0
nan,nan,3.0,0.5981077294891723,0.8651194220240213,0.5981077294891723,,,1.0,0.6522104438045719,linex,0.6242511563165256,Median,0.8354503411784074,1020.0,0.6522104438045719,40.0
0.11629810285754656,nan,3.0,0.5981077294891723,0.8651194220240213,0.5981077294891723,,,1.0,0.6190298193853352,linex,0.6292202801624972,OGDVanilla,0.8404916706253703,1020.0,0.6190298193853352,40.0
0.05791983916623999,nan,3.0,0.5981077294891723,0.8651194220240213,0.5981077294891723,,,1.0,0.6419424289716024,linex,0.6262315425332134,MWUMVanilla,0.828565059053971,1020.0,0.6419424289716024,40.0
0.11589183784105236,0.001675937577317831,3.0,0.5981077294891723,0.8651194220240213,0.5981077294891723,,,1.0,0.619045653042305,linex,0.6292207551731558,OGDBoth,0.8404589832971606,1020.0,0.619045653042305,40.0
0.05730812853020329,5.322667914538854,3.0,0.5981077294891723,0.8651194220240213,0.5981077294891723,,,1.0,0.6435922787620435,linex,0.6290375490420167,OGDConcOnly,0.8383584741213128,1020.0,0.6435922787620435,40.0
0.05628833392487603,5.05451345344237,3.0,0.5981077294891723,0.8651194220240213,0.5981077294891723,,,1.0,0.6454986518932186,linex,0.6307941484097245,MWUMBothKL,0.8355686753688747,1020.0,0.6454986518932186,40.0
0.05636440000080375,5.241649430834782,3.0,0.5981077294891723,0.8651194220240213,0.5981077294891723,,,1.0,0.6376229275569436,linex,0.6292592298530962,MWUMConcOnlyKL,0.8368737887529111,1020.0,0.6376229275569436,40.0
0.06180366345684636,nan,3.0,0.5981077294891723,0.8651194220240213,0.5981077294891723,0.3156862745098039,4.0,1.0,0.6341945090111415,linex,0.627562579700669,RLRuleBandit,0.8321032734164027,1020.0,0.6341945090111415,40.0
0.17634532337888723,0.6229450439229899,3.0,0.5981077294891723,0.8651194220240213,0.5981077294891723,0.5254901960784314,0.9765196078431373,1.0,0.7513665169436714,linex,0.6378391941260767,RLKappaBandit,0.9001176469898267,1020.0,0.7513665169436714,40.0
0.055555555555555566,nan,11.0,7.113723011038685,3.846969839185825,7.113723011038685,,,4.0,6.784203806970458,linex,1.2578573569737355,Mean,3.0733198885265076,1020.0,6.784203806970458,40.0
nan,nan,11.0,7.113723011038685,3.846969839185825,7.113723011038685,,,4.0,8.254448625908797,linex,1.2324382417523834,Median,3.069062765836961,1020.0,8.254448625908797,40.0
0.25444376734086105,nan,11.0,7.113723011038685,3.846969839185825,7.113723011038685,,,4.0,3.429016008978402,linex,1.099502604066989,OGDVanilla,2.498028274486136,1020.0,3.429016008978402,40.0
0.9868868491848988,nan,11.0,7.113723011038685,3.846969839185825,7.113723011038685,,,4.0,5.86721021753798,linex,1.285056058484946,MWUMVanilla,3.2903951516256917,1020.0,5.86721021753798,40.0
0.11078445400670521,3.386877998908784,11.0,7.113723011038685,3.846969839185825,7.113723011038685,,,4.0,3.4764855438779527,linex,1.094281309624638,OGDBoth,2.465272907635996,1020.0,3.4764855438779527,40.0
0.06677226928898297,5.253316703782423,11.0,7.113723011038685,3.846969839185825,7.113723011038685,,,4.0,3.8210224641946153,linex,1.1656566632161023,OGDConcOnly,2.650687681035269,1020.0,3.8210224641946153,40.0
0.09166669369898428,2.3047884499323628,11.0,7.113723011038685,3.846969839185825,7.113723011038685,,,4.0,3.536698900676183,linex,1.124178324178545,MWUMBothKL,2.5150247322447825,1020.0,3.536698900676183,40.0
0.09340083495541711,1.0649688545476934,11.0,7.113723011038685,3.846969839185825,7.113723011038685,,,4.0,3.460266368471761,linex,1.1162631931707807,MWUMConcOnlyKL,2.484971779026979,1020.0,3.460266368471761,40.0
0.3780565570112048,nan,11.0,7.113723011038685,3.846969839185825,7.113723011038685,0.40980392156862744,4.0,4.0,5.925461603518663,linex,1.2053363732304174,RLRuleBandit,2.9062518646473756,1020.0,5.925461603518663,40.0
0.21346769051590309,1.6797417353569333,11.0,7.113723011038685,3.846969839185825,7.113723011038685,0.8245098039215686,2.4506960784313727,4.0,3.4185622005533287,linex,1.0595710079000502,RLKappaBandit,2.305383810322799,1020.0,3.4185622005533287,40.0
0.055555555555555566,nan,14.0,69.92325488160866,6.103290820451389,69.92325488160866,,,8.0,53.62518012254061,linex,1.569363799584533,Mean,4.741567703743507,1020.0,53.62518012254061,40.0
nan,nan,14.0,69.92325488160866,6.103290820451389,69.92325488160866,,,8.0,64.51537597913622,linex,1.5011944909277897,Median,4.6284241781888555,1020.0,64.51537597913622,40.0
0.23876274346375673,nan,14.0,69.92325488160866,6.103290820451389,69.92325488160866,,,8.0,8.909524384205763,linex,1.436177998970315,OGDVanilla,4.380064295760582,1020.0,8.909524384205763,40.0
0.9718644420362157,nan,14.0,69.92325488160866,6.103290820451389,69.92325488160866,,,8.0,16.63901699685931,linex,1.5466652291382046,MWUMVanilla,5.011810140918719,1020.0,16.63901699685931,40.0
0.18673979299478174,1.0001911887984507,14.0,69.92325488160866,6.103290820451389,69.92325488160866,,,8.0,8.807395363746378,linex,1.421531390214784,OGDBoth,4.277078238510246,1020.0,8.807395363746378,40.0
0.08894484678758097,3.2612972422957314,14.0,69.92325488160866,6.103290820451389,69.92325488160866,,,8.0,8.549772587897928,linex,1.3703227664905255,OGDConcOnly,3.710702738851306,1020.0,8.549772587897928,40.0
0.11500517767830537,2.355813961833734,14.0,69.92325488160866,6.103290820451389,69.92325488160866,,,8.0,7.887572631669974,linex,1.341679607523983,MWUMBothKL,3.6086787560502174,1020.0,7.887572631669974,40.0
0.13619040409403793,0.6419151970942829,14.0,69.92325488160866,6.103290820451389,69.92325488160866,,,8.0,7.3299818711570035,linex,1.2994235281440925,MWUMConcOnlyKL,3.3844836474150966,1020.0,7.3299818711570035,40.0
0.21154762874073632,nan,14.0,69.92325488160866,6.103290820451389,69.92325488160866,0.33725490196078434,1.0,8.0,32.15555686762776,linex,1.4834546979748653,RLRuleBandit,4.381846853731591,1020.0,32.15555686762776,40.0
0.3531779650917077,1.7108366776201258,14.0,69.92325488160866,6.103290820451389,69.92325488160866,0.5215686274509804,2.4190490196078436,8.0,7.755720016206166,linex,1.292565006866877,RLKappaBandit,3.466762813270406,1020.0,7.755720016206166,40.0
0.055555555555555566,nan,12.0,0.5887976199669269,0.9760312033806131,0.5887976199669269,,,1.0,0.6401757188821806,linex,0.6639074421916936,Mean,0.9277828630813598,1020.0,0.6401757188821806,41.0
nan,nan,12.0,0.5887976199669269,0.9760312033806131,0.5887976199669269,,,1.0,0.6370891498683934,linex,0.6494161958691685,Median,0.9158193043941981,1020.0,0.6370891498683934,41.0
0.11686666956737106,nan,12.0,0.5887976199669269,0.9760312033806131,0.5887976199669269,,,1.0,0.5852582601924893,linex,0.6797761432117091,OGDVanilla,0.9384351878634544,1020.0,0.5852582601924893,41.0
0.06024761964416922,nan,12.0,0.5887976199669269,0.9760312033806131,0.5887976199669269,,,1.0,0.6453463356545099,linex,0.6531140881231084,MWUMVanilla,0.9161539545756394,1020.0,0.6453463356545099,41.0
0.11661032935096846,0.0016854446194500214,12.0,0.5887976199669269,0.9760312033806131,0.5887976199669269,,,1.0,0.5852566103820652,linex,0.6796963201609695,OGDBoth,0.9383350139527671,1020.0,0.5852566103820652,41.0
0.05743542356090483,5.352879678426297,12.0,0.5887976199669269,0.9760312033806131,0.5887976199669269,,,1.0,0.6306198036267465,linex,0.6622953507124243,OGDConcOnly,0.9289170620308135,1020.0,0.6306198036267465,41.0
0.057263380144616245,5.083203157168229,12.0,0.5887976199669269,0.9760312033806131,0.5887976199669269,,,1.0,0.6375580673736638,linex,0.6567821863864461,MWUMBothKL,0.919751641606957,1020.0,0.6375580673736638,41.0
0.05633150219378721,5.271401329143658,12.0,0.5887976199669269,0.9760312033806131,0.5887976199669269,,,1.0,0.6226204094002764,linex,0.6607008663516091,MWUMConcOnlyKL,0.9269190631849968,1020.0,0.6226204094002764,41.0
0.05776126962133995,nan,12.0,0.5887976199669269,0.9760312033806131,0.5887976199669269,0.2725490196078431,5.0,1.0,0.6404255169255657,linex,0.6639205835553986,RLRuleBandit,0.9320330801546933,1020.0,0.6404255169255657,41.0
0.18249731552339576,1.3450380331476737,12.0,0.5887976199669269,0.9760312033806131,0.5887976199669269,0.7294117647058823,1.961343137254902,1.0,0.698815587166619,linex,0.6648194560999986,RLKappaBandit,0.9778725233437827,1020.0,0.698815587166619,41.0
0.055555555555555566,nan,3.0,5.896316971801708,3.3217108843264804,5.896316971801708,,,4.0,6.549594430792316,linex,1.3308895081232992,Mean,3.225623052170262,1020.0,6.549594430792316,41.0
nan,nan,3.0,5.896316971801708,3.3217108843264804,5.896316971801708,,,4.0,6.252110573757535,linex,1.3023201932751456,Median,3.2020151568726973,1020.0,6.252110573757535,41.0
0.30524532764804446,nan,3.0,5.896316971801708,3.3217108843264804,5.896316971801708,,,4.0,3.40098068204387,linex,1.1770878925196193,OGDVanilla,2.6661140529665657,1020.0,3.40098068204387,41.0
0.9808600472711209,nan,3.0,5.896316971801708,3.3217108843264804,5.896316971801708,,,4.0,5.554001808963625,linex,1.3820945112610707,MWUMVanilla,3.571582129882355,1020.0,5.554001808963625,41.0
0.1266946716731434,3.4061021077718343,3.0,5.896316971801708,3.3217108843264804,5.896316971801708,,,4.0,3.6172177572122752,linex,1.1719684295734414,OGDBoth,2.6269760563871536,1020.0,3.6172177572122752,41.0
0.07119279581302496,5.283134826204353,3.0,5.896316971801708,3.3217108843264804,5.896316971801708,,,4.0,3.980685418870573,linex,1.2392412911832458,OGDConcOnly,2.7905435972858053,1020.0,3.980685418870573,41.0
0.10186547552850059,2.3178705562084296,3.0,5.896316971801708,3.3217108843264804,5.896316971801708,,,4.0,3.622502036181856,linex,1.1958217505656952,MWUMBothKL,2.637715839696939,1020.0,3.622502036181856,41.0
0.10378653431127485,1.0710136734112274,3.0,5.896316971801708,3.3217108843264804,5.896316971801708,,,4.0,3.5275395837600447,linex,1.1825116618466975,MWUMConcOnlyKL,2.579105035158403,1020.0,3.5275395837600447,41.0
0.18439177710194465,nan,3.0,5.896316971801708,3.3217108843264804,5.896316971801708,0.3058823529411765,6.0,4.0,7.130761715020763,linex,1.2895218754559854,RLRuleBandit,3.0679440859144043,1020.0,7.130761715020763,41.0
0.39667170211678976,1.1732455337089418,3.0,5.896316971801708,3.3217108843264804,5.896316971801708,0.5049019607843137,1.6873039215686274,4.0,3.356346139241356,linex,1.088596565070853,RLKappaBandit,2.3256175114319633,1020.0,3.356346139241356,41.0
0.055555555555555566,nan,15.0,23.445372177891205,5.278383304016639,23.445372177891205,,,8.0,25.92018422217778,linex,1.5946683362512761,Mean,4.764163493500429,1020.0,25.92018422217778,41.0
nan,nan,15.0,23.445372177891205,5.278383304016639,23.445372177891205,,,8.0,21.405460499484356,linex,1.4967321705311192,Median,4.449000895540386,1020.0,21.405460499484356,41.0
0.2976162916593128,nan,15.0,23.445372177891205,5.278383304016639,23.445372177891205,,,8.0,5.838593480949711,linex,1.4509091231015325,OGDVanilla,4.053276141798905,1020.0,5.838593480949711,41.0
0.9483641985473537,nan,15.0,23.445372177891205,5.278383304016639,23.445372177891205,,,8.0,15.526375469882932,linex,1.5865135739106624,MWUMVanilla,4.937693033349657,1020.0,15.526375469882932,41.0
0.2143582951365667,1.005868325901278,15.0,23.445372177891205,5.278383304016639,23.445372177891205,,,8.0,5.687820880997284,linex,1.4314036534970067,OGDBoth,3.976107423656933,1020.0,5.687820880997284,41.0
0.0897967937702974,3.279808547553274,15.0,23.445372177891205,5.278383304016639,23.445372177891205,,,8.0,5.552873590692746,linex,1.3954657724043933,OGDConcOnly,3.6816869419867113,1020.0,5.552873590692746,41.0
0.11876898582597262,2.3691856918534153,15.0,23.445372177891205,5.278383304016639,23.445372177891205,,,8.0,5.3093486915238435,linex,1.3604110410230374,MWUMBothKL,3.5858213007184085,1020.0,5.3093486915238435,41.0
0.13520788244707196,0.6455587390385737,15.0,23.445372177891205,5.278383304016639,23.445372177891205,,,8.0,5.091276263813218,linex,1.3030727540496614,MWUMConcOnlyKL,3.3335623960201692,1020.0,5.091276263813218,41.0
0.2357239226827281,nan,15.0,23.445372177891205,5.278383304016639,23.445372177891205,0.45098039215686275,6.0,8.0,23.532017833304774,linex,1.4965803288988524,RLRuleBandit,4.396867253000108,1020.0,23.532017833304774,41.0
0.23518805646831875,0.9226363585722653,15.0,23.445372177891205,5.278383304016639,23.445372177891205,0.8225490196078431,1.2985588235294117,8.0,5.0866687054818644,linex,1.2559834875550477,RLKappaBandit,3.184514876245333,1020.0,5.0866687054818644,41.0
0.055555555555555566,nan,0.0,0.5049321333541881,0.8427622803498549,0.5049321333541881,,,1.0,0.5659908337784082,linex,0.6162995545129639,Mean,0.8416745147164764,1020.0,0.5659908337784082,42.0
nan,nan,0.0,0.5049321333541881,0.8427622803498549,0.5049321333541881,,,1.0,0.5489176202294438,linex,0.5960712917333668,Median,0.8220377648084677,1020.0,0.5489176202294438,42.0
0.10002973922617116,nan,0.0,0.5049321333541881,0.8427622803498549,0.5049321333541881,,,1.0,0.533296322278967,linex,0.6128825737335872,OGDVanilla,0.8522820838410892,1020.0,0.533296322278967,42.0
0.059084555643991704,nan,0.0,0.5049321333541881,0.8427622803498549,0.5049321333541881,,,1.0,0.5519424315258555,linex,0.5992951767991557,MWUMVanilla,0.8208175815394306,1020.0,0.5519424315258555,42.0
0.0998511577731343,0.0017190419432985163,0.0,0.5049321333541881,0.8427622803498549,0.5049321333541881,,,1.0,0.5333255271327271,linex,0.6128389132193734,OGDBoth,0.8521792068083389,1020.0,0.5333255271327271,42.0
0.057166600126036825,5.459646262737934,0.0,0.5049321333541881,0.8427622803498549,0.5049321333541881,,,1.0,0.5483661068950441,linex,0.607324806951528,OGDConcOnly,0.8315031532474282,1020.0,0.5483661068950441,42.0
0.05693199269242991,5.184590871011566,0.0,0.5049321333541881,0.8427622803498549,0.5049321333541881,,,1.0,0.5536425229456406,linex,0.6050739296888411,MWUMBothKL,0.8268534463709519,1020.0,0.5536425229456406,42.0
0.05628908969010376,5.3765427757357855,0.0,0.5049321333541881,0.8427622803498549,0.5049321333541881,,,1.0,0.5398597694535419,linex,0.6043466220039035,MWUMConcOnlyKL,0.828850076971311,1020.0,0.5398597694535419,42.0
0.061994393247690925,nan,0.0,0.5049321333541881,0.8427622803498549,0.5049321333541881,0.34509803921568627,3.0,1.0,0.5574363333415039,linex,0.6102291857854708,RLRuleBandit,0.8347101840698194,1020.0,0.5574363333415039,42.0
0.16245013452929757,1.8316850925177657,0.0,0.5049321333541881,0.8427622803498549,0.5049321333541881,0.6049019607843137,2.5691960784313723,1.0,0.635244221573197,linex,0.6207623655696465,RLKappaBandit,0.9409138079103578,1020.0,0.635244221573197,42.0
0.055555555555555566,nan,3.0,5.276649541889244,3.214157967183698,5.276649541889244,,,4.0,5.194793289080439,linex,1.2744988817917604,Mean,3.1870217733244064,1020.0,5.194793289080439,42.0
nan,nan,3.0,5.276649541889244,3.214157967183698,5.276649541889244,,,4.0,5.464811994811326,linex,1.2377928705681231,Median,3.123977429661258,1020.0,5.464811994811326,42.0
0.24814993555642342,nan,3.0,5.276649541889244,3.214157967183698,5.276649541889244,,,4.0,3.050473974756089,linex,1.1719892163512395,OGDVanilla,2.7870933376734293,1020.0,3.050473974756089,42.0
0.9778578575383291,nan,3.0,5.276649541889244,3.214157967183698,5.276649541889244,,,4.0,4.52496384248349,linex,1.3236897734101574,MWUMVanilla,3.543166581508088,1020.0,4.52496384248349,42.0
0.11494355699796865,3.4740389699619905,3.0,5.276649541889244,3.214157967183698,5.276649541889244,,,4.0,3.084459116133039,linex,1.1661221937365611,OGDBoth,2.7620877289580434,1020.0,3.084459116133039,42.0
0.06813032228296254,5.388510304889951,3.0,5.276649541889244,3.214157967183698,5.276649541889244,,,4.0,3.3177634317721347,linex,1.2002430074701682,OGDConcOnly,2.820731850403132,1020.0,3.3177634317721347,42.0
0.09792736747956932,2.3641019450111838,3.0,5.276649541889244,3.214157967183698,5.276649541889244,,,4.0,2.8925505745041917,linex,1.1578417297801138,MWUMBothKL,2.7025712044547423,1020.0,2.8925505745041917,42.0
0.10010636384236787,1.0923757052755863,3.0,5.276649541889244,3.214157967183698,5.276649541889244,,,4.0,2.8722376113862844,linex,1.1454742291235382,MWUMConcOnlyKL,2.629231555908725,1020.0,2.8722376113862844,42.0
0.17648166237185453,nan,3.0,5.276649541889244,3.214157967183698,5.276649541889244,0.4715686274509804,1.0,4.0,3.9012268919952153,linex,1.2516893728530145,RLRuleBandit,3.031742535164908,1020.0,3.9012268919952153,42.0
0.40551864427379164,1.1217867185457024,3.0,5.276649541889244,3.214157967183698,5.276649541889244,0.396078431372549,1.5628921568627452,4.0,3.0965051379986503,linex,1.0767847097076668,RLKappaBandit,2.4036232778763424,1020.0,3.0965051379986503,42.0
0.055555555555555566,nan,14.0,39.06695705598904,6.5435368163890315,39.06695705598904,,,8.0,37.69367958063572,linex,1.5853074765014354,Mean,4.842382495766294,1020.0,37.69367958063572,42.0
nan,nan,14.0,39.06695705598904,6.5435368163890315,39.06695705598904,,,8.0,44.25449295013102,linex,1.4985445329867086,Median,4.588937891864804,1020.0,44.25449295013102,42.0
0.2927029471833348,nan,14.0,39.06695705598904,6.5435368163890315,39.06695705598904,,,8.0,27.460892070075616,linex,1.526657155287187,OGDVanilla,4.828644712093236,1020.0,27.460892070075616,42.0
0.9153022999895968,nan,14.0,39.06695705598904,6.5435368163890315,39.06695705598904,,,8.0,30.45767998168223,linex,1.658886390898493,MWUMVanilla,5.778100289751306,1020.0,30.45767998168223,42.0
0.20548895549543042,1.0259309921989437,14.0,39.06695705598904,6.5435368163890315,39.06695705598904,,,8.0,27.36444147453618,linex,1.5152867369105245,OGDBoth,4.741737520898197,1020.0,27.36444147453618,42.0
0.08874240193569136,3.3452264040167665,14.0,39.06695705598904,6.5435368163890315,39.06695705598904,,,8.0,26.738099975757578,linex,1.4399892546206354,OGDConcOnly,3.9888852597145803,1020.0,26.738099975757578,42.0
0.12137861531263319,2.416440593813377,14.0,39.06695705598904,6.5435368163890315,39.06695705598904,,,8.0,26.720809555738278,linex,1.4144486704341903,MWUMBothKL,4.0429896073890905,1020.0,26.720809555738278,42.0
0.14093111914631465,0.6584348004839554,14.0,39.06695705598904,6.5435368163890315,39.06695705598904,,,8.0,26.775183464832057,linex,1.352580209673582,MWUMConcOnlyKL,3.6426795089029693,1020.0,26.775183464832057,42.0
0.17418291430960323,nan,14.0,39.06695705598904,6.5435368163890315,39.06695705598904,0.29411764705882354,3.0,8.0,39.32578110155769,linex,1.5032264156700244,RLRuleBandit,4.54489139899309,1020.0,39.32578110155769,42.0
0.3043352598375588,0.8447658106953773,14.0,39.06695705598904,6.5435368163890315,39.06695705598904,0.4892156862745098,1.199872549019608,8.0,26.771675869905863,linex,1.2778465085392434,RLKappaBandit,3.326674272439876,1020.0,26.771675869905863,42.0
0.055555555555555566,nan,9.0,0.6828652368133984,0.7702931351883374,0.6828652368133984,,,1.0,0.8007654571572334,linex,0.5623554599812638,Mean,0.7262466188637422,1020.0,0.8007654571572334,43.0
nan,nan,9.0,0.6828652368133984,0.7702931351883374,0.6828652368133984,,,1.0,0.8908730632204963,linex,0.5576721523823254,Median,0.73238768346236,1020.0,0.8908730632204963,43.0
0.13209311612548205,nan,9.0,0.6828652368133984,0.7702931351883374,0.6828652368133984,,,1.0,0.8320873392563596,linex,0.5945649063089056,OGDVanilla,0.7889734268636205,1020.0,0.8320873392563596,43.0
0.0585390719059113,nan,9.0,0.6828652368133984,0.7702931351883374,0.6828652368133984,,,1.0,0.8262524120173437,linex,0.5601925735074705,MWUMVanilla,0.7267496871719284,1020.0,0.8262524120173437,43.0
0.13187229271514428,0.0016689974925281669,9.0,0.6828652368133984,0.7702931351883374,0.6828652368133984,,,1.0,0.8323423857928003,linex,0.5945670498875761,OGDBoth,0.7890527662653667,1020.0,0.8323423857928003,43.0
0.05883086759492863,5.3006135047541045,9.0,0.6828652368133984,0.7702931351883374,0.6828652368133984,,,1.0,0.8661523221352798,linex,0.566066972664484,OGDConcOnly,0.7511657211387002,1020.0,0.8661523221352798,43.0
0.056266434111637884,5.033570138615391,9.0,0.6828652368133984,0.7702931351883374,0.6828652368133984,,,1.0,0.8134660871336363,linex,0.560460223100618,MWUMBothKL,0.7257829038974788,1020.0,0.8134660871336363,43.0
0.05712001277134947,5.219930720215216,9.0,0.6828652368133984,0.7702931351883374,0.6828652368133984,,,1.0,0.8436505341513254,linex,0.5637674320437389,MWUMConcOnlyKL,0.740904733003675,1020.0,0.8436505341513254,43.0
0.0595664002646941,nan,9.0,0.6828652368133984,0.7702931351883374,0.6828652368133984,0.3784313725490196,3.0,1.0,0.8045610728748347,linex,0.566031873211106,RLRuleBandit,0.7358295986328403,1020.0,0.8045610728748347,43.0
0.14024581701996158,1.3080998773308283,9.0,0.6828652368133984,0.7702931351883374,0.6828652368133984,0.5911764705882353,1.891607843137255,1.0,1.038647460514696,linex,0.5928201591543043,RLKappaBandit,0.8322667849125056,1020.0,1.038647460514696,43.0
0.055555555555555566,nan,9.0,4.958525051993281,2.246687801541421,4.958525051993281,,,4.0,7.086807510362571,linex,1.0549370131177653,Mean,2.3021290111027892,1020.0,7.086807510362571,43.0
nan,nan,9.0,4.958525051993281,2.246687801541421,4.958525051993281,,,4.0,7.279676644676594,linex,1.0238714611731292,Median,2.2791771457879006,1020.0,7.279676644676594,43.0
0.23824329686757204,nan,9.0,4.958525051993281,2.246687801541421,4.958525051993281,,,4.0,3.233670699648148,linex,0.9324324912297642,OGDVanilla,1.880733257014788,1020.0,3.233670699648148,43.0
0.9721599467084501,nan,9.0,4.958525051993281,2.246687801541421,4.958525051993281,,,4.0,5.392418835793158,linex,1.1004395452870446,MWUMVanilla,2.5792118970262767,1020.0,5.392418835793158,43.0
0.10119529347132598,3.372844512608816,9.0,4.958525051993281,2.246687801541421,4.958525051993281,,,4.0,3.281011944857322,linex,0.9448629461489084,OGDBoth,1.8983672774399725,1020.0,3.281011944857322,43.0
0.06624807133961808,5.231549649950178,9.0,4.958525051993281,2.246687801541421,4.958525051993281,,,4.0,3.7745074956421862,linex,0.9935483493875171,OGDConcOnly,2.0270993561323154,1020.0,3.7745074956421862,43.0
0.082558964254899,2.295238589363648,9.0,4.958525051993281,2.246687801541421,4.958525051993281,,,4.0,3.52429428429096,linex,0.961122108599518,MWUMBothKL,1.9276655290813096,1020.0,3.52429428429096,43.0
0.08226777261892324,1.0605561723624481,9.0,4.958525051993281,2.246687801541421,4.958525051993281,,,4.0,3.4642659241810296,linex,0.9519262362784009,MWUMConcOnlyKL,1.8916577277096855,1020.0,3.4642659241810296,43.0
0.3096855604173952,nan,9.0,4.958525051993281,2.246687801541421,4.958525051993281,0.29901960784313725,1.0,4.0,6.394790935555886,linex,0.9942754731360361,RLRuleBandit,2.1763041792842523,1020.0,6.394790935555886,43.0
0.2596054689973918,1.291628509543584,9.0,4.958525051993281,2.246687801541421,4.958525051993281,0.6362745098039215,1.9001960784313727,4.0,3.482477578987928,linex,0.9313466080343423,RLKappaBandit,1.798896318019799,1020.0,3.482477578987928,43.0
0.055555555555555566,nan,17.0,9.55312832421462,3.3355325936921436,9.55312832421462,,,8.0,14.41482490510511,linex,1.2776716805894448,Mean,3.334720052941822,1020.0,14.41482490510511,43.0
nan,nan,17.0,9.55312832421462,3.3355325936921436,9.55312832421462,,,8.0,13.93280521579007,linex,1.1983230696480696,Median,3.1132579921684527,1020.0,13.93280521579007,43.0
0.2554103081185235,nan,17.0,9.55312832421462,3.3355325936921436,9.55312832421462,,,8.0,8.642528995320202,linex,1.1487136640267064,OGDVanilla,2.8120992201214006,1020.0,8.642528995320202,43.0
0.9766118168278991,nan,17.0,9.55312832421462,3.3355325936921436,9.55312832421462,,,8.0,10.545749148367236,linex,1.2649141971523237,MWUMVanilla,3.2973065851422287,1020.0,10.545749148367236,43.0
0.17119996500887621,0.9960469121340231,17.0,9.55312832421462,3.3355325936921436,9.55312832421462,,,8.0,8.673079325981218,linex,1.136026580201808,OGDBoth,2.781714622813871,1020.0,8.673079325981218,43.0
0.08037251665391243,3.2477840984315933,17.0,9.55312832421462,3.3355325936921436,9.55312832421462,,,8.0,9.24443371117955,linex,1.1227188509228534,OGDConcOnly,2.597144351149139,1020.0,9.24443371117955,43.0
0.09464737532746859,2.3460526776371626,17.0,9.55312832421462,3.3355325936921436,9.55312832421462,,,8.0,8.478491216849022,linex,1.087060968901624,MWUMBothKL,2.474700969786061,1020.0,8.478491216849022,43.0
0.10772093157744604,0.6392554329240517,17.0,9.55312832421462,3.3355325936921436,9.55312832421462,,,8.0,9.145366851490596,linex,1.0413008367408236,MWUMConcOnlyKL,2.315035314013995,1020.0,9.145366851490596,43.0
0.09941066223602167,nan,17.0,9.55312832421462,3.3355325936921436,9.55312832421462,0.42058823529411765,6.0,8.0,11.439523182798728,linex,1.1808361984791167,RLRuleBandit,2.9960504900477103,1020.0,11.439523182798728,43.0
0.4060366818977343,0.3075083548702424,17.0,9.55312832421462,3.3355325936921436,9.55312832421462,0.31470588235294117,0.4457156862745098,8.0,9.48054181540349,linex,0.976534110536882,RLKappaBandit,2.1229589794292445,1020.0,9.48054181540349,43.0
